// ffx_fsr3upscaler_prepare_inputs_pass_wave64_b1eded381d02f7d2915beeccab5101b4.h.
// Auto generated by FidelityFX-SC.

static const char* g_ffx_fsr3upscaler_prepare_inputs_pass_wave64_b1eded381d02f7d2915beeccab5101b4_CBVResourceNames[] = {  "cbFSR3Upscaler", };
static const uint32_t g_ffx_fsr3upscaler_prepare_inputs_pass_wave64_b1eded381d02f7d2915beeccab5101b4_CBVResourceBindings[] = {  8, };
static const uint32_t g_ffx_fsr3upscaler_prepare_inputs_pass_wave64_b1eded381d02f7d2915beeccab5101b4_CBVResourceCounts[] = {  1, };
static const uint32_t g_ffx_fsr3upscaler_prepare_inputs_pass_wave64_b1eded381d02f7d2915beeccab5101b4_CBVResourceSets[] = {  0, };

static const char* g_ffx_fsr3upscaler_prepare_inputs_pass_wave64_b1eded381d02f7d2915beeccab5101b4_TextureSRVResourceNames[] = {  "r_input_motion_vectors", "r_input_depth", "r_input_color_jittered", };
static const uint32_t g_ffx_fsr3upscaler_prepare_inputs_pass_wave64_b1eded381d02f7d2915beeccab5101b4_TextureSRVResourceBindings[] = {  0, 1, 2, };
static const uint32_t g_ffx_fsr3upscaler_prepare_inputs_pass_wave64_b1eded381d02f7d2915beeccab5101b4_TextureSRVResourceCounts[] = {  1, 1, 1, };
static const uint32_t g_ffx_fsr3upscaler_prepare_inputs_pass_wave64_b1eded381d02f7d2915beeccab5101b4_TextureSRVResourceSets[] = {  0, 0, 0, };

static const char* g_ffx_fsr3upscaler_prepare_inputs_pass_wave64_b1eded381d02f7d2915beeccab5101b4_TextureUAVResourceNames[] = {  "rw_dilated_motion_vectors", "rw_dilated_depth", "rw_reconstructed_previous_nearest_depth", "rw_farthest_depth", "rw_current_luma", };
static const uint32_t g_ffx_fsr3upscaler_prepare_inputs_pass_wave64_b1eded381d02f7d2915beeccab5101b4_TextureUAVResourceBindings[] = {  3, 4, 5, 6, 7, };
static const uint32_t g_ffx_fsr3upscaler_prepare_inputs_pass_wave64_b1eded381d02f7d2915beeccab5101b4_TextureUAVResourceCounts[] = {  1, 1, 1, 1, 1, };
static const uint32_t g_ffx_fsr3upscaler_prepare_inputs_pass_wave64_b1eded381d02f7d2915beeccab5101b4_TextureUAVResourceSets[] = {  0, 0, 0, 0, 0, };

static const uint32_t g_ffx_fsr3upscaler_prepare_inputs_pass_wave64_b1eded381d02f7d2915beeccab5101b4_size = 7396;

static const unsigned char g_ffx_fsr3upscaler_prepare_inputs_pass_wave64_b1eded381d02f7d2915beeccab5101b4_data[] = {
0x03,0x02,0x23,0x07,0x00,0x05,0x01,0x00,0x0b,0x00,0x08,0x00,0x0d,0x05,0x00,0x00,
0x00,0x00,0x00,0x00,0x11,0x00,0x02,0x00,0x01,0x00,0x00,0x00,0x11,0x00,0x02,0x00,
0x31,0x00,0x00,0x00,0x0b,0x00,0x06,0x00,0x01,0x00,0x00,0x00,0x47,0x4c,0x53,0x4c,
0x2e,0x73,0x74,0x64,0x2e,0x34,0x35,0x30,0x00,0x00,0x00,0x00,0x0e,0x00,0x03,0x00,
0x00,0x00,0x00,0x00,0x01,0x00,0x00,0x00,0x0f,0x00,0x0f,0x00,0x05,0x00,0x00,0x00,
0x04,0x00,0x00,0x00,0x6d,0x61,0x69,0x6e,0x00,0x00,0x00,0x00,0xac,0x00,0x00,0x00,
0xcc,0x00,0x00,0x00,0xd4,0x00,0x00,0x00,0xdc,0x00,0x00,0x00,0xed,0x00,0x00,0x00,
0xf2,0x00,0x00,0x00,0xfd,0x00,0x00,0x00,0x06,0x01,0x00,0x00,0x0d,0x01,0x00,0x00,
0x84,0x02,0x00,0x00,0x10,0x00,0x06,0x00,0x04,0x00,0x00,0x00,0x11,0x00,0x00,0x00,
0x08,0x00,0x00,0x00,0x08,0x00,0x00,0x00,0x01,0x00,0x00,0x00,0x03,0x00,0x03,0x00,
0x02,0x00,0x00,0x00,0xc2,0x01,0x00,0x00,0x04,0x00,0x0b,0x00,0x47,0x4c,0x5f,0x45,
0x58,0x54,0x5f,0x73,0x61,0x6d,0x70,0x6c,0x65,0x72,0x6c,0x65,0x73,0x73,0x5f,0x74,
0x65,0x78,0x74,0x75,0x72,0x65,0x5f,0x66,0x75,0x6e,0x63,0x74,0x69,0x6f,0x6e,0x73,
0x00,0x00,0x00,0x00,0x04,0x00,0x0b,0x00,0x47,0x4c,0x5f,0x45,0x58,0x54,0x5f,0x73,
0x68,0x61,0x64,0x65,0x72,0x5f,0x65,0x78,0x70,0x6c,0x69,0x63,0x69,0x74,0x5f,0x61,
0x72,0x69,0x74,0x68,0x6d,0x65,0x74,0x69,0x63,0x5f,0x74,0x79,0x70,0x65,0x73,0x00,
0x04,0x00,0x0a,0x00,0x47,0x4c,0x5f,0x47,0x4f,0x4f,0x47,0x4c,0x45,0x5f,0x63,0x70,
0x70,0x5f,0x73,0x74,0x79,0x6c,0x65,0x5f,0x6c,0x69,0x6e,0x65,0x5f,0x64,0x69,0x72,
0x65,0x63,0x74,0x69,0x76,0x65,0x00,0x00,0x04,0x00,0x08,0x00,0x47,0x4c,0x5f,0x47,
0x4f,0x4f,0x47,0x4c,0x45,0x5f,0x69,0x6e,0x63,0x6c,0x75,0x64,0x65,0x5f,0x64,0x69,
0x72,0x65,0x63,0x74,0x69,0x76,0x65,0x00,0x05,0x00,0x04,0x00,0x04,0x00,0x00,0x00,
0x6d,0x61,0x69,0x6e,0x00,0x00,0x00,0x00,0x05,0x00,0x07,0x00,0xaa,0x00,0x00,0x00,
0x63,0x62,0x46,0x53,0x52,0x33,0x55,0x50,0x53,0x43,0x41,0x4c,0x45,0x52,0x5f,0x74,
0x00,0x00,0x00,0x00,0x06,0x00,0x06,0x00,0xaa,0x00,0x00,0x00,0x00,0x00,0x00,0x00,
0x69,0x52,0x65,0x6e,0x64,0x65,0x72,0x53,0x69,0x7a,0x65,0x00,0x06,0x00,0x0a,0x00,
0xaa,0x00,0x00,0x00,0x01,0x00,0x00,0x00,0x69,0x50,0x72,0x65,0x76,0x69,0x6f,0x75,
0x73,0x46,0x72,0x61,0x6d,0x65,0x52,0x65,0x6e,0x64,0x65,0x72,0x53,0x69,0x7a,0x65,
0x00,0x00,0x00,0x00,0x06,0x00,0x07,0x00,0xaa,0x00,0x00,0x00,0x02,0x00,0x00,0x00,
0x69,0x55,0x70,0x73,0x63,0x61,0x6c,0x65,0x53,0x69,0x7a,0x65,0x00,0x00,0x00,0x00,
0x06,0x00,0x0a,0x00,0xaa,0x00,0x00,0x00,0x03,0x00,0x00,0x00,0x69,0x50,0x72,0x65,
0x76,0x69,0x6f,0x75,0x73,0x46,0x72,0x61,0x6d,0x65,0x55,0x70,0x73,0x63,0x61,0x6c,
0x65,0x53,0x69,0x7a,0x65,0x00,0x00,0x00,0x06,0x00,0x07,0x00,0xaa,0x00,0x00,0x00,
0x04,0x00,0x00,0x00,0x69,0x4d,0x61,0x78,0x52,0x65,0x6e,0x64,0x65,0x72,0x53,0x69,
0x7a,0x65,0x00,0x00,0x06,0x00,0x07,0x00,0xaa,0x00,0x00,0x00,0x05,0x00,0x00,0x00,
0x69,0x4d,0x61,0x78,0x55,0x70,0x73,0x63,0x61,0x6c,0x65,0x53,0x69,0x7a,0x65,0x00,
0x06,0x00,0x08,0x00,0xaa,0x00,0x00,0x00,0x06,0x00,0x00,0x00,0x66,0x44,0x65,0x76,
0x69,0x63,0x65,0x54,0x6f,0x56,0x69,0x65,0x77,0x44,0x65,0x70,0x74,0x68,0x00,0x00,
0x06,0x00,0x05,0x00,0xaa,0x00,0x00,0x00,0x07,0x00,0x00,0x00,0x66,0x4a,0x69,0x74,
0x74,0x65,0x72,0x00,0x06,0x00,0x09,0x00,0xaa,0x00,0x00,0x00,0x08,0x00,0x00,0x00,
0x66,0x50,0x72,0x65,0x76,0x69,0x6f,0x75,0x73,0x46,0x72,0x61,0x6d,0x65,0x4a,0x69,
0x74,0x74,0x65,0x72,0x00,0x00,0x00,0x00,0x06,0x00,0x08,0x00,0xaa,0x00,0x00,0x00,
0x09,0x00,0x00,0x00,0x66,0x4d,0x6f,0x74,0x69,0x6f,0x6e,0x56,0x65,0x63,0x74,0x6f,
0x72,0x53,0x63,0x61,0x6c,0x65,0x00,0x00,0x06,0x00,0x08,0x00,0xaa,0x00,0x00,0x00,
0x0a,0x00,0x00,0x00,0x66,0x44,0x6f,0x77,0x6e,0x73,0x63,0x61,0x6c,0x65,0x46,0x61,
0x63,0x74,0x6f,0x72,0x00,0x00,0x00,0x00,0x06,0x00,0x0b,0x00,0xaa,0x00,0x00,0x00,
0x0b,0x00,0x00,0x00,0x66,0x4d,0x6f,0x74,0x69,0x6f,0x6e,0x56,0x65,0x63,0x74,0x6f,
0x72,0x4a,0x69,0x74,0x74,0x65,0x72,0x43,0x61,0x6e,0x63,0x65,0x6c,0x6c,0x61,0x74,
0x69,0x6f,0x6e,0x00,0x06,0x00,0x06,0x00,0xaa,0x00,0x00,0x00,0x0c,0x00,0x00,0x00,
0x66,0x54,0x61,0x6e,0x48,0x61,0x6c,0x66,0x46,0x4f,0x56,0x00,0x06,0x00,0x09,0x00,
0xaa,0x00,0x00,0x00,0x0d,0x00,0x00,0x00,0x66,0x4a,0x69,0x74,0x74,0x65,0x72,0x53,
0x65,0x71,0x75,0x65,0x6e,0x63,0x65,0x4c,0x65,0x6e,0x67,0x74,0x68,0x00,0x00,0x00,
0x06,0x00,0x06,0x00,0xaa,0x00,0x00,0x00,0x0e,0x00,0x00,0x00,0x66,0x44,0x65,0x6c,
0x74,0x61,0x54,0x69,0x6d,0x65,0x00,0x00,0x06,0x00,0x08,0x00,0xaa,0x00,0x00,0x00,
0x0f,0x00,0x00,0x00,0x66,0x44,0x65,0x6c,0x74,0x61,0x50,0x72,0x65,0x45,0x78,0x70,
0x6f,0x73,0x75,0x72,0x65,0x00,0x00,0x00,0x06,0x00,0x0a,0x00,0xaa,0x00,0x00,0x00,
0x10,0x00,0x00,0x00,0x66,0x56,0x69,0x65,0x77,0x53,0x70,0x61,0x63,0x65,0x54,0x6f,
0x4d,0x65,0x74,0x65,0x72,0x73,0x46,0x61,0x63,0x74,0x6f,0x72,0x00,0x00,0x00,0x00,
0x06,0x00,0x06,0x00,0xaa,0x00,0x00,0x00,0x11,0x00,0x00,0x00,0x66,0x46,0x72,0x61,
0x6d,0x65,0x49,0x6e,0x64,0x65,0x78,0x00,0x06,0x00,0x07,0x00,0xaa,0x00,0x00,0x00,
0x12,0x00,0x00,0x00,0x66,0x56,0x65,0x6c,0x6f,0x63,0x69,0x74,0x79,0x46,0x61,0x63,
0x74,0x6f,0x72,0x00,0x06,0x00,0x08,0x00,0xaa,0x00,0x00,0x00,0x13,0x00,0x00,0x00,
0x66,0x52,0x65,0x61,0x63,0x74,0x69,0x76,0x65,0x6e,0x65,0x73,0x73,0x53,0x63,0x61,
0x6c,0x65,0x00,0x00,0x06,0x00,0x08,0x00,0xaa,0x00,0x00,0x00,0x14,0x00,0x00,0x00,
0x66,0x53,0x68,0x61,0x64,0x69,0x6e,0x67,0x43,0x68,0x61,0x6e,0x67,0x65,0x53,0x63,
0x61,0x6c,0x65,0x00,0x06,0x00,0x0a,0x00,0xaa,0x00,0x00,0x00,0x15,0x00,0x00,0x00,
0x66,0x41,0x63,0x63,0x75,0x6d,0x75,0x6c,0x61,0x74,0x69,0x6f,0x6e,0x41,0x64,0x64,
0x65,0x64,0x50,0x65,0x72,0x46,0x72,0x61,0x6d,0x65,0x00,0x00,0x06,0x00,0x0b,0x00,
0xaa,0x00,0x00,0x00,0x16,0x00,0x00,0x00,0x66,0x4d,0x69,0x6e,0x44,0x69,0x73,0x6f,
0x63,0x63,0x6c,0x75,0x73,0x69,0x6f,0x6e,0x41,0x63,0x63,0x75,0x6d,0x75,0x6c,0x61,
0x74,0x69,0x6f,0x6e,0x00,0x00,0x00,0x00,0x05,0x00,0x06,0x00,0xac,0x00,0x00,0x00,
0x63,0x62,0x46,0x53,0x52,0x33,0x55,0x70,0x73,0x63,0x61,0x6c,0x65,0x72,0x00,0x00,
0x05,0x00,0x06,0x00,0xcc,0x00,0x00,0x00,0x72,0x5f,0x69,0x6e,0x70,0x75,0x74,0x5f,
0x64,0x65,0x70,0x74,0x68,0x00,0x00,0x00,0x05,0x00,0x08,0x00,0xd4,0x00,0x00,0x00,
0x72,0x5f,0x69,0x6e,0x70,0x75,0x74,0x5f,0x63,0x6f,0x6c,0x6f,0x72,0x5f,0x6a,0x69,
0x74,0x74,0x65,0x72,0x65,0x64,0x00,0x00,0x05,0x00,0x08,0x00,0xdc,0x00,0x00,0x00,
0x72,0x5f,0x69,0x6e,0x70,0x75,0x74,0x5f,0x6d,0x6f,0x74,0x69,0x6f,0x6e,0x5f,0x76,
0x65,0x63,0x74,0x6f,0x72,0x73,0x00,0x00,0x05,0x00,0x07,0x00,0xed,0x00,0x00,0x00,
0x72,0x77,0x5f,0x66,0x61,0x72,0x74,0x68,0x65,0x73,0x74,0x5f,0x64,0x65,0x70,0x74,
0x68,0x00,0x00,0x00,0x05,0x00,0x06,0x00,0xf2,0x00,0x00,0x00,0x72,0x77,0x5f,0x63,
0x75,0x72,0x72,0x65,0x6e,0x74,0x5f,0x6c,0x75,0x6d,0x61,0x00,0x05,0x00,0x0c,0x00,
0xfd,0x00,0x00,0x00,0x72,0x77,0x5f,0x72,0x65,0x63,0x6f,0x6e,0x73,0x74,0x72,0x75,
0x63,0x74,0x65,0x64,0x5f,0x70,0x72,0x65,0x76,0x69,0x6f,0x75,0x73,0x5f,0x6e,0x65,
0x61,0x72,0x65,0x73,0x74,0x5f,0x64,0x65,0x70,0x74,0x68,0x00,0x05,0x00,0x07,0x00,
0x06,0x01,0x00,0x00,0x72,0x77,0x5f,0x64,0x69,0x6c,0x61,0x74,0x65,0x64,0x5f,0x64,
0x65,0x70,0x74,0x68,0x00,0x00,0x00,0x00,0x05,0x00,0x09,0x00,0x0d,0x01,0x00,0x00,
0x72,0x77,0x5f,0x64,0x69,0x6c,0x61,0x74,0x65,0x64,0x5f,0x6d,0x6f,0x74,0x69,0x6f,
0x6e,0x5f,0x76,0x65,0x63,0x74,0x6f,0x72,0x73,0x00,0x00,0x00,0x05,0x00,0x08,0x00,
0x84,0x02,0x00,0x00,0x67,0x6c,0x5f,0x47,0x6c,0x6f,0x62,0x61,0x6c,0x49,0x6e,0x76,
0x6f,0x63,0x61,0x74,0x69,0x6f,0x6e,0x49,0x44,0x00,0x00,0x00,0x48,0x00,0x05,0x00,
0xaa,0x00,0x00,0x00,0x00,0x00,0x00,0x00,0x23,0x00,0x00,0x00,0x00,0x00,0x00,0x00,
0x48,0x00,0x05,0x00,0xaa,0x00,0x00,0x00,0x01,0x00,0x00,0x00,0x23,0x00,0x00,0x00,
0x08,0x00,0x00,0x00,0x48,0x00,0x05,0x00,0xaa,0x00,0x00,0x00,0x02,0x00,0x00,0x00,
0x23,0x00,0x00,0x00,0x10,0x00,0x00,0x00,0x48,0x00,0x05,0x00,0xaa,0x00,0x00,0x00,
0x03,0x00,0x00,0x00,0x23,0x00,0x00,0x00,0x18,0x00,0x00,0x00,0x48,0x00,0x05,0x00,
0xaa,0x00,0x00,0x00,0x04,0x00,0x00,0x00,0x23,0x00,0x00,0x00,0x20,0x00,0x00,0x00,
0x48,0x00,0x05,0x00,0xaa,0x00,0x00,0x00,0x05,0x00,0x00,0x00,0x23,0x00,0x00,0x00,
0x28,0x00,0x00,0x00,0x48,0x00,0x05,0x00,0xaa,0x00,0x00,0x00,0x06,0x00,0x00,0x00,
0x23,0x00,0x00,0x00,0x30,0x00,0x00,0x00,0x48,0x00,0x05,0x00,0xaa,0x00,0x00,0x00,
0x07,0x00,0x00,0x00,0x23,0x00,0x00,0x00,0x40,0x00,0x00,0x00,0x48,0x00,0x05,0x00,
0xaa,0x00,0x00,0x00,0x08,0x00,0x00,0x00,0x23,0x00,0x00,0x00,0x48,0x00,0x00,0x00,
0x48,0x00,0x05,0x00,0xaa,0x00,0x00,0x00,0x09,0x00,0x00,0x00,0x23,0x00,0x00,0x00,
0x50,0x00,0x00,0x00,0x48,0x00,0x05,0x00,0xaa,0x00,0x00,0x00,0x0a,0x00,0x00,0x00,
0x23,0x00,0x00,0x00,0x58,0x00,0x00,0x00,0x48,0x00,0x05,0x00,0xaa,0x00,0x00,0x00,
0x0b,0x00,0x00,0x00,0x23,0x00,0x00,0x00,0x60,0x00,0x00,0x00,0x48,0x00,0x05,0x00,
0xaa,0x00,0x00,0x00,0x0c,0x00,0x00,0x00,0x23,0x00,0x00,0x00,0x68,0x00,0x00,0x00,
0x48,0x00,0x05,0x00,0xaa,0x00,0x00,0x00,0x0d,0x00,0x00,0x00,0x23,0x00,0x00,0x00,
0x6c,0x00,0x00,0x00,0x48,0x00,0x05,0x00,0xaa,0x00,0x00,0x00,0x0e,0x00,0x00,0x00,
0x23,0x00,0x00,0x00,0x70,0x00,0x00,0x00,0x48,0x00,0x05,0x00,0xaa,0x00,0x00,0x00,
0x0f,0x00,0x00,0x00,0x23,0x00,0x00,0x00,0x74,0x00,0x00,0x00,0x48,0x00,0x05,0x00,
0xaa,0x00,0x00,0x00,0x10,0x00,0x00,0x00,0x23,0x00,0x00,0x00,0x78,0x00,0x00,0x00,
0x48,0x00,0x05,0x00,0xaa,0x00,0x00,0x00,0x11,0x00,0x00,0x00,0x23,0x00,0x00,0x00,
0x7c,0x00,0x00,0x00,0x48,0x00,0x05,0x00,0xaa,0x00,0x00,0x00,0x12,0x00,0x00,0x00,
0x23,0x00,0x00,0x00,0x80,0x00,0x00,0x00,0x48,0x00,0x05,0x00,0xaa,0x00,0x00,0x00,
0x13,0x00,0x00,0x00,0x23,0x00,0x00,0x00,0x84,0x00,0x00,0x00,0x48,0x00,0x05,0x00,
0xaa,0x00,0x00,0x00,0x14,0x00,0x00,0x00,0x23,0x00,0x00,0x00,0x88,0x00,0x00,0x00,
0x48,0x00,0x05,0x00,0xaa,0x00,0x00,0x00,0x15,0x00,0x00,0x00,0x23,0x00,0x00,0x00,
0x8c,0x00,0x00,0x00,0x48,0x00,0x05,0x00,0xaa,0x00,0x00,0x00,0x16,0x00,0x00,0x00,
0x23,0x00,0x00,0x00,0x90,0x00,0x00,0x00,0x47,0x00,0x03,0x00,0xaa,0x00,0x00,0x00,
0x02,0x00,0x00,0x00,0x47,0x00,0x04,0x00,0xac,0x00,0x00,0x00,0x22,0x00,0x00,0x00,
0x00,0x00,0x00,0x00,0x47,0x00,0x04,0x00,0xac,0x00,0x00,0x00,0x21,0x00,0x00,0x00,
0x08,0x00,0x00,0x00,0x47,0x00,0x04,0x00,0xcc,0x00,0x00,0x00,0x22,0x00,0x00,0x00,
0x00,0x00,0x00,0x00,0x47,0x00,0x04,0x00,0xcc,0x00,0x00,0x00,0x21,0x00,0x00,0x00,
0x01,0x00,0x00,0x00,0x47,0x00,0x04,0x00,0xd4,0x00,0x00,0x00,0x22,0x00,0x00,0x00,
0x00,0x00,0x00,0x00,0x47,0x00,0x04,0x00,0xd4,0x00,0x00,0x00,0x21,0x00,0x00,0x00,
0x02,0x00,0x00,0x00,0x47,0x00,0x04,0x00,0xdc,0x00,0x00,0x00,0x22,0x00,0x00,0x00,
0x00,0x00,0x00,0x00,0x47,0x00,0x04,0x00,0xdc,0x00,0x00,0x00,0x21,0x00,0x00,0x00,
0x00,0x00,0x00,0x00,0x47,0x00,0x04,0x00,0xed,0x00,0x00,0x00,0x22,0x00,0x00,0x00,
0x00,0x00,0x00,0x00,0x47,0x00,0x04,0x00,0xed,0x00,0x00,0x00,0x21,0x00,0x00,0x00,
0x06,0x00,0x00,0x00,0x47,0x00,0x04,0x00,0xf2,0x00,0x00,0x00,0x22,0x00,0x00,0x00,
0x00,0x00,0x00,0x00,0x47,0x00,0x04,0x00,0xf2,0x00,0x00,0x00,0x21,0x00,0x00,0x00,
0x07,0x00,0x00,0x00,0x47,0x00,0x04,0x00,0xfd,0x00,0x00,0x00,0x22,0x00,0x00,0x00,
0x00,0x00,0x00,0x00,0x47,0x00,0x04,0x00,0xfd,0x00,0x00,0x00,0x21,0x00,0x00,0x00,
0x05,0x00,0x00,0x00,0x47,0x00,0x04,0x00,0x06,0x01,0x00,0x00,0x22,0x00,0x00,0x00,
0x00,0x00,0x00,0x00,0x47,0x00,0x04,0x00,0x06,0x01,0x00,0x00,0x21,0x00,0x00,0x00,
0x04,0x00,0x00,0x00,0x47,0x00,0x03,0x00,0x06,0x01,0x00,0x00,0x19,0x00,0x00,0x00,
0x47,0x00,0x04,0x00,0x0d,0x01,0x00,0x00,0x22,0x00,0x00,0x00,0x00,0x00,0x00,0x00,
0x47,0x00,0x04,0x00,0x0d,0x01,0x00,0x00,0x21,0x00,0x00,0x00,0x03,0x00,0x00,0x00,
0x47,0x00,0x03,0x00,0x0d,0x01,0x00,0x00,0x19,0x00,0x00,0x00,0x47,0x00,0x04,0x00,
0x84,0x02,0x00,0x00,0x0b,0x00,0x00,0x00,0x1c,0x00,0x00,0x00,0x47,0x00,0x04,0x00,
0x98,0x02,0x00,0x00,0x0b,0x00,0x00,0x00,0x19,0x00,0x00,0x00,0x47,0x00,0x03,0x00,
0xce,0x02,0x00,0x00,0x18,0x00,0x00,0x00,0x47,0x00,0x03,0x00,0xd3,0x02,0x00,0x00,
0x18,0x00,0x00,0x00,0x13,0x00,0x02,0x00,0x02,0x00,0x00,0x00,0x21,0x00,0x03,0x00,
0x03,0x00,0x00,0x00,0x02,0x00,0x00,0x00,0x16,0x00,0x03,0x00,0x06,0x00,0x00,0x00,
0x20,0x00,0x00,0x00,0x20,0x00,0x04,0x00,0x07,0x00,0x00,0x00,0x07,0x00,0x00,0x00,
0x06,0x00,0x00,0x00,0x17,0x00,0x04,0x00,0x12,0x00,0x00,0x00,0x06,0x00,0x00,0x00,
0x02,0x00,0x00,0x00,0x17,0x00,0x04,0x00,0x1d,0x00,0x00,0x00,0x06,0x00,0x00,0x00,
0x03,0x00,0x00,0x00,0x15,0x00,0x04,0x00,0x24,0x00,0x00,0x00,0x20,0x00,0x00,0x00,
0x01,0x00,0x00,0x00,0x17,0x00,0x04,0x00,0x25,0x00,0x00,0x00,0x24,0x00,0x00,0x00,
0x02,0x00,0x00,0x00,0x17,0x00,0x04,0x00,0x29,0x00,0x00,0x00,0x06,0x00,0x00,0x00,
0x04,0x00,0x00,0x00,0x20,0x00,0x04,0x00,0x35,0x00,0x00,0x00,0x07,0x00,0x00,0x00,
0x25,0x00,0x00,0x00,0x14,0x00,0x02,0x00,0x63,0x00,0x00,0x00,0x15,0x00,0x04,0x00,
0x6f,0x00,0x00,0x00,0x20,0x00,0x00,0x00,0x00,0x00,0x00,0x00,0x2b,0x00,0x04,0x00,
0x6f,0x00,0x00,0x00,0x70,0x00,0x00,0x00,0x04,0x00,0x00,0x00,0x1c,0x00,0x04,0x00,
0x71,0x00,0x00,0x00,0x25,0x00,0x00,0x00,0x70,0x00,0x00,0x00,0x1c,0x00,0x04,0x00,
0x72,0x00,0x00,0x00,0x06,0x00,0x00,0x00,0x70,0x00,0x00,0x00,0x2b,0x00,0x04,0x00,
0x06,0x00,0x00,0x00,0x97,0x00,0x00,0x00,0x00,0x00,0x00,0x00,0x2b,0x00,0x04,0x00,
0x06,0x00,0x00,0x00,0x98,0x00,0x00,0x00,0x00,0x00,0x80,0x3f,0x1e,0x00,0x19,0x00,
0xaa,0x00,0x00,0x00,0x25,0x00,0x00,0x00,0x25,0x00,0x00,0x00,0x25,0x00,0x00,0x00,
0x25,0x00,0x00,0x00,0x25,0x00,0x00,0x00,0x25,0x00,0x00,0x00,0x29,0x00,0x00,0x00,
0x12,0x00,0x00,0x00,0x12,0x00,0x00,0x00,0x12,0x00,0x00,0x00,0x12,0x00,0x00,0x00,
0x12,0x00,0x00,0x00,0x06,0x00,0x00,0x00,0x06,0x00,0x00,0x00,0x06,0x00,0x00,0x00,
0x06,0x00,0x00,0x00,0x06,0x00,0x00,0x00,0x06,0x00,0x00,0x00,0x06,0x00,0x00,0x00,
0x06,0x00,0x00,0x00,0x06,0x00,0x00,0x00,0x06,0x00,0x00,0x00,0x06,0x00,0x00,0x00,
0x20,0x00,0x04,0x00,0xab,0x00,0x00,0x00,0x02,0x00,0x00,0x00,0xaa,0x00,0x00,0x00,
0x3b,0x00,0x04,0x00,0xab,0x00,0x00,0x00,0xac,0x00,0x00,0x00,0x02,0x00,0x00,0x00,
0x2b,0x00,0x04,0x00,0x24,0x00,0x00,0x00,0xad,0x00,0x00,0x00,0x00,0x00,0x00,0x00,
0x20,0x00,0x04,0x00,0xae,0x00,0x00,0x00,0x02,0x00,0x00,0x00,0x25,0x00,0x00,0x00,
0x2b,0x00,0x04,0x00,0x24,0x00,0x00,0x00,0xb3,0x00,0x00,0x00,0x06,0x00,0x00,0x00,
0x20,0x00,0x04,0x00,0xb4,0x00,0x00,0x00,0x02,0x00,0x00,0x00,0x29,0x00,0x00,0x00,
0x2b,0x00,0x04,0x00,0x24,0x00,0x00,0x00,0xb9,0x00,0x00,0x00,0x09,0x00,0x00,0x00,
0x20,0x00,0x04,0x00,0xba,0x00,0x00,0x00,0x02,0x00,0x00,0x00,0x12,0x00,0x00,0x00,
0x2b,0x00,0x04,0x00,0x24,0x00,0x00,0x00,0xbf,0x00,0x00,0x00,0x0b,0x00,0x00,0x00,
0x2b,0x00,0x04,0x00,0x24,0x00,0x00,0x00,0xc4,0x00,0x00,0x00,0x10,0x00,0x00,0x00,
0x20,0x00,0x04,0x00,0xc5,0x00,0x00,0x00,0x02,0x00,0x00,0x00,0x06,0x00,0x00,0x00,
0x19,0x00,0x09,0x00,0xca,0x00,0x00,0x00,0x06,0x00,0x00,0x00,0x01,0x00,0x00,0x00,
0x00,0x00,0x00,0x00,0x00,0x00,0x00,0x00,0x00,0x00,0x00,0x00,0x01,0x00,0x00,0x00,
0x00,0x00,0x00,0x00,0x20,0x00,0x04,0x00,0xcb,0x00,0x00,0x00,0x00,0x00,0x00,0x00,
0xca,0x00,0x00,0x00,0x3b,0x00,0x04,0x00,0xcb,0x00,0x00,0x00,0xcc,0x00,0x00,0x00,
0x00,0x00,0x00,0x00,0x2b,0x00,0x04,0x00,0x6f,0x00,0x00,0x00,0xd0,0x00,0x00,0x00,
0x00,0x00,0x00,0x00,0x3b,0x00,0x04,0x00,0xcb,0x00,0x00,0x00,0xd4,0x00,0x00,0x00,
0x00,0x00,0x00,0x00,0x3b,0x00,0x04,0x00,0xcb,0x00,0x00,0x00,0xdc,0x00,0x00,0x00,
0x00,0x00,0x00,0x00,0x19,0x00,0x09,0x00,0xeb,0x00,0x00,0x00,0x06,0x00,0x00,0x00,
0x01,0x00,0x00,0x00,0x00,0x00,0x00,0x00,0x00,0x00,0x00,0x00,0x00,0x00,0x00,0x00,
0x02,0x00,0x00,0x00,0x09,0x00,0x00,0x00,0x20,0x00,0x04,0x00,0xec,0x00,0x00,0x00,
0x00,0x00,0x00,0x00,0xeb,0x00,0x00,0x00,0x3b,0x00,0x04,0x00,0xec,0x00,0x00,0x00,
0xed,0x00,0x00,0x00,0x00,0x00,0x00,0x00,0x3b,0x00,0x04,0x00,0xec,0x00,0x00,0x00,
0xf2,0x00,0x00,0x00,0x00,0x00,0x00,0x00,0x19,0x00,0x09,0x00,0xfb,0x00,0x00,0x00,
0x6f,0x00,0x00,0x00,0x01,0x00,0x00,0x00,0x00,0x00,0x00,0x00,0x00,0x00,0x00,0x00,
0x00,0x00,0x00,0x00,0x02,0x00,0x00,0x00,0x21,0x00,0x00,0x00,0x20,0x00,0x04,0x00,
0xfc,0x00,0x00,0x00,0x00,0x00,0x00,0x00,0xfb,0x00,0x00,0x00,0x3b,0x00,0x04,0x00,
0xfc,0x00,0x00,0x00,0xfd,0x00,0x00,0x00,0x00,0x00,0x00,0x00,0x20,0x00,0x04,0x00,
0x00,0x01,0x00,0x00,0x0b,0x00,0x00,0x00,0x6f,0x00,0x00,0x00,0x2b,0x00,0x04,0x00,
0x6f,0x00,0x00,0x00,0x02,0x01,0x00,0x00,0x01,0x00,0x00,0x00,0x19,0x00,0x09,0x00,
0x04,0x01,0x00,0x00,0x06,0x00,0x00,0x00,0x01,0x00,0x00,0x00,0x00,0x00,0x00,0x00,
0x00,0x00,0x00,0x00,0x00,0x00,0x00,0x00,0x02,0x00,0x00,0x00,0x03,0x00,0x00,0x00,
0x20,0x00,0x04,0x00,0x05,0x01,0x00,0x00,0x00,0x00,0x00,0x00,0x04,0x01,0x00,0x00,
0x3b,0x00,0x04,0x00,0x05,0x01,0x00,0x00,0x06,0x01,0x00,0x00,0x00,0x00,0x00,0x00,
0x19,0x00,0x09,0x00,0x0b,0x01,0x00,0x00,0x06,0x00,0x00,0x00,0x01,0x00,0x00,0x00,
0x00,0x00,0x00,0x00,0x00,0x00,0x00,0x00,0x00,0x00,0x00,0x00,0x02,0x00,0x00,0x00,
0x07,0x00,0x00,0x00,0x20,0x00,0x04,0x00,0x0c,0x01,0x00,0x00,0x00,0x00,0x00,0x00,
0x0b,0x01,0x00,0x00,0x3b,0x00,0x04,0x00,0x0c,0x01,0x00,0x00,0x0d,0x01,0x00,0x00,
0x00,0x00,0x00,0x00,0x2b,0x00,0x04,0x00,0x06,0x00,0x00,0x00,0x14,0x01,0x00,0x00,
0x00,0x00,0x80,0x3e,0x2b,0x00,0x04,0x00,0x06,0x00,0x00,0x00,0x15,0x01,0x00,0x00,
0x00,0x00,0x40,0x3f,0x2b,0x00,0x04,0x00,0x06,0x00,0x00,0x00,0x22,0x01,0x00,0x00,
0x00,0x00,0x70,0x45,0x2b,0x00,0x04,0x00,0x06,0x00,0x00,0x00,0x23,0x01,0x00,0x00,
0x00,0x00,0x07,0x45,0x2c,0x00,0x05,0x00,0x12,0x00,0x00,0x00,0x24,0x01,0x00,0x00,
0x22,0x01,0x00,0x00,0x23,0x01,0x00,0x00,0x2b,0x00,0x04,0x00,0x06,0x00,0x00,0x00,
0x2a,0x01,0x00,0x00,0xd0,0xb3,0x59,0x3e,0x2b,0x00,0x04,0x00,0x06,0x00,0x00,0x00,
0x2b,0x01,0x00,0x00,0x59,0x17,0x37,0x3f,0x2b,0x00,0x04,0x00,0x06,0x00,0x00,0x00,
0x2c,0x01,0x00,0x00,0x98,0xdd,0x93,0x3d,0x2c,0x00,0x06,0x00,0x1d,0x00,0x00,0x00,
0x2d,0x01,0x00,0x00,0x2a,0x01,0x00,0x00,0x2b,0x01,0x00,0x00,0x2c,0x01,0x00,0x00,
0x17,0x00,0x04,0x00,0x32,0x01,0x00,0x00,0x6f,0x00,0x00,0x00,0x02,0x00,0x00,0x00,
0x17,0x00,0x04,0x00,0x36,0x01,0x00,0x00,0x63,0x00,0x00,0x00,0x02,0x00,0x00,0x00,
0x2b,0x00,0x04,0x00,0x06,0x00,0x00,0x00,0x53,0x01,0x00,0x00,0x00,0x00,0x00,0x3f,
0x2c,0x00,0x05,0x00,0x12,0x00,0x00,0x00,0x54,0x01,0x00,0x00,0x53,0x01,0x00,0x00,
0x53,0x01,0x00,0x00,0x2c,0x00,0x05,0x00,0x25,0x00,0x00,0x00,0x61,0x01,0x00,0x00,
0xad,0x00,0x00,0x00,0xad,0x00,0x00,0x00,0x2b,0x00,0x04,0x00,0x24,0x00,0x00,0x00,
0x63,0x01,0x00,0x00,0x01,0x00,0x00,0x00,0x2c,0x00,0x05,0x00,0x25,0x00,0x00,0x00,
0x64,0x01,0x00,0x00,0x63,0x01,0x00,0x00,0xad,0x00,0x00,0x00,0x2c,0x00,0x05,0x00,
0x25,0x00,0x00,0x00,0x66,0x01,0x00,0x00,0xad,0x00,0x00,0x00,0x63,0x01,0x00,0x00,
0x2c,0x00,0x05,0x00,0x25,0x00,0x00,0x00,0x69,0x01,0x00,0x00,0x63,0x01,0x00,0x00,
0x63,0x01,0x00,0x00,0x2b,0x00,0x04,0x00,0x06,0x00,0x00,0x00,0x8e,0x01,0x00,0x00,
0x00,0xe0,0x7f,0x47,0x2b,0x00,0x04,0x00,0x24,0x00,0x00,0x00,0xb8,0x01,0x00,0x00,
0x04,0x00,0x00,0x00,0x2b,0x00,0x04,0x00,0x06,0x00,0x00,0x00,0xc3,0x01,0x00,0x00,
0x68,0xe8,0x1f,0x3a,0x2b,0x00,0x04,0x00,0x6f,0x00,0x00,0x00,0xe4,0x01,0x00,0x00,
0x09,0x00,0x00,0x00,0x1c,0x00,0x04,0x00,0xe5,0x01,0x00,0x00,0x25,0x00,0x00,0x00,
0xe4,0x01,0x00,0x00,0x2b,0x00,0x04,0x00,0x24,0x00,0x00,0x00,0xe6,0x01,0x00,0x00,
0xff,0xff,0xff,0xff,0x2c,0x00,0x05,0x00,0x25,0x00,0x00,0x00,0xe7,0x01,0x00,0x00,
0xad,0x00,0x00,0x00,0xe6,0x01,0x00,0x00,0x2c,0x00,0x05,0x00,0x25,0x00,0x00,0x00,
0xe8,0x01,0x00,0x00,0xe6,0x01,0x00,0x00,0xad,0x00,0x00,0x00,0x2c,0x00,0x05,0x00,
0x25,0x00,0x00,0x00,0xe9,0x01,0x00,0x00,0xe6,0x01,0x00,0x00,0x63,0x01,0x00,0x00,
0x2c,0x00,0x05,0x00,0x25,0x00,0x00,0x00,0xea,0x01,0x00,0x00,0xe6,0x01,0x00,0x00,
0xe6,0x01,0x00,0x00,0x2c,0x00,0x05,0x00,0x25,0x00,0x00,0x00,0xeb,0x01,0x00,0x00,
0x63,0x01,0x00,0x00,0xe6,0x01,0x00,0x00,0x2c,0x00,0x0c,0x00,0xe5,0x01,0x00,0x00,
0xec,0x01,0x00,0x00,0x61,0x01,0x00,0x00,0x64,0x01,0x00,0x00,0x66,0x01,0x00,0x00,
0xe7,0x01,0x00,0x00,0xe8,0x01,0x00,0x00,0xe9,0x01,0x00,0x00,0x69,0x01,0x00,0x00,
0xea,0x01,0x00,0x00,0xeb,0x01,0x00,0x00,0x20,0x00,0x04,0x00,0xee,0x01,0x00,0x00,
0x07,0x00,0x00,0x00,0xe5,0x01,0x00,0x00,0x1c,0x00,0x04,0x00,0xf3,0x01,0x00,0x00,
0x06,0x00,0x00,0x00,0xe4,0x01,0x00,0x00,0x20,0x00,0x04,0x00,0xf4,0x01,0x00,0x00,
0x07,0x00,0x00,0x00,0xf3,0x01,0x00,0x00,0x2c,0x00,0x06,0x00,0x1d,0x00,0x00,0x00,
0x42,0x02,0x00,0x00,0x97,0x00,0x00,0x00,0x97,0x00,0x00,0x00,0x97,0x00,0x00,0x00,
0x17,0x00,0x04,0x00,0x82,0x02,0x00,0x00,0x6f,0x00,0x00,0x00,0x03,0x00,0x00,0x00,
0x20,0x00,0x04,0x00,0x83,0x02,0x00,0x00,0x01,0x00,0x00,0x00,0x82,0x02,0x00,0x00,
0x3b,0x00,0x04,0x00,0x83,0x02,0x00,0x00,0x84,0x02,0x00,0x00,0x01,0x00,0x00,0x00,
0x2b,0x00,0x04,0x00,0x6f,0x00,0x00,0x00,0x97,0x02,0x00,0x00,0x08,0x00,0x00,0x00,
0x2c,0x00,0x06,0x00,0x82,0x02,0x00,0x00,0x98,0x02,0x00,0x00,0x97,0x02,0x00,0x00,
0x97,0x02,0x00,0x00,0x02,0x01,0x00,0x00,0x20,0x00,0x04,0x00,0x7e,0x04,0x00,0x00,
0x07,0x00,0x00,0x00,0x71,0x00,0x00,0x00,0x20,0x00,0x04,0x00,0x80,0x04,0x00,0x00,
0x07,0x00,0x00,0x00,0x72,0x00,0x00,0x00,0x2b,0x00,0x04,0x00,0x06,0x00,0x00,0x00,
0xf5,0x04,0x00,0x00,0x0a,0xd7,0x23,0x3c,0x2c,0x00,0x07,0x00,0x71,0x00,0x00,0x00,
0xf7,0x04,0x00,0x00,0x61,0x01,0x00,0x00,0x64,0x01,0x00,0x00,0x66,0x01,0x00,0x00,
0x69,0x01,0x00,0x00,0x2b,0x00,0x04,0x00,0x06,0x00,0x00,0x00,0xf8,0x04,0x00,0x00,
0x00,0x00,0x00,0xbf,0x2c,0x00,0x05,0x00,0x12,0x00,0x00,0x00,0xf9,0x04,0x00,0x00,
0xf8,0x04,0x00,0x00,0xf8,0x04,0x00,0x00,0x36,0x00,0x05,0x00,0x02,0x00,0x00,0x00,
0x04,0x00,0x00,0x00,0x00,0x00,0x00,0x00,0x03,0x00,0x00,0x00,0xf8,0x00,0x02,0x00,
0x05,0x00,0x00,0x00,0x3b,0x00,0x04,0x00,0x80,0x04,0x00,0x00,0x9a,0x04,0x00,0x00,
0x07,0x00,0x00,0x00,0x3b,0x00,0x04,0x00,0x7e,0x04,0x00,0x00,0x99,0x04,0x00,0x00,
0x07,0x00,0x00,0x00,0x3b,0x00,0x05,0x00,0xee,0x01,0x00,0x00,0xce,0x02,0x00,0x00,
0x07,0x00,0x00,0x00,0xec,0x01,0x00,0x00,0x3b,0x00,0x04,0x00,0xf4,0x01,0x00,0x00,
0xcf,0x02,0x00,0x00,0x07,0x00,0x00,0x00,0x3b,0x00,0x05,0x00,0xee,0x01,0x00,0x00,
0xd3,0x02,0x00,0x00,0x07,0x00,0x00,0x00,0xec,0x01,0x00,0x00,0x3d,0x00,0x04,0x00,
0x82,0x02,0x00,0x00,0x85,0x02,0x00,0x00,0x84,0x02,0x00,0x00,0x4f,0x00,0x07,0x00,
0x32,0x01,0x00,0x00,0x86,0x02,0x00,0x00,0x85,0x02,0x00,0x00,0x85,0x02,0x00,0x00,
0x00,0x00,0x00,0x00,0x01,0x00,0x00,0x00,0x7c,0x00,0x04,0x00,0x25,0x00,0x00,0x00,
0x87,0x02,0x00,0x00,0x86,0x02,0x00,0x00,0x3e,0x00,0x03,0x00,0xce,0x02,0x00,0x00,
0xec,0x01,0x00,0x00,0x3e,0x00,0x03,0x00,0xd3,0x02,0x00,0x00,0xec,0x01,0x00,0x00,
0xf9,0x00,0x02,0x00,0xdb,0x02,0x00,0x00,0xf8,0x00,0x02,0x00,0xdb,0x02,0x00,0x00,
0xf5,0x00,0x07,0x00,0x24,0x00,0x00,0x00,0xfa,0x04,0x00,0x00,0xad,0x00,0x00,0x00,
0x05,0x00,0x00,0x00,0xeb,0x02,0x00,0x00,0xdf,0x02,0x00,0x00,0xb1,0x00,0x05,0x00,
0x63,0x00,0x00,0x00,0xde,0x02,0x00,0x00,0xfa,0x04,0x00,0x00,0xb9,0x00,0x00,0x00,
0xf6,0x00,0x04,0x00,0xec,0x02,0x00,0x00,0xdf,0x02,0x00,0x00,0x00,0x00,0x00,0x00,
0xfa,0x00,0x04,0x00,0xde,0x02,0x00,0x00,0xdf,0x02,0x00,0x00,0xec,0x02,0x00,0x00,
0xf8,0x00,0x02,0x00,0xdf,0x02,0x00,0x00,0x41,0x00,0x05,0x00,0x35,0x00,0x00,0x00,
0xe2,0x02,0x00,0x00,0xce,0x02,0x00,0x00,0xfa,0x04,0x00,0x00,0x3d,0x00,0x04,0x00,
0x25,0x00,0x00,0x00,0xe3,0x02,0x00,0x00,0xe2,0x02,0x00,0x00,0x80,0x00,0x05,0x00,
0x25,0x00,0x00,0x00,0xe4,0x02,0x00,0x00,0x87,0x02,0x00,0x00,0xe3,0x02,0x00,0x00,
0x3d,0x00,0x04,0x00,0xca,0x00,0x00,0x00,0x1d,0x03,0x00,0x00,0xcc,0x00,0x00,0x00,
0x5f,0x00,0x07,0x00,0x29,0x00,0x00,0x00,0x1f,0x03,0x00,0x00,0x1d,0x03,0x00,0x00,
0xe4,0x02,0x00,0x00,0x02,0x00,0x00,0x00,0xad,0x00,0x00,0x00,0x51,0x00,0x05,0x00,
0x06,0x00,0x00,0x00,0x20,0x03,0x00,0x00,0x1f,0x03,0x00,0x00,0x00,0x00,0x00,0x00,
0x41,0x00,0x05,0x00,0x07,0x00,0x00,0x00,0xe8,0x02,0x00,0x00,0xcf,0x02,0x00,0x00,
0xfa,0x04,0x00,0x00,0x3e,0x00,0x03,0x00,0xe8,0x02,0x00,0x00,0x20,0x03,0x00,0x00,
0x80,0x00,0x05,0x00,0x24,0x00,0x00,0x00,0xeb,0x02,0x00,0x00,0xfa,0x04,0x00,0x00,
0x63,0x01,0x00,0x00,0xf9,0x00,0x02,0x00,0xdb,0x02,0x00,0x00,0xf8,0x00,0x02,0x00,
0xec,0x02,0x00,0x00,0x41,0x00,0x05,0x00,0x07,0x00,0x00,0x00,0xef,0x02,0x00,0x00,
0xcf,0x02,0x00,0x00,0xad,0x00,0x00,0x00,0x3d,0x00,0x04,0x00,0x06,0x00,0x00,0x00,
0xf0,0x02,0x00,0x00,0xef,0x02,0x00,0x00,0x3d,0x00,0x04,0x00,0x06,0x00,0x00,0x00,
0xf3,0x02,0x00,0x00,0xef,0x02,0x00,0x00,0xf9,0x00,0x02,0x00,0xf5,0x02,0x00,0x00,
0xf8,0x00,0x02,0x00,0xf5,0x02,0x00,0x00,0xf5,0x00,0x07,0x00,0x06,0x00,0x00,0x00,
0xfe,0x04,0x00,0x00,0xf0,0x02,0x00,0x00,0xec,0x02,0x00,0x00,0x08,0x05,0x00,0x00,
0x16,0x03,0x00,0x00,0xf5,0x00,0x07,0x00,0x25,0x00,0x00,0x00,0xfd,0x04,0x00,0x00,
0x87,0x02,0x00,0x00,0xec,0x02,0x00,0x00,0x06,0x05,0x00,0x00,0x16,0x03,0x00,0x00,
0xf5,0x00,0x07,0x00,0x06,0x00,0x00,0x00,0xfc,0x04,0x00,0x00,0xf3,0x02,0x00,0x00,
0xec,0x02,0x00,0x00,0x04,0x05,0x00,0x00,0x16,0x03,0x00,0x00,0xf5,0x00,0x07,0x00,
0x24,0x00,0x00,0x00,0xfb,0x04,0x00,0x00,0x63,0x01,0x00,0x00,0xec,0x02,0x00,0x00,
0x18,0x03,0x00,0x00,0x16,0x03,0x00,0x00,0xb1,0x00,0x05,0x00,0x63,0x00,0x00,0x00,
0xf8,0x02,0x00,0x00,0xfb,0x04,0x00,0x00,0xb9,0x00,0x00,0x00,0xf6,0x00,0x04,0x00,
0x19,0x03,0x00,0x00,0x16,0x03,0x00,0x00,0x00,0x00,0x00,0x00,0xfa,0x00,0x04,0x00,
0xf8,0x02,0x00,0x00,0xf9,0x02,0x00,0x00,0x19,0x03,0x00,0x00,0xf8,0x00,0x02,0x00,
0xf9,0x02,0x00,0x00,0x41,0x00,0x05,0x00,0x35,0x00,0x00,0x00,0xfc,0x02,0x00,0x00,
0xd3,0x02,0x00,0x00,0xfb,0x04,0x00,0x00,0x3d,0x00,0x04,0x00,0x25,0x00,0x00,0x00,
0xfd,0x02,0x00,0x00,0xfc,0x02,0x00,0x00,0x80,0x00,0x05,0x00,0x25,0x00,0x00,0x00,
0xfe,0x02,0x00,0x00,0x87,0x02,0x00,0x00,0xfd,0x02,0x00,0x00,0x41,0x00,0x05,0x00,
0xae,0x00,0x00,0x00,0x23,0x03,0x00,0x00,0xac,0x00,0x00,0x00,0xad,0x00,0x00,0x00,
0x3d,0x00,0x04,0x00,0x25,0x00,0x00,0x00,0x24,0x03,0x00,0x00,0x23,0x03,0x00,0x00,
0x7c,0x00,0x04,0x00,0x32,0x01,0x00,0x00,0x29,0x03,0x00,0x00,0xfe,0x02,0x00,0x00,
0x7c,0x00,0x04,0x00,0x32,0x01,0x00,0x00,0x2b,0x03,0x00,0x00,0x24,0x03,0x00,0x00,
0xb0,0x00,0x05,0x00,0x36,0x01,0x00,0x00,0x2c,0x03,0x00,0x00,0x29,0x03,0x00,0x00,
0x2b,0x03,0x00,0x00,0x9b,0x00,0x04,0x00,0x63,0x00,0x00,0x00,0x2d,0x03,0x00,0x00,
0x2c,0x03,0x00,0x00,0xf7,0x00,0x03,0x00,0x15,0x03,0x00,0x00,0x00,0x00,0x00,0x00,
0xfa,0x00,0x04,0x00,0x2d,0x03,0x00,0x00,0x02,0x03,0x00,0x00,0x15,0x03,0x00,0x00,
0xf8,0x00,0x02,0x00,0x02,0x03,0x00,0x00,0x41,0x00,0x05,0x00,0x07,0x00,0x00,0x00,
0x04,0x03,0x00,0x00,0xcf,0x02,0x00,0x00,0xfb,0x04,0x00,0x00,0x3d,0x00,0x04,0x00,
0x06,0x00,0x00,0x00,0x05,0x03,0x00,0x00,0x04,0x03,0x00,0x00,0xba,0x00,0x05,0x00,
0x63,0x00,0x00,0x00,0x09,0x03,0x00,0x00,0x05,0x03,0x00,0x00,0xfe,0x04,0x00,0x00,
0xf7,0x00,0x03,0x00,0x14,0x03,0x00,0x00,0x00,0x00,0x00,0x00,0xfa,0x00,0x04,0x00,
0x09,0x03,0x00,0x00,0x0a,0x03,0x00,0x00,0x14,0x03,0x00,0x00,0xf8,0x00,0x02,0x00,
0x0a,0x03,0x00,0x00,0x0c,0x00,0x07,0x00,0x06,0x00,0x00,0x00,0x32,0x03,0x00,0x00,
0x01,0x00,0x00,0x00,0x25,0x00,0x00,0x00,0xfc,0x04,0x00,0x00,0x05,0x03,0x00,0x00,
0xf9,0x00,0x02,0x00,0x14,0x03,0x00,0x00,0xf8,0x00,0x02,0x00,0x14,0x03,0x00,0x00,
0xf5,0x00,0x07,0x00,0x06,0x00,0x00,0x00,0x05,0x05,0x00,0x00,0xfc,0x04,0x00,0x00,
0x02,0x03,0x00,0x00,0x32,0x03,0x00,0x00,0x0a,0x03,0x00,0x00,0xa9,0x00,0x06,0x00,
0x06,0x00,0x00,0x00,0x0a,0x05,0x00,0x00,0x09,0x03,0x00,0x00,0x05,0x03,0x00,0x00,
0xfe,0x04,0x00,0x00,0x50,0x00,0x05,0x00,0x36,0x01,0x00,0x00,0x0b,0x05,0x00,0x00,
0x09,0x03,0x00,0x00,0x09,0x03,0x00,0x00,0xa9,0x00,0x06,0x00,0x25,0x00,0x00,0x00,
0x0c,0x05,0x00,0x00,0x0b,0x05,0x00,0x00,0xfe,0x02,0x00,0x00,0xfd,0x04,0x00,0x00,
0xf9,0x00,0x02,0x00,0x15,0x03,0x00,0x00,0xf8,0x00,0x02,0x00,0x15,0x03,0x00,0x00,
0xf5,0x00,0x07,0x00,0x06,0x00,0x00,0x00,0x08,0x05,0x00,0x00,0xfe,0x04,0x00,0x00,
0xf9,0x02,0x00,0x00,0x0a,0x05,0x00,0x00,0x14,0x03,0x00,0x00,0xf5,0x00,0x07,0x00,
0x25,0x00,0x00,0x00,0x06,0x05,0x00,0x00,0xfd,0x04,0x00,0x00,0xf9,0x02,0x00,0x00,
0x0c,0x05,0x00,0x00,0x14,0x03,0x00,0x00,0xf5,0x00,0x07,0x00,0x06,0x00,0x00,0x00,
0x04,0x05,0x00,0x00,0xfc,0x04,0x00,0x00,0xf9,0x02,0x00,0x00,0x05,0x05,0x00,0x00,
0x14,0x03,0x00,0x00,0xf9,0x00,0x02,0x00,0x16,0x03,0x00,0x00,0xf8,0x00,0x02,0x00,
0x16,0x03,0x00,0x00,0x80,0x00,0x05,0x00,0x24,0x00,0x00,0x00,0x18,0x03,0x00,0x00,
0xfb,0x04,0x00,0x00,0x63,0x01,0x00,0x00,0xf9,0x00,0x02,0x00,0xf5,0x02,0x00,0x00,
0xf8,0x00,0x02,0x00,0x19,0x03,0x00,0x00,0x3d,0x00,0x04,0x00,0xca,0x00,0x00,0x00,
0x42,0x03,0x00,0x00,0xdc,0x00,0x00,0x00,0x5f,0x00,0x07,0x00,0x29,0x00,0x00,0x00,
0x44,0x03,0x00,0x00,0x42,0x03,0x00,0x00,0xfd,0x04,0x00,0x00,0x02,0x00,0x00,0x00,
0xad,0x00,0x00,0x00,0x4f,0x00,0x07,0x00,0x12,0x00,0x00,0x00,0x45,0x03,0x00,0x00,
0x44,0x03,0x00,0x00,0x44,0x03,0x00,0x00,0x00,0x00,0x00,0x00,0x01,0x00,0x00,0x00,
0x41,0x00,0x05,0x00,0xba,0x00,0x00,0x00,0x4f,0x03,0x00,0x00,0xac,0x00,0x00,0x00,
0xb9,0x00,0x00,0x00,0x3d,0x00,0x04,0x00,0x12,0x00,0x00,0x00,0x50,0x03,0x00,0x00,
0x4f,0x03,0x00,0x00,0x41,0x00,0x05,0x00,0xba,0x00,0x00,0x00,0x53,0x03,0x00,0x00,
0xac,0x00,0x00,0x00,0xbf,0x00,0x00,0x00,0x3d,0x00,0x04,0x00,0x12,0x00,0x00,0x00,
0x54,0x03,0x00,0x00,0x53,0x03,0x00,0x00,0x7f,0x00,0x04,0x00,0x12,0x00,0x00,0x00,
0xf4,0x04,0x00,0x00,0x54,0x03,0x00,0x00,0x0c,0x00,0x08,0x00,0x12,0x00,0x00,0x00,
0x4b,0x03,0x00,0x00,0x01,0x00,0x00,0x00,0x32,0x00,0x00,0x00,0x45,0x03,0x00,0x00,
0x50,0x03,0x00,0x00,0xf4,0x04,0x00,0x00,0x41,0x00,0x05,0x00,0xb4,0x00,0x00,0x00,
0xb6,0x03,0x00,0x00,0xac,0x00,0x00,0x00,0xb3,0x00,0x00,0x00,0x3d,0x00,0x04,0x00,
0x29,0x00,0x00,0x00,0xb7,0x03,0x00,0x00,0xb6,0x03,0x00,0x00,0x51,0x00,0x05,0x00,
0x06,0x00,0x00,0x00,0xae,0x03,0x00,0x00,0xb7,0x03,0x00,0x00,0x01,0x00,0x00,0x00,
0x51,0x00,0x05,0x00,0x06,0x00,0x00,0x00,0xb1,0x03,0x00,0x00,0xb7,0x03,0x00,0x00,
0x00,0x00,0x00,0x00,0x83,0x00,0x05,0x00,0x06,0x00,0x00,0x00,0xb2,0x03,0x00,0x00,
0xfe,0x04,0x00,0x00,0xb1,0x03,0x00,0x00,0x88,0x00,0x05,0x00,0x06,0x00,0x00,0x00,
0xb3,0x03,0x00,0x00,0xae,0x03,0x00,0x00,0xb2,0x03,0x00,0x00,0x41,0x00,0x05,0x00,
0xc5,0x00,0x00,0x00,0xba,0x03,0x00,0x00,0xac,0x00,0x00,0x00,0xc4,0x00,0x00,0x00,
0x3d,0x00,0x04,0x00,0x06,0x00,0x00,0x00,0xbb,0x03,0x00,0x00,0xba,0x03,0x00,0x00,
0x85,0x00,0x05,0x00,0x06,0x00,0x00,0x00,0xa8,0x03,0x00,0x00,0xb3,0x03,0x00,0x00,
0xbb,0x03,0x00,0x00,0x0c,0x00,0x07,0x00,0x06,0x00,0x00,0x00,0xc0,0x03,0x00,0x00,
0x01,0x00,0x00,0x00,0x25,0x00,0x00,0x00,0xa8,0x03,0x00,0x00,0x8e,0x01,0x00,0x00,
0x85,0x00,0x05,0x00,0x06,0x00,0x00,0x00,0xc8,0x03,0x00,0x00,0xc0,0x03,0x00,0x00,
0xf5,0x04,0x00,0x00,0x0c,0x00,0x08,0x00,0x06,0x00,0x00,0x00,0xce,0x03,0x00,0x00,
0x01,0x00,0x00,0x00,0x2b,0x00,0x00,0x00,0xc8,0x03,0x00,0x00,0x97,0x00,0x00,0x00,
0x98,0x00,0x00,0x00,0x0c,0x00,0x08,0x00,0x06,0x00,0x00,0x00,0xd4,0x03,0x00,0x00,
0x01,0x00,0x00,0x00,0x2e,0x00,0x00,0x00,0x14,0x01,0x00,0x00,0x15,0x01,0x00,0x00,
0xce,0x03,0x00,0x00,0x85,0x00,0x05,0x00,0x12,0x00,0x00,0x00,0xd8,0x03,0x00,0x00,
0x4b,0x03,0x00,0x00,0x24,0x01,0x00,0x00,0x0c,0x00,0x06,0x00,0x06,0x00,0x00,0x00,
0xd9,0x03,0x00,0x00,0x01,0x00,0x00,0x00,0x42,0x00,0x00,0x00,0xd8,0x03,0x00,0x00,
0xba,0x00,0x05,0x00,0x63,0x00,0x00,0x00,0x72,0x03,0x00,0x00,0xd9,0x03,0x00,0x00,
0xd4,0x03,0x00,0x00,0xa9,0x00,0x06,0x00,0x06,0x00,0x00,0x00,0x73,0x03,0x00,0x00,
0x72,0x03,0x00,0x00,0x98,0x00,0x00,0x00,0x97,0x00,0x00,0x00,0x8e,0x00,0x05,0x00,
0x12,0x00,0x00,0x00,0x75,0x03,0x00,0x00,0x4b,0x03,0x00,0x00,0x73,0x03,0x00,0x00,
0x6f,0x00,0x04,0x00,0x12,0x00,0x00,0x00,0x77,0x03,0x00,0x00,0x87,0x02,0x00,0x00,
0x81,0x00,0x05,0x00,0x12,0x00,0x00,0x00,0x79,0x03,0x00,0x00,0x77,0x03,0x00,0x00,
0x54,0x01,0x00,0x00,0x41,0x00,0x05,0x00,0xae,0x00,0x00,0x00,0xdc,0x03,0x00,0x00,
0xac,0x00,0x00,0x00,0xad,0x00,0x00,0x00,0x3d,0x00,0x04,0x00,0x25,0x00,0x00,0x00,
0xdd,0x03,0x00,0x00,0xdc,0x03,0x00,0x00,0x6f,0x00,0x04,0x00,0x12,0x00,0x00,0x00,
0x7b,0x03,0x00,0x00,0xdd,0x03,0x00,0x00,0x88,0x00,0x05,0x00,0x12,0x00,0x00,0x00,
0x7c,0x03,0x00,0x00,0x79,0x03,0x00,0x00,0x7b,0x03,0x00,0x00,0x81,0x00,0x05,0x00,
0x12,0x00,0x00,0x00,0x7f,0x03,0x00,0x00,0x7c,0x03,0x00,0x00,0x75,0x03,0x00,0x00,
0x0c,0x00,0x08,0x00,0x12,0x00,0x00,0x00,0xec,0x03,0x00,0x00,0x01,0x00,0x00,0x00,
0x32,0x00,0x00,0x00,0x7f,0x03,0x00,0x00,0x7b,0x03,0x00,0x00,0xf9,0x04,0x00,0x00,
0x0c,0x00,0x06,0x00,0x12,0x00,0x00,0x00,0xee,0x03,0x00,0x00,0x01,0x00,0x00,0x00,
0x08,0x00,0x00,0x00,0xec,0x03,0x00,0x00,0x6e,0x00,0x04,0x00,0x25,0x00,0x00,0x00,
0xef,0x03,0x00,0x00,0xee,0x03,0x00,0x00,0x0c,0x00,0x06,0x00,0x12,0x00,0x00,0x00,
0x17,0x04,0x00,0x00,0x01,0x00,0x00,0x00,0x0a,0x00,0x00,0x00,0xec,0x03,0x00,0x00,
0x51,0x00,0x05,0x00,0x06,0x00,0x00,0x00,0xf8,0x03,0x00,0x00,0x17,0x04,0x00,0x00,
0x00,0x00,0x00,0x00,0x83,0x00,0x05,0x00,0x06,0x00,0x00,0x00,0xf9,0x03,0x00,0x00,
0x98,0x00,0x00,0x00,0xf8,0x03,0x00,0x00,0x51,0x00,0x05,0x00,0x06,0x00,0x00,0x00,
0xfb,0x03,0x00,0x00,0x17,0x04,0x00,0x00,0x01,0x00,0x00,0x00,0x83,0x00,0x05,0x00,
0x06,0x00,0x00,0x00,0xfc,0x03,0x00,0x00,0x98,0x00,0x00,0x00,0xfb,0x03,0x00,0x00,
0x85,0x00,0x05,0x00,0x06,0x00,0x00,0x00,0xfd,0x03,0x00,0x00,0xf9,0x03,0x00,0x00,
0xfc,0x03,0x00,0x00,0x85,0x00,0x05,0x00,0x06,0x00,0x00,0x00,0x04,0x04,0x00,0x00,
0xf8,0x03,0x00,0x00,0xfc,0x03,0x00,0x00,0x85,0x00,0x05,0x00,0x06,0x00,0x00,0x00,
0x0b,0x04,0x00,0x00,0xf9,0x03,0x00,0x00,0xfb,0x03,0x00,0x00,0x85,0x00,0x05,0x00,
0x06,0x00,0x00,0x00,0x11,0x04,0x00,0x00,0xf8,0x03,0x00,0x00,0xfb,0x03,0x00,0x00,
0x50,0x00,0x07,0x00,0x72,0x00,0x00,0x00,0xe7,0x04,0x00,0x00,0xfd,0x03,0x00,0x00,
0x04,0x04,0x00,0x00,0x0b,0x04,0x00,0x00,0x11,0x04,0x00,0x00,0x3e,0x00,0x03,0x00,
0x99,0x04,0x00,0x00,0xf7,0x04,0x00,0x00,0x3e,0x00,0x03,0x00,0x9a,0x04,0x00,0x00,
0xe7,0x04,0x00,0x00,0xf9,0x00,0x02,0x00,0x83,0x03,0x00,0x00,0xf8,0x00,0x02,0x00,
0x83,0x03,0x00,0x00,0xf5,0x00,0x07,0x00,0x24,0x00,0x00,0x00,0xff,0x04,0x00,0x00,
0xad,0x00,0x00,0x00,0x19,0x03,0x00,0x00,0xa0,0x03,0x00,0x00,0x9e,0x03,0x00,0x00,
0xb1,0x00,0x05,0x00,0x63,0x00,0x00,0x00,0x86,0x03,0x00,0x00,0xff,0x04,0x00,0x00,
0xb8,0x01,0x00,0x00,0xf6,0x00,0x04,0x00,0xa1,0x03,0x00,0x00,0x9e,0x03,0x00,0x00,
0x00,0x00,0x00,0x00,0xfa,0x00,0x04,0x00,0x86,0x03,0x00,0x00,0x87,0x03,0x00,0x00,
0xa1,0x03,0x00,0x00,0xf8,0x00,0x02,0x00,0x87,0x03,0x00,0x00,0x41,0x00,0x05,0x00,
0x35,0x00,0x00,0x00,0x9f,0x04,0x00,0x00,0x99,0x04,0x00,0x00,0xff,0x04,0x00,0x00,
0x3d,0x00,0x04,0x00,0x25,0x00,0x00,0x00,0x8a,0x03,0x00,0x00,0x9f,0x04,0x00,0x00,
0x41,0x00,0x05,0x00,0x07,0x00,0x00,0x00,0xa0,0x04,0x00,0x00,0x9a,0x04,0x00,0x00,
0xff,0x04,0x00,0x00,0x3d,0x00,0x04,0x00,0x06,0x00,0x00,0x00,0x8d,0x03,0x00,0x00,
0xa0,0x04,0x00,0x00,0xba,0x00,0x05,0x00,0x63,0x00,0x00,0x00,0x8f,0x03,0x00,0x00,
0x8d,0x03,0x00,0x00,0xc3,0x01,0x00,0x00,0xf7,0x00,0x03,0x00,0x9d,0x03,0x00,0x00,
0x00,0x00,0x00,0x00,0xfa,0x00,0x04,0x00,0x8f,0x03,0x00,0x00,0x90,0x03,0x00,0x00,
0x9d,0x03,0x00,0x00,0xf8,0x00,0x02,0x00,0x90,0x03,0x00,0x00,0x80,0x00,0x05,0x00,
0x25,0x00,0x00,0x00,0x94,0x03,0x00,0x00,0xef,0x03,0x00,0x00,0x8a,0x03,0x00,0x00,
0x7c,0x00,0x04,0x00,0x32,0x01,0x00,0x00,0x1f,0x04,0x00,0x00,0x94,0x03,0x00,0x00,
0x7c,0x00,0x04,0x00,0x32,0x01,0x00,0x00,0x21,0x04,0x00,0x00,0xdd,0x03,0x00,0x00,
0xb0,0x00,0x05,0x00,0x36,0x01,0x00,0x00,0x22,0x04,0x00,0x00,0x1f,0x04,0x00,0x00,
0x21,0x04,0x00,0x00,0x9b,0x00,0x04,0x00,0x63,0x00,0x00,0x00,0x23,0x04,0x00,0x00,
0x22,0x04,0x00,0x00,0xf7,0x00,0x03,0x00,0x9c,0x03,0x00,0x00,0x00,0x00,0x00,0x00,
0xfa,0x00,0x04,0x00,0x23,0x04,0x00,0x00,0x98,0x03,0x00,0x00,0x9c,0x03,0x00,0x00,
0xf8,0x00,0x02,0x00,0x98,0x03,0x00,0x00,0x7c,0x00,0x04,0x00,0x6f,0x00,0x00,0x00,
0x27,0x04,0x00,0x00,0xfe,0x04,0x00,0x00,0x3c,0x00,0x06,0x00,0x00,0x01,0x00,0x00,
0x2a,0x04,0x00,0x00,0xfd,0x00,0x00,0x00,0x94,0x03,0x00,0x00,0xd0,0x00,0x00,0x00,
0xef,0x00,0x07,0x00,0x6f,0x00,0x00,0x00,0x2b,0x04,0x00,0x00,0x2a,0x04,0x00,0x00,
0x02,0x01,0x00,0x00,0xd0,0x00,0x00,0x00,0x27,0x04,0x00,0x00,0xf9,0x00,0x02,0x00,
0x9c,0x03,0x00,0x00,0xf8,0x00,0x02,0x00,0x9c,0x03,0x00,0x00,0xf9,0x00,0x02,0x00,
0x9d,0x03,0x00,0x00,0xf8,0x00,0x02,0x00,0x9d,0x03,0x00,0x00,0xf9,0x00,0x02,0x00,
0x9e,0x03,0x00,0x00,0xf8,0x00,0x02,0x00,0x9e,0x03,0x00,0x00,0x80,0x00,0x05,0x00,
0x24,0x00,0x00,0x00,0xa0,0x03,0x00,0x00,0xff,0x04,0x00,0x00,0x63,0x01,0x00,0x00,
0xf9,0x00,0x02,0x00,0x83,0x03,0x00,0x00,0xf8,0x00,0x02,0x00,0xa1,0x03,0x00,0x00,
0x3d,0x00,0x04,0x00,0x0b,0x01,0x00,0x00,0x2d,0x04,0x00,0x00,0x0d,0x01,0x00,0x00,
0x51,0x00,0x05,0x00,0x06,0x00,0x00,0x00,0x30,0x04,0x00,0x00,0x4b,0x03,0x00,0x00,
0x00,0x00,0x00,0x00,0x51,0x00,0x05,0x00,0x06,0x00,0x00,0x00,0x31,0x04,0x00,0x00,
0x4b,0x03,0x00,0x00,0x01,0x00,0x00,0x00,0x50,0x00,0x07,0x00,0x29,0x00,0x00,0x00,
0x32,0x04,0x00,0x00,0x30,0x04,0x00,0x00,0x31,0x04,0x00,0x00,0x97,0x00,0x00,0x00,
0x97,0x00,0x00,0x00,0x63,0x00,0x04,0x00,0x2d,0x04,0x00,0x00,0x87,0x02,0x00,0x00,
0x32,0x04,0x00,0x00,0x3d,0x00,0x04,0x00,0x04,0x01,0x00,0x00,0x34,0x04,0x00,0x00,
0x06,0x01,0x00,0x00,0x50,0x00,0x07,0x00,0x29,0x00,0x00,0x00,0x37,0x04,0x00,0x00,
0xfe,0x04,0x00,0x00,0x97,0x00,0x00,0x00,0x97,0x00,0x00,0x00,0x97,0x00,0x00,0x00,
0x63,0x00,0x04,0x00,0x34,0x04,0x00,0x00,0x87,0x02,0x00,0x00,0x37,0x04,0x00,0x00,
0x83,0x00,0x05,0x00,0x06,0x00,0x00,0x00,0x48,0x04,0x00,0x00,0xfc,0x04,0x00,0x00,
0xb1,0x03,0x00,0x00,0x88,0x00,0x05,0x00,0x06,0x00,0x00,0x00,0x49,0x04,0x00,0x00,
0xae,0x03,0x00,0x00,0x48,0x04,0x00,0x00,0x85,0x00,0x05,0x00,0x06,0x00,0x00,0x00,
0x3e,0x04,0x00,0x00,0x49,0x04,0x00,0x00,0xbb,0x03,0x00,0x00,0x0c,0x00,0x07,0x00,
0x06,0x00,0x00,0x00,0x56,0x04,0x00,0x00,0x01,0x00,0x00,0x00,0x25,0x00,0x00,0x00,
0x3e,0x04,0x00,0x00,0x8e,0x01,0x00,0x00,0x3d,0x00,0x04,0x00,0xeb,0x00,0x00,0x00,
0x58,0x04,0x00,0x00,0xed,0x00,0x00,0x00,0x50,0x00,0x07,0x00,0x29,0x00,0x00,0x00,
0x5b,0x04,0x00,0x00,0x56,0x04,0x00,0x00,0x97,0x00,0x00,0x00,0x97,0x00,0x00,0x00,
0x97,0x00,0x00,0x00,0x63,0x00,0x04,0x00,0x58,0x04,0x00,0x00,0x87,0x02,0x00,0x00,
0x5b,0x04,0x00,0x00,0x3d,0x00,0x04,0x00,0xca,0x00,0x00,0x00,0x6c,0x04,0x00,0x00,
0xd4,0x00,0x00,0x00,0x5f,0x00,0x07,0x00,0x29,0x00,0x00,0x00,0x6e,0x04,0x00,0x00,
0x6c,0x04,0x00,0x00,0x87,0x02,0x00,0x00,0x02,0x00,0x00,0x00,0xad,0x00,0x00,0x00,
0x4f,0x00,0x08,0x00,0x1d,0x00,0x00,0x00,0x6f,0x04,0x00,0x00,0x6e,0x04,0x00,0x00,
0x6e,0x04,0x00,0x00,0x00,0x00,0x00,0x00,0x01,0x00,0x00,0x00,0x02,0x00,0x00,0x00,
0x0c,0x00,0x07,0x00,0x1d,0x00,0x00,0x00,0x74,0x04,0x00,0x00,0x01,0x00,0x00,0x00,
0x28,0x00,0x00,0x00,0x42,0x02,0x00,0x00,0x6f,0x04,0x00,0x00,0x94,0x00,0x05,0x00,
0x06,0x00,0x00,0x00,0x78,0x04,0x00,0x00,0x74,0x04,0x00,0x00,0x2d,0x01,0x00,0x00,
0x3d,0x00,0x04,0x00,0xeb,0x00,0x00,0x00,0x7a,0x04,0x00,0x00,0xf2,0x00,0x00,0x00,
0x50,0x00,0x07,0x00,0x29,0x00,0x00,0x00,0x7d,0x04,0x00,0x00,0x78,0x04,0x00,0x00,
0x97,0x00,0x00,0x00,0x97,0x00,0x00,0x00,0x97,0x00,0x00,0x00,0x63,0x00,0x04,0x00,
0x7a,0x04,0x00,0x00,0x87,0x02,0x00,0x00,0x7d,0x04,0x00,0x00,0xfd,0x00,0x01,0x00,
0x38,0x00,0x01,0x00
};

// ffx_fsr3upscaler_prepare_inputs_pass_wave64_09bb7aef81ffe1d6e011e313a7338a34.h.
// Auto generated by FidelityFX-SC.

static const char* g_ffx_fsr3upscaler_prepare_inputs_pass_wave64_09bb7aef81ffe1d6e011e313a7338a34_CBVResourceNames[] = {  "cbFSR3Upscaler", };
static const uint32_t g_ffx_fsr3upscaler_prepare_inputs_pass_wave64_09bb7aef81ffe1d6e011e313a7338a34_CBVResourceBindings[] = {  8, };
static const uint32_t g_ffx_fsr3upscaler_prepare_inputs_pass_wave64_09bb7aef81ffe1d6e011e313a7338a34_CBVResourceCounts[] = {  1, };
static const uint32_t g_ffx_fsr3upscaler_prepare_inputs_pass_wave64_09bb7aef81ffe1d6e011e313a7338a34_CBVResourceSets[] = {  0, };

static const char* g_ffx_fsr3upscaler_prepare_inputs_pass_wave64_09bb7aef81ffe1d6e011e313a7338a34_TextureSRVResourceNames[] = {  "r_input_motion_vectors", "r_input_depth", "r_input_color_jittered", };
static const uint32_t g_ffx_fsr3upscaler_prepare_inputs_pass_wave64_09bb7aef81ffe1d6e011e313a7338a34_TextureSRVResourceBindings[] = {  0, 1, 2, };
static const uint32_t g_ffx_fsr3upscaler_prepare_inputs_pass_wave64_09bb7aef81ffe1d6e011e313a7338a34_TextureSRVResourceCounts[] = {  1, 1, 1, };
static const uint32_t g_ffx_fsr3upscaler_prepare_inputs_pass_wave64_09bb7aef81ffe1d6e011e313a7338a34_TextureSRVResourceSets[] = {  0, 0, 0, };

static const char* g_ffx_fsr3upscaler_prepare_inputs_pass_wave64_09bb7aef81ffe1d6e011e313a7338a34_TextureUAVResourceNames[] = {  "rw_dilated_motion_vectors", "rw_dilated_depth", "rw_reconstructed_previous_nearest_depth", "rw_farthest_depth", "rw_current_luma", };
static const uint32_t g_ffx_fsr3upscaler_prepare_inputs_pass_wave64_09bb7aef81ffe1d6e011e313a7338a34_TextureUAVResourceBindings[] = {  3, 4, 5, 6, 7, };
static const uint32_t g_ffx_fsr3upscaler_prepare_inputs_pass_wave64_09bb7aef81ffe1d6e011e313a7338a34_TextureUAVResourceCounts[] = {  1, 1, 1, 1, 1, };
static const uint32_t g_ffx_fsr3upscaler_prepare_inputs_pass_wave64_09bb7aef81ffe1d6e011e313a7338a34_TextureUAVResourceSets[] = {  0, 0, 0, 0, 0, };

static const uint32_t g_ffx_fsr3upscaler_prepare_inputs_pass_wave64_09bb7aef81ffe1d6e011e313a7338a34_size = 7396;

static const unsigned char g_ffx_fsr3upscaler_prepare_inputs_pass_wave64_09bb7aef81ffe1d6e011e313a7338a34_data[] = {
0x03,0x02,0x23,0x07,0x00,0x05,0x01,0x00,0x0b,0x00,0x08,0x00,0x16,0x05,0x00,0x00,
0x00,0x00,0x00,0x00,0x11,0x00,0x02,0x00,0x01,0x00,0x00,0x00,0x11,0x00,0x02,0x00,
0x31,0x00,0x00,0x00,0x0b,0x00,0x06,0x00,0x01,0x00,0x00,0x00,0x47,0x4c,0x53,0x4c,
0x2e,0x73,0x74,0x64,0x2e,0x34,0x35,0x30,0x00,0x00,0x00,0x00,0x0e,0x00,0x03,0x00,
0x00,0x00,0x00,0x00,0x01,0x00,0x00,0x00,0x0f,0x00,0x0f,0x00,0x05,0x00,0x00,0x00,
0x04,0x00,0x00,0x00,0x6d,0x61,0x69,0x6e,0x00,0x00,0x00,0x00,0xb5,0x00,0x00,0x00,
0xd5,0x00,0x00,0x00,0xdd,0x00,0x00,0x00,0xe5,0x00,0x00,0x00,0xf6,0x00,0x00,0x00,
0xfb,0x00,0x00,0x00,0x06,0x01,0x00,0x00,0x0f,0x01,0x00,0x00,0x16,0x01,0x00,0x00,
0x8d,0x02,0x00,0x00,0x10,0x00,0x06,0x00,0x04,0x00,0x00,0x00,0x11,0x00,0x00,0x00,
0x08,0x00,0x00,0x00,0x08,0x00,0x00,0x00,0x01,0x00,0x00,0x00,0x03,0x00,0x03,0x00,
0x02,0x00,0x00,0x00,0xc2,0x01,0x00,0x00,0x04,0x00,0x0b,0x00,0x47,0x4c,0x5f,0x45,
0x58,0x54,0x5f,0x73,0x61,0x6d,0x70,0x6c,0x65,0x72,0x6c,0x65,0x73,0x73,0x5f,0x74,
0x65,0x78,0x74,0x75,0x72,0x65,0x5f,0x66,0x75,0x6e,0x63,0x74,0x69,0x6f,0x6e,0x73,
0x00,0x00,0x00,0x00,0x04,0x00,0x0b,0x00,0x47,0x4c,0x5f,0x45,0x58,0x54,0x5f,0x73,
0x68,0x61,0x64,0x65,0x72,0x5f,0x65,0x78,0x70,0x6c,0x69,0x63,0x69,0x74,0x5f,0x61,
0x72,0x69,0x74,0x68,0x6d,0x65,0x74,0x69,0x63,0x5f,0x74,0x79,0x70,0x65,0x73,0x00,
0x04,0x00,0x0a,0x00,0x47,0x4c,0x5f,0x47,0x4f,0x4f,0x47,0x4c,0x45,0x5f,0x63,0x70,
0x70,0x5f,0x73,0x74,0x79,0x6c,0x65,0x5f,0x6c,0x69,0x6e,0x65,0x5f,0x64,0x69,0x72,
0x65,0x63,0x74,0x69,0x76,0x65,0x00,0x00,0x04,0x00,0x08,0x00,0x47,0x4c,0x5f,0x47,
0x4f,0x4f,0x47,0x4c,0x45,0x5f,0x69,0x6e,0x63,0x6c,0x75,0x64,0x65,0x5f,0x64,0x69,
0x72,0x65,0x63,0x74,0x69,0x76,0x65,0x00,0x05,0x00,0x04,0x00,0x04,0x00,0x00,0x00,
0x6d,0x61,0x69,0x6e,0x00,0x00,0x00,0x00,0x05,0x00,0x07,0x00,0xb3,0x00,0x00,0x00,
0x63,0x62,0x46,0x53,0x52,0x33,0x55,0x50,0x53,0x43,0x41,0x4c,0x45,0x52,0x5f,0x74,
0x00,0x00,0x00,0x00,0x06,0x00,0x06,0x00,0xb3,0x00,0x00,0x00,0x00,0x00,0x00,0x00,
0x69,0x52,0x65,0x6e,0x64,0x65,0x72,0x53,0x69,0x7a,0x65,0x00,0x06,0x00,0x0a,0x00,
0xb3,0x00,0x00,0x00,0x01,0x00,0x00,0x00,0x69,0x50,0x72,0x65,0x76,0x69,0x6f,0x75,
0x73,0x46,0x72,0x61,0x6d,0x65,0x52,0x65,0x6e,0x64,0x65,0x72,0x53,0x69,0x7a,0x65,
0x00,0x00,0x00,0x00,0x06,0x00,0x07,0x00,0xb3,0x00,0x00,0x00,0x02,0x00,0x00,0x00,
0x69,0x55,0x70,0x73,0x63,0x61,0x6c,0x65,0x53,0x69,0x7a,0x65,0x00,0x00,0x00,0x00,
0x06,0x00,0x0a,0x00,0xb3,0x00,0x00,0x00,0x03,0x00,0x00,0x00,0x69,0x50,0x72,0x65,
0x76,0x69,0x6f,0x75,0x73,0x46,0x72,0x61,0x6d,0x65,0x55,0x70,0x73,0x63,0x61,0x6c,
0x65,0x53,0x69,0x7a,0x65,0x00,0x00,0x00,0x06,0x00,0x07,0x00,0xb3,0x00,0x00,0x00,
0x04,0x00,0x00,0x00,0x69,0x4d,0x61,0x78,0x52,0x65,0x6e,0x64,0x65,0x72,0x53,0x69,
0x7a,0x65,0x00,0x00,0x06,0x00,0x07,0x00,0xb3,0x00,0x00,0x00,0x05,0x00,0x00,0x00,
0x69,0x4d,0x61,0x78,0x55,0x70,0x73,0x63,0x61,0x6c,0x65,0x53,0x69,0x7a,0x65,0x00,
0x06,0x00,0x08,0x00,0xb3,0x00,0x00,0x00,0x06,0x00,0x00,0x00,0x66,0x44,0x65,0x76,
0x69,0x63,0x65,0x54,0x6f,0x56,0x69,0x65,0x77,0x44,0x65,0x70,0x74,0x68,0x00,0x00,
0x06,0x00,0x05,0x00,0xb3,0x00,0x00,0x00,0x07,0x00,0x00,0x00,0x66,0x4a,0x69,0x74,
0x74,0x65,0x72,0x00,0x06,0x00,0x09,0x00,0xb3,0x00,0x00,0x00,0x08,0x00,0x00,0x00,
0x66,0x50,0x72,0x65,0x76,0x69,0x6f,0x75,0x73,0x46,0x72,0x61,0x6d,0x65,0x4a,0x69,
0x74,0x74,0x65,0x72,0x00,0x00,0x00,0x00,0x06,0x00,0x08,0x00,0xb3,0x00,0x00,0x00,
0x09,0x00,0x00,0x00,0x66,0x4d,0x6f,0x74,0x69,0x6f,0x6e,0x56,0x65,0x63,0x74,0x6f,
0x72,0x53,0x63,0x61,0x6c,0x65,0x00,0x00,0x06,0x00,0x08,0x00,0xb3,0x00,0x00,0x00,
0x0a,0x00,0x00,0x00,0x66,0x44,0x6f,0x77,0x6e,0x73,0x63,0x61,0x6c,0x65,0x46,0x61,
0x63,0x74,0x6f,0x72,0x00,0x00,0x00,0x00,0x06,0x00,0x0b,0x00,0xb3,0x00,0x00,0x00,
0x0b,0x00,0x00,0x00,0x66,0x4d,0x6f,0x74,0x69,0x6f,0x6e,0x56,0x65,0x63,0x74,0x6f,
0x72,0x4a,0x69,0x74,0x74,0x65,0x72,0x43,0x61,0x6e,0x63,0x65,0x6c,0x6c,0x61,0x74,
0x69,0x6f,0x6e,0x00,0x06,0x00,0x06,0x00,0xb3,0x00,0x00,0x00,0x0c,0x00,0x00,0x00,
0x66,0x54,0x61,0x6e,0x48,0x61,0x6c,0x66,0x46,0x4f,0x56,0x00,0x06,0x00,0x09,0x00,
0xb3,0x00,0x00,0x00,0x0d,0x00,0x00,0x00,0x66,0x4a,0x69,0x74,0x74,0x65,0x72,0x53,
0x65,0x71,0x75,0x65,0x6e,0x63,0x65,0x4c,0x65,0x6e,0x67,0x74,0x68,0x00,0x00,0x00,
0x06,0x00,0x06,0x00,0xb3,0x00,0x00,0x00,0x0e,0x00,0x00,0x00,0x66,0x44,0x65,0x6c,
0x74,0x61,0x54,0x69,0x6d,0x65,0x00,0x00,0x06,0x00,0x08,0x00,0xb3,0x00,0x00,0x00,
0x0f,0x00,0x00,0x00,0x66,0x44,0x65,0x6c,0x74,0x61,0x50,0x72,0x65,0x45,0x78,0x70,
0x6f,0x73,0x75,0x72,0x65,0x00,0x00,0x00,0x06,0x00,0x0a,0x00,0xb3,0x00,0x00,0x00,
0x10,0x00,0x00,0x00,0x66,0x56,0x69,0x65,0x77,0x53,0x70,0x61,0x63,0x65,0x54,0x6f,
0x4d,0x65,0x74,0x65,0x72,0x73,0x46,0x61,0x63,0x74,0x6f,0x72,0x00,0x00,0x00,0x00,
0x06,0x00,0x06,0x00,0xb3,0x00,0x00,0x00,0x11,0x00,0x00,0x00,0x66,0x46,0x72,0x61,
0x6d,0x65,0x49,0x6e,0x64,0x65,0x78,0x00,0x06,0x00,0x07,0x00,0xb3,0x00,0x00,0x00,
0x12,0x00,0x00,0x00,0x66,0x56,0x65,0x6c,0x6f,0x63,0x69,0x74,0x79,0x46,0x61,0x63,
0x74,0x6f,0x72,0x00,0x06,0x00,0x08,0x00,0xb3,0x00,0x00,0x00,0x13,0x00,0x00,0x00,
0x66,0x52,0x65,0x61,0x63,0x74,0x69,0x76,0x65,0x6e,0x65,0x73,0x73,0x53,0x63,0x61,
0x6c,0x65,0x00,0x00,0x06,0x00,0x08,0x00,0xb3,0x00,0x00,0x00,0x14,0x00,0x00,0x00,
0x66,0x53,0x68,0x61,0x64,0x69,0x6e,0x67,0x43,0x68,0x61,0x6e,0x67,0x65,0x53,0x63,
0x61,0x6c,0x65,0x00,0x06,0x00,0x0a,0x00,0xb3,0x00,0x00,0x00,0x15,0x00,0x00,0x00,
0x66,0x41,0x63,0x63,0x75,0x6d,0x75,0x6c,0x61,0x74,0x69,0x6f,0x6e,0x41,0x64,0x64,
0x65,0x64,0x50,0x65,0x72,0x46,0x72,0x61,0x6d,0x65,0x00,0x00,0x06,0x00,0x0b,0x00,
0xb3,0x00,0x00,0x00,0x16,0x00,0x00,0x00,0x66,0x4d,0x69,0x6e,0x44,0x69,0x73,0x6f,
0x63,0x63,0x6c,0x75,0x73,0x69,0x6f,0x6e,0x41,0x63,0x63,0x75,0x6d,0x75,0x6c,0x61,
0x74,0x69,0x6f,0x6e,0x00,0x00,0x00,0x00,0x05,0x00,0x06,0x00,0xb5,0x00,0x00,0x00,
0x63,0x62,0x46,0x53,0x52,0x33,0x55,0x70,0x73,0x63,0x61,0x6c,0x65,0x72,0x00,0x00,
0x05,0x00,0x06,0x00,0xd5,0x00,0x00,0x00,0x72,0x5f,0x69,0x6e,0x70,0x75,0x74,0x5f,
0x64,0x65,0x70,0x74,0x68,0x00,0x00,0x00,0x05,0x00,0x08,0x00,0xdd,0x00,0x00,0x00,
0x72,0x5f,0x69,0x6e,0x70,0x75,0x74,0x5f,0x63,0x6f,0x6c,0x6f,0x72,0x5f,0x6a,0x69,
0x74,0x74,0x65,0x72,0x65,0x64,0x00,0x00,0x05,0x00,0x08,0x00,0xe5,0x00,0x00,0x00,
0x72,0x5f,0x69,0x6e,0x70,0x75,0x74,0x5f,0x6d,0x6f,0x74,0x69,0x6f,0x6e,0x5f,0x76,
0x65,0x63,0x74,0x6f,0x72,0x73,0x00,0x00,0x05,0x00,0x07,0x00,0xf6,0x00,0x00,0x00,
0x72,0x77,0x5f,0x66,0x61,0x72,0x74,0x68,0x65,0x73,0x74,0x5f,0x64,0x65,0x70,0x74,
0x68,0x00,0x00,0x00,0x05,0x00,0x06,0x00,0xfb,0x00,0x00,0x00,0x72,0x77,0x5f,0x63,
0x75,0x72,0x72,0x65,0x6e,0x74,0x5f,0x6c,0x75,0x6d,0x61,0x00,0x05,0x00,0x0c,0x00,
0x06,0x01,0x00,0x00,0x72,0x77,0x5f,0x72,0x65,0x63,0x6f,0x6e,0x73,0x74,0x72,0x75,
0x63,0x74,0x65,0x64,0x5f,0x70,0x72,0x65,0x76,0x69,0x6f,0x75,0x73,0x5f,0x6e,0x65,
0x61,0x72,0x65,0x73,0x74,0x5f,0x64,0x65,0x70,0x74,0x68,0x00,0x05,0x00,0x07,0x00,
0x0f,0x01,0x00,0x00,0x72,0x77,0x5f,0x64,0x69,0x6c,0x61,0x74,0x65,0x64,0x5f,0x64,
0x65,0x70,0x74,0x68,0x00,0x00,0x00,0x00,0x05,0x00,0x09,0x00,0x16,0x01,0x00,0x00,
0x72,0x77,0x5f,0x64,0x69,0x6c,0x61,0x74,0x65,0x64,0x5f,0x6d,0x6f,0x74,0x69,0x6f,
0x6e,0x5f,0x76,0x65,0x63,0x74,0x6f,0x72,0x73,0x00,0x00,0x00,0x05,0x00,0x08,0x00,
0x8d,0x02,0x00,0x00,0x67,0x6c,0x5f,0x47,0x6c,0x6f,0x62,0x61,0x6c,0x49,0x6e,0x76,
0x6f,0x63,0x61,0x74,0x69,0x6f,0x6e,0x49,0x44,0x00,0x00,0x00,0x48,0x00,0x05,0x00,
0xb3,0x00,0x00,0x00,0x00,0x00,0x00,0x00,0x23,0x00,0x00,0x00,0x00,0x00,0x00,0x00,
0x48,0x00,0x05,0x00,0xb3,0x00,0x00,0x00,0x01,0x00,0x00,0x00,0x23,0x00,0x00,0x00,
0x08,0x00,0x00,0x00,0x48,0x00,0x05,0x00,0xb3,0x00,0x00,0x00,0x02,0x00,0x00,0x00,
0x23,0x00,0x00,0x00,0x10,0x00,0x00,0x00,0x48,0x00,0x05,0x00,0xb3,0x00,0x00,0x00,
0x03,0x00,0x00,0x00,0x23,0x00,0x00,0x00,0x18,0x00,0x00,0x00,0x48,0x00,0x05,0x00,
0xb3,0x00,0x00,0x00,0x04,0x00,0x00,0x00,0x23,0x00,0x00,0x00,0x20,0x00,0x00,0x00,
0x48,0x00,0x05,0x00,0xb3,0x00,0x00,0x00,0x05,0x00,0x00,0x00,0x23,0x00,0x00,0x00,
0x28,0x00,0x00,0x00,0x48,0x00,0x05,0x00,0xb3,0x00,0x00,0x00,0x06,0x00,0x00,0x00,
0x23,0x00,0x00,0x00,0x30,0x00,0x00,0x00,0x48,0x00,0x05,0x00,0xb3,0x00,0x00,0x00,
0x07,0x00,0x00,0x00,0x23,0x00,0x00,0x00,0x40,0x00,0x00,0x00,0x48,0x00,0x05,0x00,
0xb3,0x00,0x00,0x00,0x08,0x00,0x00,0x00,0x23,0x00,0x00,0x00,0x48,0x00,0x00,0x00,
0x48,0x00,0x05,0x00,0xb3,0x00,0x00,0x00,0x09,0x00,0x00,0x00,0x23,0x00,0x00,0x00,
0x50,0x00,0x00,0x00,0x48,0x00,0x05,0x00,0xb3,0x00,0x00,0x00,0x0a,0x00,0x00,0x00,
0x23,0x00,0x00,0x00,0x58,0x00,0x00,0x00,0x48,0x00,0x05,0x00,0xb3,0x00,0x00,0x00,
0x0b,0x00,0x00,0x00,0x23,0x00,0x00,0x00,0x60,0x00,0x00,0x00,0x48,0x00,0x05,0x00,
0xb3,0x00,0x00,0x00,0x0c,0x00,0x00,0x00,0x23,0x00,0x00,0x00,0x68,0x00,0x00,0x00,
0x48,0x00,0x05,0x00,0xb3,0x00,0x00,0x00,0x0d,0x00,0x00,0x00,0x23,0x00,0x00,0x00,
0x6c,0x00,0x00,0x00,0x48,0x00,0x05,0x00,0xb3,0x00,0x00,0x00,0x0e,0x00,0x00,0x00,
0x23,0x00,0x00,0x00,0x70,0x00,0x00,0x00,0x48,0x00,0x05,0x00,0xb3,0x00,0x00,0x00,
0x0f,0x00,0x00,0x00,0x23,0x00,0x00,0x00,0x74,0x00,0x00,0x00,0x48,0x00,0x05,0x00,
0xb3,0x00,0x00,0x00,0x10,0x00,0x00,0x00,0x23,0x00,0x00,0x00,0x78,0x00,0x00,0x00,
0x48,0x00,0x05,0x00,0xb3,0x00,0x00,0x00,0x11,0x00,0x00,0x00,0x23,0x00,0x00,0x00,
0x7c,0x00,0x00,0x00,0x48,0x00,0x05,0x00,0xb3,0x00,0x00,0x00,0x12,0x00,0x00,0x00,
0x23,0x00,0x00,0x00,0x80,0x00,0x00,0x00,0x48,0x00,0x05,0x00,0xb3,0x00,0x00,0x00,
0x13,0x00,0x00,0x00,0x23,0x00,0x00,0x00,0x84,0x00,0x00,0x00,0x48,0x00,0x05,0x00,
0xb3,0x00,0x00,0x00,0x14,0x00,0x00,0x00,0x23,0x00,0x00,0x00,0x88,0x00,0x00,0x00,
0x48,0x00,0x05,0x00,0xb3,0x00,0x00,0x00,0x15,0x00,0x00,0x00,0x23,0x00,0x00,0x00,
0x8c,0x00,0x00,0x00,0x48,0x00,0x05,0x00,0xb3,0x00,0x00,0x00,0x16,0x00,0x00,0x00,
0x23,0x00,0x00,0x00,0x90,0x00,0x00,0x00,0x47,0x00,0x03,0x00,0xb3,0x00,0x00,0x00,
0x02,0x00,0x00,0x00,0x47,0x00,0x04,0x00,0xb5,0x00,0x00,0x00,0x22,0x00,0x00,0x00,
0x00,0x00,0x00,0x00,0x47,0x00,0x04,0x00,0xb5,0x00,0x00,0x00,0x21,0x00,0x00,0x00,
0x08,0x00,0x00,0x00,0x47,0x00,0x04,0x00,0xd5,0x00,0x00,0x00,0x22,0x00,0x00,0x00,
0x00,0x00,0x00,0x00,0x47,0x00,0x04,0x00,0xd5,0x00,0x00,0x00,0x21,0x00,0x00,0x00,
0x01,0x00,0x00,0x00,0x47,0x00,0x04,0x00,0xdd,0x00,0x00,0x00,0x22,0x00,0x00,0x00,
0x00,0x00,0x00,0x00,0x47,0x00,0x04,0x00,0xdd,0x00,0x00,0x00,0x21,0x00,0x00,0x00,
0x02,0x00,0x00,0x00,0x47,0x00,0x04,0x00,0xe5,0x00,0x00,0x00,0x22,0x00,0x00,0x00,
0x00,0x00,0x00,0x00,0x47,0x00,0x04,0x00,0xe5,0x00,0x00,0x00,0x21,0x00,0x00,0x00,
0x00,0x00,0x00,0x00,0x47,0x00,0x04,0x00,0xf6,0x00,0x00,0x00,0x22,0x00,0x00,0x00,
0x00,0x00,0x00,0x00,0x47,0x00,0x04,0x00,0xf6,0x00,0x00,0x00,0x21,0x00,0x00,0x00,
0x06,0x00,0x00,0x00,0x47,0x00,0x04,0x00,0xfb,0x00,0x00,0x00,0x22,0x00,0x00,0x00,
0x00,0x00,0x00,0x00,0x47,0x00,0x04,0x00,0xfb,0x00,0x00,0x00,0x21,0x00,0x00,0x00,
0x07,0x00,0x00,0x00,0x47,0x00,0x04,0x00,0x06,0x01,0x00,0x00,0x22,0x00,0x00,0x00,
0x00,0x00,0x00,0x00,0x47,0x00,0x04,0x00,0x06,0x01,0x00,0x00,0x21,0x00,0x00,0x00,
0x05,0x00,0x00,0x00,0x47,0x00,0x04,0x00,0x0f,0x01,0x00,0x00,0x22,0x00,0x00,0x00,
0x00,0x00,0x00,0x00,0x47,0x00,0x04,0x00,0x0f,0x01,0x00,0x00,0x21,0x00,0x00,0x00,
0x04,0x00,0x00,0x00,0x47,0x00,0x03,0x00,0x0f,0x01,0x00,0x00,0x19,0x00,0x00,0x00,
0x47,0x00,0x04,0x00,0x16,0x01,0x00,0x00,0x22,0x00,0x00,0x00,0x00,0x00,0x00,0x00,
0x47,0x00,0x04,0x00,0x16,0x01,0x00,0x00,0x21,0x00,0x00,0x00,0x03,0x00,0x00,0x00,
0x47,0x00,0x03,0x00,0x16,0x01,0x00,0x00,0x19,0x00,0x00,0x00,0x47,0x00,0x04,0x00,
0x8d,0x02,0x00,0x00,0x0b,0x00,0x00,0x00,0x1c,0x00,0x00,0x00,0x47,0x00,0x04,0x00,
0xa1,0x02,0x00,0x00,0x0b,0x00,0x00,0x00,0x19,0x00,0x00,0x00,0x47,0x00,0x03,0x00,
0xd7,0x02,0x00,0x00,0x18,0x00,0x00,0x00,0x47,0x00,0x03,0x00,0xdc,0x02,0x00,0x00,
0x18,0x00,0x00,0x00,0x13,0x00,0x02,0x00,0x02,0x00,0x00,0x00,0x21,0x00,0x03,0x00,
0x03,0x00,0x00,0x00,0x02,0x00,0x00,0x00,0x16,0x00,0x03,0x00,0x06,0x00,0x00,0x00,
0x20,0x00,0x00,0x00,0x20,0x00,0x04,0x00,0x07,0x00,0x00,0x00,0x07,0x00,0x00,0x00,
0x06,0x00,0x00,0x00,0x17,0x00,0x04,0x00,0x12,0x00,0x00,0x00,0x06,0x00,0x00,0x00,
0x02,0x00,0x00,0x00,0x17,0x00,0x04,0x00,0x21,0x00,0x00,0x00,0x06,0x00,0x00,0x00,
0x03,0x00,0x00,0x00,0x15,0x00,0x04,0x00,0x28,0x00,0x00,0x00,0x20,0x00,0x00,0x00,
0x01,0x00,0x00,0x00,0x17,0x00,0x04,0x00,0x29,0x00,0x00,0x00,0x28,0x00,0x00,0x00,
0x02,0x00,0x00,0x00,0x17,0x00,0x04,0x00,0x2d,0x00,0x00,0x00,0x06,0x00,0x00,0x00,
0x04,0x00,0x00,0x00,0x20,0x00,0x04,0x00,0x39,0x00,0x00,0x00,0x07,0x00,0x00,0x00,
0x29,0x00,0x00,0x00,0x14,0x00,0x02,0x00,0x67,0x00,0x00,0x00,0x15,0x00,0x04,0x00,
0x73,0x00,0x00,0x00,0x20,0x00,0x00,0x00,0x00,0x00,0x00,0x00,0x2b,0x00,0x04,0x00,
0x73,0x00,0x00,0x00,0x74,0x00,0x00,0x00,0x04,0x00,0x00,0x00,0x1c,0x00,0x04,0x00,
0x75,0x00,0x00,0x00,0x29,0x00,0x00,0x00,0x74,0x00,0x00,0x00,0x1c,0x00,0x04,0x00,
0x76,0x00,0x00,0x00,0x06,0x00,0x00,0x00,0x74,0x00,0x00,0x00,0x2b,0x00,0x04,0x00,
0x06,0x00,0x00,0x00,0x9b,0x00,0x00,0x00,0x00,0x00,0x00,0x00,0x2b,0x00,0x04,0x00,
0x06,0x00,0x00,0x00,0x9c,0x00,0x00,0x00,0x00,0x00,0x80,0x3f,0x1e,0x00,0x19,0x00,
0xb3,0x00,0x00,0x00,0x29,0x00,0x00,0x00,0x29,0x00,0x00,0x00,0x29,0x00,0x00,0x00,
0x29,0x00,0x00,0x00,0x29,0x00,0x00,0x00,0x29,0x00,0x00,0x00,0x2d,0x00,0x00,0x00,
0x12,0x00,0x00,0x00,0x12,0x00,0x00,0x00,0x12,0x00,0x00,0x00,0x12,0x00,0x00,0x00,
0x12,0x00,0x00,0x00,0x06,0x00,0x00,0x00,0x06,0x00,0x00,0x00,0x06,0x00,0x00,0x00,
0x06,0x00,0x00,0x00,0x06,0x00,0x00,0x00,0x06,0x00,0x00,0x00,0x06,0x00,0x00,0x00,
0x06,0x00,0x00,0x00,0x06,0x00,0x00,0x00,0x06,0x00,0x00,0x00,0x06,0x00,0x00,0x00,
0x20,0x00,0x04,0x00,0xb4,0x00,0x00,0x00,0x02,0x00,0x00,0x00,0xb3,0x00,0x00,0x00,
0x3b,0x00,0x04,0x00,0xb4,0x00,0x00,0x00,0xb5,0x00,0x00,0x00,0x02,0x00,0x00,0x00,
0x2b,0x00,0x04,0x00,0x28,0x00,0x00,0x00,0xb6,0x00,0x00,0x00,0x00,0x00,0x00,0x00,
0x20,0x00,0x04,0x00,0xb7,0x00,0x00,0x00,0x02,0x00,0x00,0x00,0x29,0x00,0x00,0x00,
0x2b,0x00,0x04,0x00,0x28,0x00,0x00,0x00,0xbc,0x00,0x00,0x00,0x06,0x00,0x00,0x00,
0x20,0x00,0x04,0x00,0xbd,0x00,0x00,0x00,0x02,0x00,0x00,0x00,0x2d,0x00,0x00,0x00,
0x2b,0x00,0x04,0x00,0x28,0x00,0x00,0x00,0xc2,0x00,0x00,0x00,0x09,0x00,0x00,0x00,
0x20,0x00,0x04,0x00,0xc3,0x00,0x00,0x00,0x02,0x00,0x00,0x00,0x12,0x00,0x00,0x00,
0x2b,0x00,0x04,0x00,0x28,0x00,0x00,0x00,0xc8,0x00,0x00,0x00,0x0b,0x00,0x00,0x00,
0x2b,0x00,0x04,0x00,0x28,0x00,0x00,0x00,0xcd,0x00,0x00,0x00,0x10,0x00,0x00,0x00,
0x20,0x00,0x04,0x00,0xce,0x00,0x00,0x00,0x02,0x00,0x00,0x00,0x06,0x00,0x00,0x00,
0x19,0x00,0x09,0x00,0xd3,0x00,0x00,0x00,0x06,0x00,0x00,0x00,0x01,0x00,0x00,0x00,
0x00,0x00,0x00,0x00,0x00,0x00,0x00,0x00,0x00,0x00,0x00,0x00,0x01,0x00,0x00,0x00,
0x00,0x00,0x00,0x00,0x20,0x00,0x04,0x00,0xd4,0x00,0x00,0x00,0x00,0x00,0x00,0x00,
0xd3,0x00,0x00,0x00,0x3b,0x00,0x04,0x00,0xd4,0x00,0x00,0x00,0xd5,0x00,0x00,0x00,
0x00,0x00,0x00,0x00,0x2b,0x00,0x04,0x00,0x73,0x00,0x00,0x00,0xd9,0x00,0x00,0x00,
0x00,0x00,0x00,0x00,0x3b,0x00,0x04,0x00,0xd4,0x00,0x00,0x00,0xdd,0x00,0x00,0x00,
0x00,0x00,0x00,0x00,0x3b,0x00,0x04,0x00,0xd4,0x00,0x00,0x00,0xe5,0x00,0x00,0x00,
0x00,0x00,0x00,0x00,0x19,0x00,0x09,0x00,0xf4,0x00,0x00,0x00,0x06,0x00,0x00,0x00,
0x01,0x00,0x00,0x00,0x00,0x00,0x00,0x00,0x00,0x00,0x00,0x00,0x00,0x00,0x00,0x00,
0x02,0x00,0x00,0x00,0x09,0x00,0x00,0x00,0x20,0x00,0x04,0x00,0xf5,0x00,0x00,0x00,
0x00,0x00,0x00,0x00,0xf4,0x00,0x00,0x00,0x3b,0x00,0x04,0x00,0xf5,0x00,0x00,0x00,
0xf6,0x00,0x00,0x00,0x00,0x00,0x00,0x00,0x3b,0x00,0x04,0x00,0xf5,0x00,0x00,0x00,
0xfb,0x00,0x00,0x00,0x00,0x00,0x00,0x00,0x19,0x00,0x09,0x00,0x04,0x01,0x00,0x00,
0x73,0x00,0x00,0x00,0x01,0x00,0x00,0x00,0x00,0x00,0x00,0x00,0x00,0x00,0x00,0x00,
0x00,0x00,0x00,0x00,0x02,0x00,0x00,0x00,0x21,0x00,0x00,0x00,0x20,0x00,0x04,0x00,
0x05,0x01,0x00,0x00,0x00,0x00,0x00,0x00,0x04,0x01,0x00,0x00,0x3b,0x00,0x04,0x00,
0x05,0x01,0x00,0x00,0x06,0x01,0x00,0x00,0x00,0x00,0x00,0x00,0x20,0x00,0x04,0x00,
0x09,0x01,0x00,0x00,0x0b,0x00,0x00,0x00,0x73,0x00,0x00,0x00,0x2b,0x00,0x04,0x00,
0x73,0x00,0x00,0x00,0x0b,0x01,0x00,0x00,0x01,0x00,0x00,0x00,0x19,0x00,0x09,0x00,
0x0d,0x01,0x00,0x00,0x06,0x00,0x00,0x00,0x01,0x00,0x00,0x00,0x00,0x00,0x00,0x00,
0x00,0x00,0x00,0x00,0x00,0x00,0x00,0x00,0x02,0x00,0x00,0x00,0x03,0x00,0x00,0x00,
0x20,0x00,0x04,0x00,0x0e,0x01,0x00,0x00,0x00,0x00,0x00,0x00,0x0d,0x01,0x00,0x00,
0x3b,0x00,0x04,0x00,0x0e,0x01,0x00,0x00,0x0f,0x01,0x00,0x00,0x00,0x00,0x00,0x00,
0x19,0x00,0x09,0x00,0x14,0x01,0x00,0x00,0x06,0x00,0x00,0x00,0x01,0x00,0x00,0x00,
0x00,0x00,0x00,0x00,0x00,0x00,0x00,0x00,0x00,0x00,0x00,0x00,0x02,0x00,0x00,0x00,
0x07,0x00,0x00,0x00,0x20,0x00,0x04,0x00,0x15,0x01,0x00,0x00,0x00,0x00,0x00,0x00,
0x14,0x01,0x00,0x00,0x3b,0x00,0x04,0x00,0x15,0x01,0x00,0x00,0x16,0x01,0x00,0x00,
0x00,0x00,0x00,0x00,0x2b,0x00,0x04,0x00,0x06,0x00,0x00,0x00,0x1d,0x01,0x00,0x00,
0x00,0x00,0x80,0x3e,0x2b,0x00,0x04,0x00,0x06,0x00,0x00,0x00,0x1e,0x01,0x00,0x00,
0x00,0x00,0x40,0x3f,0x2b,0x00,0x04,0x00,0x06,0x00,0x00,0x00,0x2b,0x01,0x00,0x00,
0x00,0x00,0x70,0x45,0x2b,0x00,0x04,0x00,0x06,0x00,0x00,0x00,0x2c,0x01,0x00,0x00,
0x00,0x00,0x07,0x45,0x2c,0x00,0x05,0x00,0x12,0x00,0x00,0x00,0x2d,0x01,0x00,0x00,
0x2b,0x01,0x00,0x00,0x2c,0x01,0x00,0x00,0x2b,0x00,0x04,0x00,0x06,0x00,0x00,0x00,
0x33,0x01,0x00,0x00,0xd0,0xb3,0x59,0x3e,0x2b,0x00,0x04,0x00,0x06,0x00,0x00,0x00,
0x34,0x01,0x00,0x00,0x59,0x17,0x37,0x3f,0x2b,0x00,0x04,0x00,0x06,0x00,0x00,0x00,
0x35,0x01,0x00,0x00,0x98,0xdd,0x93,0x3d,0x2c,0x00,0x06,0x00,0x21,0x00,0x00,0x00,
0x36,0x01,0x00,0x00,0x33,0x01,0x00,0x00,0x34,0x01,0x00,0x00,0x35,0x01,0x00,0x00,
0x17,0x00,0x04,0x00,0x3b,0x01,0x00,0x00,0x73,0x00,0x00,0x00,0x02,0x00,0x00,0x00,
0x17,0x00,0x04,0x00,0x3f,0x01,0x00,0x00,0x67,0x00,0x00,0x00,0x02,0x00,0x00,0x00,
0x2b,0x00,0x04,0x00,0x06,0x00,0x00,0x00,0x5c,0x01,0x00,0x00,0x00,0x00,0x00,0x3f,
0x2c,0x00,0x05,0x00,0x12,0x00,0x00,0x00,0x5d,0x01,0x00,0x00,0x5c,0x01,0x00,0x00,
0x5c,0x01,0x00,0x00,0x2c,0x00,0x05,0x00,0x29,0x00,0x00,0x00,0x6a,0x01,0x00,0x00,
0xb6,0x00,0x00,0x00,0xb6,0x00,0x00,0x00,0x2b,0x00,0x04,0x00,0x28,0x00,0x00,0x00,
0x6c,0x01,0x00,0x00,0x01,0x00,0x00,0x00,0x2c,0x00,0x05,0x00,0x29,0x00,0x00,0x00,
0x6d,0x01,0x00,0x00,0x6c,0x01,0x00,0x00,0xb6,0x00,0x00,0x00,0x2c,0x00,0x05,0x00,
0x29,0x00,0x00,0x00,0x6f,0x01,0x00,0x00,0xb6,0x00,0x00,0x00,0x6c,0x01,0x00,0x00,
0x2c,0x00,0x05,0x00,0x29,0x00,0x00,0x00,0x72,0x01,0x00,0x00,0x6c,0x01,0x00,0x00,
0x6c,0x01,0x00,0x00,0x2b,0x00,0x04,0x00,0x06,0x00,0x00,0x00,0x97,0x01,0x00,0x00,
0x00,0xe0,0x7f,0x47,0x2b,0x00,0x04,0x00,0x28,0x00,0x00,0x00,0xc1,0x01,0x00,0x00,
0x04,0x00,0x00,0x00,0x2b,0x00,0x04,0x00,0x06,0x00,0x00,0x00,0xcc,0x01,0x00,0x00,
0x68,0xe8,0x1f,0x3a,0x2b,0x00,0x04,0x00,0x73,0x00,0x00,0x00,0xed,0x01,0x00,0x00,
0x09,0x00,0x00,0x00,0x1c,0x00,0x04,0x00,0xee,0x01,0x00,0x00,0x29,0x00,0x00,0x00,
0xed,0x01,0x00,0x00,0x2b,0x00,0x04,0x00,0x28,0x00,0x00,0x00,0xef,0x01,0x00,0x00,
0xff,0xff,0xff,0xff,0x2c,0x00,0x05,0x00,0x29,0x00,0x00,0x00,0xf0,0x01,0x00,0x00,
0xb6,0x00,0x00,0x00,0xef,0x01,0x00,0x00,0x2c,0x00,0x05,0x00,0x29,0x00,0x00,0x00,
0xf1,0x01,0x00,0x00,0xef,0x01,0x00,0x00,0xb6,0x00,0x00,0x00,0x2c,0x00,0x05,0x00,
0x29,0x00,0x00,0x00,0xf2,0x01,0x00,0x00,0xef,0x01,0x00,0x00,0x6c,0x01,0x00,0x00,
0x2c,0x00,0x05,0x00,0x29,0x00,0x00,0x00,0xf3,0x01,0x00,0x00,0xef,0x01,0x00,0x00,
0xef,0x01,0x00,0x00,0x2c,0x00,0x05,0x00,0x29,0x00,0x00,0x00,0xf4,0x01,0x00,0x00,
0x6c,0x01,0x00,0x00,0xef,0x01,0x00,0x00,0x2c,0x00,0x0c,0x00,0xee,0x01,0x00,0x00,
0xf5,0x01,0x00,0x00,0x6a,0x01,0x00,0x00,0x6d,0x01,0x00,0x00,0x6f,0x01,0x00,0x00,
0xf0,0x01,0x00,0x00,0xf1,0x01,0x00,0x00,0xf2,0x01,0x00,0x00,0x72,0x01,0x00,0x00,
0xf3,0x01,0x00,0x00,0xf4,0x01,0x00,0x00,0x20,0x00,0x04,0x00,0xf7,0x01,0x00,0x00,
0x07,0x00,0x00,0x00,0xee,0x01,0x00,0x00,0x1c,0x00,0x04,0x00,0xfc,0x01,0x00,0x00,
0x06,0x00,0x00,0x00,0xed,0x01,0x00,0x00,0x20,0x00,0x04,0x00,0xfd,0x01,0x00,0x00,
0x07,0x00,0x00,0x00,0xfc,0x01,0x00,0x00,0x2c,0x00,0x06,0x00,0x21,0x00,0x00,0x00,
0x4b,0x02,0x00,0x00,0x9b,0x00,0x00,0x00,0x9b,0x00,0x00,0x00,0x9b,0x00,0x00,0x00,
0x17,0x00,0x04,0x00,0x8b,0x02,0x00,0x00,0x73,0x00,0x00,0x00,0x03,0x00,0x00,0x00,
0x20,0x00,0x04,0x00,0x8c,0x02,0x00,0x00,0x01,0x00,0x00,0x00,0x8b,0x02,0x00,0x00,
0x3b,0x00,0x04,0x00,0x8c,0x02,0x00,0x00,0x8d,0x02,0x00,0x00,0x01,0x00,0x00,0x00,
0x2b,0x00,0x04,0x00,0x73,0x00,0x00,0x00,0xa0,0x02,0x00,0x00,0x08,0x00,0x00,0x00,
0x2c,0x00,0x06,0x00,0x8b,0x02,0x00,0x00,0xa1,0x02,0x00,0x00,0xa0,0x02,0x00,0x00,
0xa0,0x02,0x00,0x00,0x0b,0x01,0x00,0x00,0x20,0x00,0x04,0x00,0x87,0x04,0x00,0x00,
0x07,0x00,0x00,0x00,0x75,0x00,0x00,0x00,0x20,0x00,0x04,0x00,0x89,0x04,0x00,0x00,
0x07,0x00,0x00,0x00,0x76,0x00,0x00,0x00,0x2b,0x00,0x04,0x00,0x06,0x00,0x00,0x00,
0xfe,0x04,0x00,0x00,0x0a,0xd7,0x23,0x3c,0x2c,0x00,0x07,0x00,0x75,0x00,0x00,0x00,
0x00,0x05,0x00,0x00,0x6a,0x01,0x00,0x00,0x6d,0x01,0x00,0x00,0x6f,0x01,0x00,0x00,
0x72,0x01,0x00,0x00,0x2b,0x00,0x04,0x00,0x06,0x00,0x00,0x00,0x01,0x05,0x00,0x00,
0x00,0x00,0x00,0xbf,0x2c,0x00,0x05,0x00,0x12,0x00,0x00,0x00,0x02,0x05,0x00,0x00,
0x01,0x05,0x00,0x00,0x01,0x05,0x00,0x00,0x36,0x00,0x05,0x00,0x02,0x00,0x00,0x00,
0x04,0x00,0x00,0x00,0x00,0x00,0x00,0x00,0x03,0x00,0x00,0x00,0xf8,0x00,0x02,0x00,
0x05,0x00,0x00,0x00,0x3b,0x00,0x04,0x00,0x89,0x04,0x00,0x00,0xa3,0x04,0x00,0x00,
0x07,0x00,0x00,0x00,0x3b,0x00,0x04,0x00,0x87,0x04,0x00,0x00,0xa2,0x04,0x00,0x00,
0x07,0x00,0x00,0x00,0x3b,0x00,0x05,0x00,0xf7,0x01,0x00,0x00,0xd7,0x02,0x00,0x00,
0x07,0x00,0x00,0x00,0xf5,0x01,0x00,0x00,0x3b,0x00,0x04,0x00,0xfd,0x01,0x00,0x00,
0xd8,0x02,0x00,0x00,0x07,0x00,0x00,0x00,0x3b,0x00,0x05,0x00,0xf7,0x01,0x00,0x00,
0xdc,0x02,0x00,0x00,0x07,0x00,0x00,0x00,0xf5,0x01,0x00,0x00,0x3d,0x00,0x04,0x00,
0x8b,0x02,0x00,0x00,0x8e,0x02,0x00,0x00,0x8d,0x02,0x00,0x00,0x4f,0x00,0x07,0x00,
0x3b,0x01,0x00,0x00,0x8f,0x02,0x00,0x00,0x8e,0x02,0x00,0x00,0x8e,0x02,0x00,0x00,
0x00,0x00,0x00,0x00,0x01,0x00,0x00,0x00,0x7c,0x00,0x04,0x00,0x29,0x00,0x00,0x00,
0x90,0x02,0x00,0x00,0x8f,0x02,0x00,0x00,0x3e,0x00,0x03,0x00,0xd7,0x02,0x00,0x00,
0xf5,0x01,0x00,0x00,0x3e,0x00,0x03,0x00,0xdc,0x02,0x00,0x00,0xf5,0x01,0x00,0x00,
0xf9,0x00,0x02,0x00,0xe4,0x02,0x00,0x00,0xf8,0x00,0x02,0x00,0xe4,0x02,0x00,0x00,
0xf5,0x00,0x07,0x00,0x28,0x00,0x00,0x00,0x03,0x05,0x00,0x00,0xb6,0x00,0x00,0x00,
0x05,0x00,0x00,0x00,0xf4,0x02,0x00,0x00,0xe8,0x02,0x00,0x00,0xb1,0x00,0x05,0x00,
0x67,0x00,0x00,0x00,0xe7,0x02,0x00,0x00,0x03,0x05,0x00,0x00,0xc2,0x00,0x00,0x00,
0xf6,0x00,0x04,0x00,0xf5,0x02,0x00,0x00,0xe8,0x02,0x00,0x00,0x00,0x00,0x00,0x00,
0xfa,0x00,0x04,0x00,0xe7,0x02,0x00,0x00,0xe8,0x02,0x00,0x00,0xf5,0x02,0x00,0x00,
0xf8,0x00,0x02,0x00,0xe8,0x02,0x00,0x00,0x41,0x00,0x05,0x00,0x39,0x00,0x00,0x00,
0xeb,0x02,0x00,0x00,0xd7,0x02,0x00,0x00,0x03,0x05,0x00,0x00,0x3d,0x00,0x04,0x00,
0x29,0x00,0x00,0x00,0xec,0x02,0x00,0x00,0xeb,0x02,0x00,0x00,0x80,0x00,0x05,0x00,
0x29,0x00,0x00,0x00,0xed,0x02,0x00,0x00,0x90,0x02,0x00,0x00,0xec,0x02,0x00,0x00,
0x3d,0x00,0x04,0x00,0xd3,0x00,0x00,0x00,0x26,0x03,0x00,0x00,0xd5,0x00,0x00,0x00,
0x5f,0x00,0x07,0x00,0x2d,0x00,0x00,0x00,0x28,0x03,0x00,0x00,0x26,0x03,0x00,0x00,
0xed,0x02,0x00,0x00,0x02,0x00,0x00,0x00,0xb6,0x00,0x00,0x00,0x51,0x00,0x05,0x00,
0x06,0x00,0x00,0x00,0x29,0x03,0x00,0x00,0x28,0x03,0x00,0x00,0x00,0x00,0x00,0x00,
0x41,0x00,0x05,0x00,0x07,0x00,0x00,0x00,0xf1,0x02,0x00,0x00,0xd8,0x02,0x00,0x00,
0x03,0x05,0x00,0x00,0x3e,0x00,0x03,0x00,0xf1,0x02,0x00,0x00,0x29,0x03,0x00,0x00,
0x80,0x00,0x05,0x00,0x28,0x00,0x00,0x00,0xf4,0x02,0x00,0x00,0x03,0x05,0x00,0x00,
0x6c,0x01,0x00,0x00,0xf9,0x00,0x02,0x00,0xe4,0x02,0x00,0x00,0xf8,0x00,0x02,0x00,
0xf5,0x02,0x00,0x00,0x41,0x00,0x05,0x00,0x07,0x00,0x00,0x00,0xf8,0x02,0x00,0x00,
0xd8,0x02,0x00,0x00,0xb6,0x00,0x00,0x00,0x3d,0x00,0x04,0x00,0x06,0x00,0x00,0x00,
0xf9,0x02,0x00,0x00,0xf8,0x02,0x00,0x00,0x3d,0x00,0x04,0x00,0x06,0x00,0x00,0x00,
0xfc,0x02,0x00,0x00,0xf8,0x02,0x00,0x00,0xf9,0x00,0x02,0x00,0xfe,0x02,0x00,0x00,
0xf8,0x00,0x02,0x00,0xfe,0x02,0x00,0x00,0xf5,0x00,0x07,0x00,0x06,0x00,0x00,0x00,
0x07,0x05,0x00,0x00,0xf9,0x02,0x00,0x00,0xf5,0x02,0x00,0x00,0x11,0x05,0x00,0x00,
0x1f,0x03,0x00,0x00,0xf5,0x00,0x07,0x00,0x29,0x00,0x00,0x00,0x06,0x05,0x00,0x00,
0x90,0x02,0x00,0x00,0xf5,0x02,0x00,0x00,0x0f,0x05,0x00,0x00,0x1f,0x03,0x00,0x00,
0xf5,0x00,0x07,0x00,0x06,0x00,0x00,0x00,0x05,0x05,0x00,0x00,0xfc,0x02,0x00,0x00,
0xf5,0x02,0x00,0x00,0x0d,0x05,0x00,0x00,0x1f,0x03,0x00,0x00,0xf5,0x00,0x07,0x00,
0x28,0x00,0x00,0x00,0x04,0x05,0x00,0x00,0x6c,0x01,0x00,0x00,0xf5,0x02,0x00,0x00,
0x21,0x03,0x00,0x00,0x1f,0x03,0x00,0x00,0xb1,0x00,0x05,0x00,0x67,0x00,0x00,0x00,
0x01,0x03,0x00,0x00,0x04,0x05,0x00,0x00,0xc2,0x00,0x00,0x00,0xf6,0x00,0x04,0x00,
0x22,0x03,0x00,0x00,0x1f,0x03,0x00,0x00,0x00,0x00,0x00,0x00,0xfa,0x00,0x04,0x00,
0x01,0x03,0x00,0x00,0x02,0x03,0x00,0x00,0x22,0x03,0x00,0x00,0xf8,0x00,0x02,0x00,
0x02,0x03,0x00,0x00,0x41,0x00,0x05,0x00,0x39,0x00,0x00,0x00,0x05,0x03,0x00,0x00,
0xdc,0x02,0x00,0x00,0x04,0x05,0x00,0x00,0x3d,0x00,0x04,0x00,0x29,0x00,0x00,0x00,
0x06,0x03,0x00,0x00,0x05,0x03,0x00,0x00,0x80,0x00,0x05,0x00,0x29,0x00,0x00,0x00,
0x07,0x03,0x00,0x00,0x90,0x02,0x00,0x00,0x06,0x03,0x00,0x00,0x41,0x00,0x05,0x00,
0xb7,0x00,0x00,0x00,0x2c,0x03,0x00,0x00,0xb5,0x00,0x00,0x00,0xb6,0x00,0x00,0x00,
0x3d,0x00,0x04,0x00,0x29,0x00,0x00,0x00,0x2d,0x03,0x00,0x00,0x2c,0x03,0x00,0x00,
0x7c,0x00,0x04,0x00,0x3b,0x01,0x00,0x00,0x32,0x03,0x00,0x00,0x07,0x03,0x00,0x00,
0x7c,0x00,0x04,0x00,0x3b,0x01,0x00,0x00,0x34,0x03,0x00,0x00,0x2d,0x03,0x00,0x00,
0xb0,0x00,0x05,0x00,0x3f,0x01,0x00,0x00,0x35,0x03,0x00,0x00,0x32,0x03,0x00,0x00,
0x34,0x03,0x00,0x00,0x9b,0x00,0x04,0x00,0x67,0x00,0x00,0x00,0x36,0x03,0x00,0x00,
0x35,0x03,0x00,0x00,0xf7,0x00,0x03,0x00,0x1e,0x03,0x00,0x00,0x00,0x00,0x00,0x00,
0xfa,0x00,0x04,0x00,0x36,0x03,0x00,0x00,0x0b,0x03,0x00,0x00,0x1e,0x03,0x00,0x00,
0xf8,0x00,0x02,0x00,0x0b,0x03,0x00,0x00,0x41,0x00,0x05,0x00,0x07,0x00,0x00,0x00,
0x0d,0x03,0x00,0x00,0xd8,0x02,0x00,0x00,0x04,0x05,0x00,0x00,0x3d,0x00,0x04,0x00,
0x06,0x00,0x00,0x00,0x0e,0x03,0x00,0x00,0x0d,0x03,0x00,0x00,0xb8,0x00,0x05,0x00,
0x67,0x00,0x00,0x00,0x12,0x03,0x00,0x00,0x0e,0x03,0x00,0x00,0x07,0x05,0x00,0x00,
0xf7,0x00,0x03,0x00,0x1d,0x03,0x00,0x00,0x00,0x00,0x00,0x00,0xfa,0x00,0x04,0x00,
0x12,0x03,0x00,0x00,0x13,0x03,0x00,0x00,0x1d,0x03,0x00,0x00,0xf8,0x00,0x02,0x00,
0x13,0x03,0x00,0x00,0x0c,0x00,0x07,0x00,0x06,0x00,0x00,0x00,0x3b,0x03,0x00,0x00,
0x01,0x00,0x00,0x00,0x28,0x00,0x00,0x00,0x05,0x05,0x00,0x00,0x0e,0x03,0x00,0x00,
0xf9,0x00,0x02,0x00,0x1d,0x03,0x00,0x00,0xf8,0x00,0x02,0x00,0x1d,0x03,0x00,0x00,
0xf5,0x00,0x07,0x00,0x06,0x00,0x00,0x00,0x0e,0x05,0x00,0x00,0x05,0x05,0x00,0x00,
0x0b,0x03,0x00,0x00,0x3b,0x03,0x00,0x00,0x13,0x03,0x00,0x00,0xa9,0x00,0x06,0x00,
0x06,0x00,0x00,0x00,0x13,0x05,0x00,0x00,0x12,0x03,0x00,0x00,0x0e,0x03,0x00,0x00,
0x07,0x05,0x00,0x00,0x50,0x00,0x05,0x00,0x3f,0x01,0x00,0x00,0x14,0x05,0x00,0x00,
0x12,0x03,0x00,0x00,0x12,0x03,0x00,0x00,0xa9,0x00,0x06,0x00,0x29,0x00,0x00,0x00,
0x15,0x05,0x00,0x00,0x14,0x05,0x00,0x00,0x07,0x03,0x00,0x00,0x06,0x05,0x00,0x00,
0xf9,0x00,0x02,0x00,0x1e,0x03,0x00,0x00,0xf8,0x00,0x02,0x00,0x1e,0x03,0x00,0x00,
0xf5,0x00,0x07,0x00,0x06,0x00,0x00,0x00,0x11,0x05,0x00,0x00,0x07,0x05,0x00,0x00,
0x02,0x03,0x00,0x00,0x13,0x05,0x00,0x00,0x1d,0x03,0x00,0x00,0xf5,0x00,0x07,0x00,
0x29,0x00,0x00,0x00,0x0f,0x05,0x00,0x00,0x06,0x05,0x00,0x00,0x02,0x03,0x00,0x00,
0x15,0x05,0x00,0x00,0x1d,0x03,0x00,0x00,0xf5,0x00,0x07,0x00,0x06,0x00,0x00,0x00,
0x0d,0x05,0x00,0x00,0x05,0x05,0x00,0x00,0x02,0x03,0x00,0x00,0x0e,0x05,0x00,0x00,
0x1d,0x03,0x00,0x00,0xf9,0x00,0x02,0x00,0x1f,0x03,0x00,0x00,0xf8,0x00,0x02,0x00,
0x1f,0x03,0x00,0x00,0x80,0x00,0x05,0x00,0x28,0x00,0x00,0x00,0x21,0x03,0x00,0x00,
0x04,0x05,0x00,0x00,0x6c,0x01,0x00,0x00,0xf9,0x00,0x02,0x00,0xfe,0x02,0x00,0x00,
0xf8,0x00,0x02,0x00,0x22,0x03,0x00,0x00,0x3d,0x00,0x04,0x00,0xd3,0x00,0x00,0x00,
0x4b,0x03,0x00,0x00,0xe5,0x00,0x00,0x00,0x5f,0x00,0x07,0x00,0x2d,0x00,0x00,0x00,
0x4d,0x03,0x00,0x00,0x4b,0x03,0x00,0x00,0x06,0x05,0x00,0x00,0x02,0x00,0x00,0x00,
0xb6,0x00,0x00,0x00,0x4f,0x00,0x07,0x00,0x12,0x00,0x00,0x00,0x4e,0x03,0x00,0x00,
0x4d,0x03,0x00,0x00,0x4d,0x03,0x00,0x00,0x00,0x00,0x00,0x00,0x01,0x00,0x00,0x00,
0x41,0x00,0x05,0x00,0xc3,0x00,0x00,0x00,0x58,0x03,0x00,0x00,0xb5,0x00,0x00,0x00,
0xc2,0x00,0x00,0x00,0x3d,0x00,0x04,0x00,0x12,0x00,0x00,0x00,0x59,0x03,0x00,0x00,
0x58,0x03,0x00,0x00,0x41,0x00,0x05,0x00,0xc3,0x00,0x00,0x00,0x5c,0x03,0x00,0x00,
0xb5,0x00,0x00,0x00,0xc8,0x00,0x00,0x00,0x3d,0x00,0x04,0x00,0x12,0x00,0x00,0x00,
0x5d,0x03,0x00,0x00,0x5c,0x03,0x00,0x00,0x7f,0x00,0x04,0x00,0x12,0x00,0x00,0x00,
0xfd,0x04,0x00,0x00,0x5d,0x03,0x00,0x00,0x0c,0x00,0x08,0x00,0x12,0x00,0x00,0x00,
0x54,0x03,0x00,0x00,0x01,0x00,0x00,0x00,0x32,0x00,0x00,0x00,0x4e,0x03,0x00,0x00,
0x59,0x03,0x00,0x00,0xfd,0x04,0x00,0x00,0x41,0x00,0x05,0x00,0xbd,0x00,0x00,0x00,
0xbf,0x03,0x00,0x00,0xb5,0x00,0x00,0x00,0xbc,0x00,0x00,0x00,0x3d,0x00,0x04,0x00,
0x2d,0x00,0x00,0x00,0xc0,0x03,0x00,0x00,0xbf,0x03,0x00,0x00,0x51,0x00,0x05,0x00,
0x06,0x00,0x00,0x00,0xb7,0x03,0x00,0x00,0xc0,0x03,0x00,0x00,0x01,0x00,0x00,0x00,
0x51,0x00,0x05,0x00,0x06,0x00,0x00,0x00,0xba,0x03,0x00,0x00,0xc0,0x03,0x00,0x00,
0x00,0x00,0x00,0x00,0x83,0x00,0x05,0x00,0x06,0x00,0x00,0x00,0xbb,0x03,0x00,0x00,
0x07,0x05,0x00,0x00,0xba,0x03,0x00,0x00,0x88,0x00,0x05,0x00,0x06,0x00,0x00,0x00,
0xbc,0x03,0x00,0x00,0xb7,0x03,0x00,0x00,0xbb,0x03,0x00,0x00,0x41,0x00,0x05,0x00,
0xce,0x00,0x00,0x00,0xc3,0x03,0x00,0x00,0xb5,0x00,0x00,0x00,0xcd,0x00,0x00,0x00,
0x3d,0x00,0x04,0x00,0x06,0x00,0x00,0x00,0xc4,0x03,0x00,0x00,0xc3,0x03,0x00,0x00,
0x85,0x00,0x05,0x00,0x06,0x00,0x00,0x00,0xb1,0x03,0x00,0x00,0xbc,0x03,0x00,0x00,
0xc4,0x03,0x00,0x00,0x0c,0x00,0x07,0x00,0x06,0x00,0x00,0x00,0xc9,0x03,0x00,0x00,
0x01,0x00,0x00,0x00,0x25,0x00,0x00,0x00,0xb1,0x03,0x00,0x00,0x97,0x01,0x00,0x00,
0x85,0x00,0x05,0x00,0x06,0x00,0x00,0x00,0xd1,0x03,0x00,0x00,0xc9,0x03,0x00,0x00,
0xfe,0x04,0x00,0x00,0x0c,0x00,0x08,0x00,0x06,0x00,0x00,0x00,0xd7,0x03,0x00,0x00,
0x01,0x00,0x00,0x00,0x2b,0x00,0x00,0x00,0xd1,0x03,0x00,0x00,0x9b,0x00,0x00,0x00,
0x9c,0x00,0x00,0x00,0x0c,0x00,0x08,0x00,0x06,0x00,0x00,0x00,0xdd,0x03,0x00,0x00,
0x01,0x00,0x00,0x00,0x2e,0x00,0x00,0x00,0x1d,0x01,0x00,0x00,0x1e,0x01,0x00,0x00,
0xd7,0x03,0x00,0x00,0x85,0x00,0x05,0x00,0x12,0x00,0x00,0x00,0xe1,0x03,0x00,0x00,
0x54,0x03,0x00,0x00,0x2d,0x01,0x00,0x00,0x0c,0x00,0x06,0x00,0x06,0x00,0x00,0x00,
0xe2,0x03,0x00,0x00,0x01,0x00,0x00,0x00,0x42,0x00,0x00,0x00,0xe1,0x03,0x00,0x00,
0xba,0x00,0x05,0x00,0x67,0x00,0x00,0x00,0x7b,0x03,0x00,0x00,0xe2,0x03,0x00,0x00,
0xdd,0x03,0x00,0x00,0xa9,0x00,0x06,0x00,0x06,0x00,0x00,0x00,0x7c,0x03,0x00,0x00,
0x7b,0x03,0x00,0x00,0x9c,0x00,0x00,0x00,0x9b,0x00,0x00,0x00,0x8e,0x00,0x05,0x00,
0x12,0x00,0x00,0x00,0x7e,0x03,0x00,0x00,0x54,0x03,0x00,0x00,0x7c,0x03,0x00,0x00,
0x6f,0x00,0x04,0x00,0x12,0x00,0x00,0x00,0x80,0x03,0x00,0x00,0x90,0x02,0x00,0x00,
0x81,0x00,0x05,0x00,0x12,0x00,0x00,0x00,0x82,0x03,0x00,0x00,0x80,0x03,0x00,0x00,
0x5d,0x01,0x00,0x00,0x41,0x00,0x05,0x00,0xb7,0x00,0x00,0x00,0xe5,0x03,0x00,0x00,
0xb5,0x00,0x00,0x00,0xb6,0x00,0x00,0x00,0x3d,0x00,0x04,0x00,0x29,0x00,0x00,0x00,
0xe6,0x03,0x00,0x00,0xe5,0x03,0x00,0x00,0x6f,0x00,0x04,0x00,0x12,0x00,0x00,0x00,
0x84,0x03,0x00,0x00,0xe6,0x03,0x00,0x00,0x88,0x00,0x05,0x00,0x12,0x00,0x00,0x00,
0x85,0x03,0x00,0x00,0x82,0x03,0x00,0x00,0x84,0x03,0x00,0x00,0x81,0x00,0x05,0x00,
0x12,0x00,0x00,0x00,0x88,0x03,0x00,0x00,0x85,0x03,0x00,0x00,0x7e,0x03,0x00,0x00,
0x0c,0x00,0x08,0x00,0x12,0x00,0x00,0x00,0xf5,0x03,0x00,0x00,0x01,0x00,0x00,0x00,
0x32,0x00,0x00,0x00,0x88,0x03,0x00,0x00,0x84,0x03,0x00,0x00,0x02,0x05,0x00,0x00,
0x0c,0x00,0x06,0x00,0x12,0x00,0x00,0x00,0xf7,0x03,0x00,0x00,0x01,0x00,0x00,0x00,
0x08,0x00,0x00,0x00,0xf5,0x03,0x00,0x00,0x6e,0x00,0x04,0x00,0x29,0x00,0x00,0x00,
0xf8,0x03,0x00,0x00,0xf7,0x03,0x00,0x00,0x0c,0x00,0x06,0x00,0x12,0x00,0x00,0x00,
0x20,0x04,0x00,0x00,0x01,0x00,0x00,0x00,0x0a,0x00,0x00,0x00,0xf5,0x03,0x00,0x00,
0x51,0x00,0x05,0x00,0x06,0x00,0x00,0x00,0x01,0x04,0x00,0x00,0x20,0x04,0x00,0x00,
0x00,0x00,0x00,0x00,0x83,0x00,0x05,0x00,0x06,0x00,0x00,0x00,0x02,0x04,0x00,0x00,
0x9c,0x00,0x00,0x00,0x01,0x04,0x00,0x00,0x51,0x00,0x05,0x00,0x06,0x00,0x00,0x00,
0x04,0x04,0x00,0x00,0x20,0x04,0x00,0x00,0x01,0x00,0x00,0x00,0x83,0x00,0x05,0x00,
0x06,0x00,0x00,0x00,0x05,0x04,0x00,0x00,0x9c,0x00,0x00,0x00,0x04,0x04,0x00,0x00,
0x85,0x00,0x05,0x00,0x06,0x00,0x00,0x00,0x06,0x04,0x00,0x00,0x02,0x04,0x00,0x00,
0x05,0x04,0x00,0x00,0x85,0x00,0x05,0x00,0x06,0x00,0x00,0x00,0x0d,0x04,0x00,0x00,
0x01,0x04,0x00,0x00,0x05,0x04,0x00,0x00,0x85,0x00,0x05,0x00,0x06,0x00,0x00,0x00,
0x14,0x04,0x00,0x00,0x02,0x04,0x00,0x00,0x04,0x04,0x00,0x00,0x85,0x00,0x05,0x00,
0x06,0x00,0x00,0x00,0x1a,0x04,0x00,0x00,0x01,0x04,0x00,0x00,0x04,0x04,0x00,0x00,
0x50,0x00,0x07,0x00,0x76,0x00,0x00,0x00,0xf0,0x04,0x00,0x00,0x06,0x04,0x00,0x00,
0x0d,0x04,0x00,0x00,0x14,0x04,0x00,0x00,0x1a,0x04,0x00,0x00,0x3e,0x00,0x03,0x00,
0xa2,0x04,0x00,0x00,0x00,0x05,0x00,0x00,0x3e,0x00,0x03,0x00,0xa3,0x04,0x00,0x00,
0xf0,0x04,0x00,0x00,0xf9,0x00,0x02,0x00,0x8c,0x03,0x00,0x00,0xf8,0x00,0x02,0x00,
0x8c,0x03,0x00,0x00,0xf5,0x00,0x07,0x00,0x28,0x00,0x00,0x00,0x08,0x05,0x00,0x00,
0xb6,0x00,0x00,0x00,0x22,0x03,0x00,0x00,0xa9,0x03,0x00,0x00,0xa7,0x03,0x00,0x00,
0xb1,0x00,0x05,0x00,0x67,0x00,0x00,0x00,0x8f,0x03,0x00,0x00,0x08,0x05,0x00,0x00,
0xc1,0x01,0x00,0x00,0xf6,0x00,0x04,0x00,0xaa,0x03,0x00,0x00,0xa7,0x03,0x00,0x00,
0x00,0x00,0x00,0x00,0xfa,0x00,0x04,0x00,0x8f,0x03,0x00,0x00,0x90,0x03,0x00,0x00,
0xaa,0x03,0x00,0x00,0xf8,0x00,0x02,0x00,0x90,0x03,0x00,0x00,0x41,0x00,0x05,0x00,
0x39,0x00,0x00,0x00,0xa8,0x04,0x00,0x00,0xa2,0x04,0x00,0x00,0x08,0x05,0x00,0x00,
0x3d,0x00,0x04,0x00,0x29,0x00,0x00,0x00,0x93,0x03,0x00,0x00,0xa8,0x04,0x00,0x00,
0x41,0x00,0x05,0x00,0x07,0x00,0x00,0x00,0xa9,0x04,0x00,0x00,0xa3,0x04,0x00,0x00,
0x08,0x05,0x00,0x00,0x3d,0x00,0x04,0x00,0x06,0x00,0x00,0x00,0x96,0x03,0x00,0x00,
0xa9,0x04,0x00,0x00,0xba,0x00,0x05,0x00,0x67,0x00,0x00,0x00,0x98,0x03,0x00,0x00,
0x96,0x03,0x00,0x00,0xcc,0x01,0x00,0x00,0xf7,0x00,0x03,0x00,0xa6,0x03,0x00,0x00,
0x00,0x00,0x00,0x00,0xfa,0x00,0x04,0x00,0x98,0x03,0x00,0x00,0x99,0x03,0x00,0x00,
0xa6,0x03,0x00,0x00,0xf8,0x00,0x02,0x00,0x99,0x03,0x00,0x00,0x80,0x00,0x05,0x00,
0x29,0x00,0x00,0x00,0x9d,0x03,0x00,0x00,0xf8,0x03,0x00,0x00,0x93,0x03,0x00,0x00,
0x7c,0x00,0x04,0x00,0x3b,0x01,0x00,0x00,0x28,0x04,0x00,0x00,0x9d,0x03,0x00,0x00,
0x7c,0x00,0x04,0x00,0x3b,0x01,0x00,0x00,0x2a,0x04,0x00,0x00,0xe6,0x03,0x00,0x00,
0xb0,0x00,0x05,0x00,0x3f,0x01,0x00,0x00,0x2b,0x04,0x00,0x00,0x28,0x04,0x00,0x00,
0x2a,0x04,0x00,0x00,0x9b,0x00,0x04,0x00,0x67,0x00,0x00,0x00,0x2c,0x04,0x00,0x00,
0x2b,0x04,0x00,0x00,0xf7,0x00,0x03,0x00,0xa5,0x03,0x00,0x00,0x00,0x00,0x00,0x00,
0xfa,0x00,0x04,0x00,0x2c,0x04,0x00,0x00,0xa1,0x03,0x00,0x00,0xa5,0x03,0x00,0x00,
0xf8,0x00,0x02,0x00,0xa1,0x03,0x00,0x00,0x7c,0x00,0x04,0x00,0x73,0x00,0x00,0x00,
0x30,0x04,0x00,0x00,0x07,0x05,0x00,0x00,0x3c,0x00,0x06,0x00,0x09,0x01,0x00,0x00,
0x33,0x04,0x00,0x00,0x06,0x01,0x00,0x00,0x9d,0x03,0x00,0x00,0xd9,0x00,0x00,0x00,
0xed,0x00,0x07,0x00,0x73,0x00,0x00,0x00,0x34,0x04,0x00,0x00,0x33,0x04,0x00,0x00,
0x0b,0x01,0x00,0x00,0xd9,0x00,0x00,0x00,0x30,0x04,0x00,0x00,0xf9,0x00,0x02,0x00,
0xa5,0x03,0x00,0x00,0xf8,0x00,0x02,0x00,0xa5,0x03,0x00,0x00,0xf9,0x00,0x02,0x00,
0xa6,0x03,0x00,0x00,0xf8,0x00,0x02,0x00,0xa6,0x03,0x00,0x00,0xf9,0x00,0x02,0x00,
0xa7,0x03,0x00,0x00,0xf8,0x00,0x02,0x00,0xa7,0x03,0x00,0x00,0x80,0x00,0x05,0x00,
0x28,0x00,0x00,0x00,0xa9,0x03,0x00,0x00,0x08,0x05,0x00,0x00,0x6c,0x01,0x00,0x00,
0xf9,0x00,0x02,0x00,0x8c,0x03,0x00,0x00,0xf8,0x00,0x02,0x00,0xaa,0x03,0x00,0x00,
0x3d,0x00,0x04,0x00,0x14,0x01,0x00,0x00,0x36,0x04,0x00,0x00,0x16,0x01,0x00,0x00,
0x51,0x00,0x05,0x00,0x06,0x00,0x00,0x00,0x39,0x04,0x00,0x00,0x54,0x03,0x00,0x00,
0x00,0x00,0x00,0x00,0x51,0x00,0x05,0x00,0x06,0x00,0x00,0x00,0x3a,0x04,0x00,0x00,
0x54,0x03,0x00,0x00,0x01,0x00,0x00,0x00,0x50,0x00,0x07,0x00,0x2d,0x00,0x00,0x00,
0x3b,0x04,0x00,0x00,0x39,0x04,0x00,0x00,0x3a,0x04,0x00,0x00,0x9b,0x00,0x00,0x00,
0x9b,0x00,0x00,0x00,0x63,0x00,0x04,0x00,0x36,0x04,0x00,0x00,0x90,0x02,0x00,0x00,
0x3b,0x04,0x00,0x00,0x3d,0x00,0x04,0x00,0x0d,0x01,0x00,0x00,0x3d,0x04,0x00,0x00,
0x0f,0x01,0x00,0x00,0x50,0x00,0x07,0x00,0x2d,0x00,0x00,0x00,0x40,0x04,0x00,0x00,
0x07,0x05,0x00,0x00,0x9b,0x00,0x00,0x00,0x9b,0x00,0x00,0x00,0x9b,0x00,0x00,0x00,
0x63,0x00,0x04,0x00,0x3d,0x04,0x00,0x00,0x90,0x02,0x00,0x00,0x40,0x04,0x00,0x00,
0x83,0x00,0x05,0x00,0x06,0x00,0x00,0x00,0x51,0x04,0x00,0x00,0x05,0x05,0x00,0x00,
0xba,0x03,0x00,0x00,0x88,0x00,0x05,0x00,0x06,0x00,0x00,0x00,0x52,0x04,0x00,0x00,
0xb7,0x03,0x00,0x00,0x51,0x04,0x00,0x00,0x85,0x00,0x05,0x00,0x06,0x00,0x00,0x00,
0x47,0x04,0x00,0x00,0x52,0x04,0x00,0x00,0xc4,0x03,0x00,0x00,0x0c,0x00,0x07,0x00,
0x06,0x00,0x00,0x00,0x5f,0x04,0x00,0x00,0x01,0x00,0x00,0x00,0x25,0x00,0x00,0x00,
0x47,0x04,0x00,0x00,0x97,0x01,0x00,0x00,0x3d,0x00,0x04,0x00,0xf4,0x00,0x00,0x00,
0x61,0x04,0x00,0x00,0xf6,0x00,0x00,0x00,0x50,0x00,0x07,0x00,0x2d,0x00,0x00,0x00,
0x64,0x04,0x00,0x00,0x5f,0x04,0x00,0x00,0x9b,0x00,0x00,0x00,0x9b,0x00,0x00,0x00,
0x9b,0x00,0x00,0x00,0x63,0x00,0x04,0x00,0x61,0x04,0x00,0x00,0x90,0x02,0x00,0x00,
0x64,0x04,0x00,0x00,0x3d,0x00,0x04,0x00,0xd3,0x00,0x00,0x00,0x75,0x04,0x00,0x00,
0xdd,0x00,0x00,0x00,0x5f,0x00,0x07,0x00,0x2d,0x00,0x00,0x00,0x77,0x04,0x00,0x00,
0x75,0x04,0x00,0x00,0x90,0x02,0x00,0x00,0x02,0x00,0x00,0x00,0xb6,0x00,0x00,0x00,
0x4f,0x00,0x08,0x00,0x21,0x00,0x00,0x00,0x78,0x04,0x00,0x00,0x77,0x04,0x00,0x00,
0x77,0x04,0x00,0x00,0x00,0x00,0x00,0x00,0x01,0x00,0x00,0x00,0x02,0x00,0x00,0x00,
0x0c,0x00,0x07,0x00,0x21,0x00,0x00,0x00,0x7d,0x04,0x00,0x00,0x01,0x00,0x00,0x00,
0x28,0x00,0x00,0x00,0x4b,0x02,0x00,0x00,0x78,0x04,0x00,0x00,0x94,0x00,0x05,0x00,
0x06,0x00,0x00,0x00,0x81,0x04,0x00,0x00,0x7d,0x04,0x00,0x00,0x36,0x01,0x00,0x00,
0x3d,0x00,0x04,0x00,0xf4,0x00,0x00,0x00,0x83,0x04,0x00,0x00,0xfb,0x00,0x00,0x00,
0x50,0x00,0x07,0x00,0x2d,0x00,0x00,0x00,0x86,0x04,0x00,0x00,0x81,0x04,0x00,0x00,
0x9b,0x00,0x00,0x00,0x9b,0x00,0x00,0x00,0x9b,0x00,0x00,0x00,0x63,0x00,0x04,0x00,
0x83,0x04,0x00,0x00,0x90,0x02,0x00,0x00,0x86,0x04,0x00,0x00,0xfd,0x00,0x01,0x00,
0x38,0x00,0x01,0x00
};

// ffx_fsr3upscaler_prepare_inputs_pass_wave64_4b3222f86f441f7a643de482cbdd2957.h.
// Auto generated by FidelityFX-SC.

static const char* g_ffx_fsr3upscaler_prepare_inputs_pass_wave64_4b3222f86f441f7a643de482cbdd2957_CBVResourceNames[] = {  "cbFSR3Upscaler", };
static const uint32_t g_ffx_fsr3upscaler_prepare_inputs_pass_wave64_4b3222f86f441f7a643de482cbdd2957_CBVResourceBindings[] = {  8, };
static const uint32_t g_ffx_fsr3upscaler_prepare_inputs_pass_wave64_4b3222f86f441f7a643de482cbdd2957_CBVResourceCounts[] = {  1, };
static const uint32_t g_ffx_fsr3upscaler_prepare_inputs_pass_wave64_4b3222f86f441f7a643de482cbdd2957_CBVResourceSets[] = {  0, };

static const char* g_ffx_fsr3upscaler_prepare_inputs_pass_wave64_4b3222f86f441f7a643de482cbdd2957_TextureSRVResourceNames[] = {  "r_input_motion_vectors", "r_input_depth", "r_input_color_jittered", };
static const uint32_t g_ffx_fsr3upscaler_prepare_inputs_pass_wave64_4b3222f86f441f7a643de482cbdd2957_TextureSRVResourceBindings[] = {  0, 1, 2, };
static const uint32_t g_ffx_fsr3upscaler_prepare_inputs_pass_wave64_4b3222f86f441f7a643de482cbdd2957_TextureSRVResourceCounts[] = {  1, 1, 1, };
static const uint32_t g_ffx_fsr3upscaler_prepare_inputs_pass_wave64_4b3222f86f441f7a643de482cbdd2957_TextureSRVResourceSets[] = {  0, 0, 0, };

static const char* g_ffx_fsr3upscaler_prepare_inputs_pass_wave64_4b3222f86f441f7a643de482cbdd2957_TextureUAVResourceNames[] = {  "rw_dilated_motion_vectors", "rw_dilated_depth", "rw_reconstructed_previous_nearest_depth", "rw_farthest_depth", "rw_current_luma", };
static const uint32_t g_ffx_fsr3upscaler_prepare_inputs_pass_wave64_4b3222f86f441f7a643de482cbdd2957_TextureUAVResourceBindings[] = {  3, 4, 5, 6, 7, };
static const uint32_t g_ffx_fsr3upscaler_prepare_inputs_pass_wave64_4b3222f86f441f7a643de482cbdd2957_TextureUAVResourceCounts[] = {  1, 1, 1, 1, 1, };
static const uint32_t g_ffx_fsr3upscaler_prepare_inputs_pass_wave64_4b3222f86f441f7a643de482cbdd2957_TextureUAVResourceSets[] = {  0, 0, 0, 0, 0, };

static const uint32_t g_ffx_fsr3upscaler_prepare_inputs_pass_wave64_4b3222f86f441f7a643de482cbdd2957_size = 7652;

static const unsigned char g_ffx_fsr3upscaler_prepare_inputs_pass_wave64_4b3222f86f441f7a643de482cbdd2957_data[] = {
0x03,0x02,0x23,0x07,0x00,0x05,0x01,0x00,0x0b,0x00,0x08,0x00,0x89,0x05,0x00,0x00,
0x00,0x00,0x00,0x00,0x11,0x00,0x02,0x00,0x01,0x00,0x00,0x00,0x11,0x00,0x02,0x00,
0x31,0x00,0x00,0x00,0x0b,0x00,0x06,0x00,0x01,0x00,0x00,0x00,0x47,0x4c,0x53,0x4c,
0x2e,0x73,0x74,0x64,0x2e,0x34,0x35,0x30,0x00,0x00,0x00,0x00,0x0e,0x00,0x03,0x00,
0x00,0x00,0x00,0x00,0x01,0x00,0x00,0x00,0x0f,0x00,0x0f,0x00,0x05,0x00,0x00,0x00,
0x04,0x00,0x00,0x00,0x6d,0x61,0x69,0x6e,0x00,0x00,0x00,0x00,0xbd,0x00,0x00,0x00,
0xe7,0x00,0x00,0x00,0xef,0x00,0x00,0x00,0xf7,0x00,0x00,0x00,0x08,0x01,0x00,0x00,
0x0d,0x01,0x00,0x00,0x18,0x01,0x00,0x00,0x21,0x01,0x00,0x00,0x28,0x01,0x00,0x00,
0xb8,0x02,0x00,0x00,0x10,0x00,0x06,0x00,0x04,0x00,0x00,0x00,0x11,0x00,0x00,0x00,
0x08,0x00,0x00,0x00,0x08,0x00,0x00,0x00,0x01,0x00,0x00,0x00,0x03,0x00,0x03,0x00,
0x02,0x00,0x00,0x00,0xc2,0x01,0x00,0x00,0x04,0x00,0x0b,0x00,0x47,0x4c,0x5f,0x45,
0x58,0x54,0x5f,0x73,0x61,0x6d,0x70,0x6c,0x65,0x72,0x6c,0x65,0x73,0x73,0x5f,0x74,
0x65,0x78,0x74,0x75,0x72,0x65,0x5f,0x66,0x75,0x6e,0x63,0x74,0x69,0x6f,0x6e,0x73,
0x00,0x00,0x00,0x00,0x04,0x00,0x0b,0x00,0x47,0x4c,0x5f,0x45,0x58,0x54,0x5f,0x73,
0x68,0x61,0x64,0x65,0x72,0x5f,0x65,0x78,0x70,0x6c,0x69,0x63,0x69,0x74,0x5f,0x61,
0x72,0x69,0x74,0x68,0x6d,0x65,0x74,0x69,0x63,0x5f,0x74,0x79,0x70,0x65,0x73,0x00,
0x04,0x00,0x0a,0x00,0x47,0x4c,0x5f,0x47,0x4f,0x4f,0x47,0x4c,0x45,0x5f,0x63,0x70,
0x70,0x5f,0x73,0x74,0x79,0x6c,0x65,0x5f,0x6c,0x69,0x6e,0x65,0x5f,0x64,0x69,0x72,
0x65,0x63,0x74,0x69,0x76,0x65,0x00,0x00,0x04,0x00,0x08,0x00,0x47,0x4c,0x5f,0x47,
0x4f,0x4f,0x47,0x4c,0x45,0x5f,0x69,0x6e,0x63,0x6c,0x75,0x64,0x65,0x5f,0x64,0x69,
0x72,0x65,0x63,0x74,0x69,0x76,0x65,0x00,0x05,0x00,0x04,0x00,0x04,0x00,0x00,0x00,
0x6d,0x61,0x69,0x6e,0x00,0x00,0x00,0x00,0x05,0x00,0x07,0x00,0xbb,0x00,0x00,0x00,
0x63,0x62,0x46,0x53,0x52,0x33,0x55,0x50,0x53,0x43,0x41,0x4c,0x45,0x52,0x5f,0x74,
0x00,0x00,0x00,0x00,0x06,0x00,0x06,0x00,0xbb,0x00,0x00,0x00,0x00,0x00,0x00,0x00,
0x69,0x52,0x65,0x6e,0x64,0x65,0x72,0x53,0x69,0x7a,0x65,0x00,0x06,0x00,0x0a,0x00,
0xbb,0x00,0x00,0x00,0x01,0x00,0x00,0x00,0x69,0x50,0x72,0x65,0x76,0x69,0x6f,0x75,
0x73,0x46,0x72,0x61,0x6d,0x65,0x52,0x65,0x6e,0x64,0x65,0x72,0x53,0x69,0x7a,0x65,
0x00,0x00,0x00,0x00,0x06,0x00,0x07,0x00,0xbb,0x00,0x00,0x00,0x02,0x00,0x00,0x00,
0x69,0x55,0x70,0x73,0x63,0x61,0x6c,0x65,0x53,0x69,0x7a,0x65,0x00,0x00,0x00,0x00,
0x06,0x00,0x0a,0x00,0xbb,0x00,0x00,0x00,0x03,0x00,0x00,0x00,0x69,0x50,0x72,0x65,
0x76,0x69,0x6f,0x75,0x73,0x46,0x72,0x61,0x6d,0x65,0x55,0x70,0x73,0x63,0x61,0x6c,
0x65,0x53,0x69,0x7a,0x65,0x00,0x00,0x00,0x06,0x00,0x07,0x00,0xbb,0x00,0x00,0x00,
0x04,0x00,0x00,0x00,0x69,0x4d,0x61,0x78,0x52,0x65,0x6e,0x64,0x65,0x72,0x53,0x69,
0x7a,0x65,0x00,0x00,0x06,0x00,0x07,0x00,0xbb,0x00,0x00,0x00,0x05,0x00,0x00,0x00,
0x69,0x4d,0x61,0x78,0x55,0x70,0x73,0x63,0x61,0x6c,0x65,0x53,0x69,0x7a,0x65,0x00,
0x06,0x00,0x08,0x00,0xbb,0x00,0x00,0x00,0x06,0x00,0x00,0x00,0x66,0x44,0x65,0x76,
0x69,0x63,0x65,0x54,0x6f,0x56,0x69,0x65,0x77,0x44,0x65,0x70,0x74,0x68,0x00,0x00,
0x06,0x00,0x05,0x00,0xbb,0x00,0x00,0x00,0x07,0x00,0x00,0x00,0x66,0x4a,0x69,0x74,
0x74,0x65,0x72,0x00,0x06,0x00,0x09,0x00,0xbb,0x00,0x00,0x00,0x08,0x00,0x00,0x00,
0x66,0x50,0x72,0x65,0x76,0x69,0x6f,0x75,0x73,0x46,0x72,0x61,0x6d,0x65,0x4a,0x69,
0x74,0x74,0x65,0x72,0x00,0x00,0x00,0x00,0x06,0x00,0x08,0x00,0xbb,0x00,0x00,0x00,
0x09,0x00,0x00,0x00,0x66,0x4d,0x6f,0x74,0x69,0x6f,0x6e,0x56,0x65,0x63,0x74,0x6f,
0x72,0x53,0x63,0x61,0x6c,0x65,0x00,0x00,0x06,0x00,0x08,0x00,0xbb,0x00,0x00,0x00,
0x0a,0x00,0x00,0x00,0x66,0x44,0x6f,0x77,0x6e,0x73,0x63,0x61,0x6c,0x65,0x46,0x61,
0x63,0x74,0x6f,0x72,0x00,0x00,0x00,0x00,0x06,0x00,0x0b,0x00,0xbb,0x00,0x00,0x00,
0x0b,0x00,0x00,0x00,0x66,0x4d,0x6f,0x74,0x69,0x6f,0x6e,0x56,0x65,0x63,0x74,0x6f,
0x72,0x4a,0x69,0x74,0x74,0x65,0x72,0x43,0x61,0x6e,0x63,0x65,0x6c,0x6c,0x61,0x74,
0x69,0x6f,0x6e,0x00,0x06,0x00,0x06,0x00,0xbb,0x00,0x00,0x00,0x0c,0x00,0x00,0x00,
0x66,0x54,0x61,0x6e,0x48,0x61,0x6c,0x66,0x46,0x4f,0x56,0x00,0x06,0x00,0x09,0x00,
0xbb,0x00,0x00,0x00,0x0d,0x00,0x00,0x00,0x66,0x4a,0x69,0x74,0x74,0x65,0x72,0x53,
0x65,0x71,0x75,0x65,0x6e,0x63,0x65,0x4c,0x65,0x6e,0x67,0x74,0x68,0x00,0x00,0x00,
0x06,0x00,0x06,0x00,0xbb,0x00,0x00,0x00,0x0e,0x00,0x00,0x00,0x66,0x44,0x65,0x6c,
0x74,0x61,0x54,0x69,0x6d,0x65,0x00,0x00,0x06,0x00,0x08,0x00,0xbb,0x00,0x00,0x00,
0x0f,0x00,0x00,0x00,0x66,0x44,0x65,0x6c,0x74,0x61,0x50,0x72,0x65,0x45,0x78,0x70,
0x6f,0x73,0x75,0x72,0x65,0x00,0x00,0x00,0x06,0x00,0x0a,0x00,0xbb,0x00,0x00,0x00,
0x10,0x00,0x00,0x00,0x66,0x56,0x69,0x65,0x77,0x53,0x70,0x61,0x63,0x65,0x54,0x6f,
0x4d,0x65,0x74,0x65,0x72,0x73,0x46,0x61,0x63,0x74,0x6f,0x72,0x00,0x00,0x00,0x00,
0x06,0x00,0x06,0x00,0xbb,0x00,0x00,0x00,0x11,0x00,0x00,0x00,0x66,0x46,0x72,0x61,
0x6d,0x65,0x49,0x6e,0x64,0x65,0x78,0x00,0x06,0x00,0x07,0x00,0xbb,0x00,0x00,0x00,
0x12,0x00,0x00,0x00,0x66,0x56,0x65,0x6c,0x6f,0x63,0x69,0x74,0x79,0x46,0x61,0x63,
0x74,0x6f,0x72,0x00,0x06,0x00,0x08,0x00,0xbb,0x00,0x00,0x00,0x13,0x00,0x00,0x00,
0x66,0x52,0x65,0x61,0x63,0x74,0x69,0x76,0x65,0x6e,0x65,0x73,0x73,0x53,0x63,0x61,
0x6c,0x65,0x00,0x00,0x06,0x00,0x08,0x00,0xbb,0x00,0x00,0x00,0x14,0x00,0x00,0x00,
0x66,0x53,0x68,0x61,0x64,0x69,0x6e,0x67,0x43,0x68,0x61,0x6e,0x67,0x65,0x53,0x63,
0x61,0x6c,0x65,0x00,0x06,0x00,0x0a,0x00,0xbb,0x00,0x00,0x00,0x15,0x00,0x00,0x00,
0x66,0x41,0x63,0x63,0x75,0x6d,0x75,0x6c,0x61,0x74,0x69,0x6f,0x6e,0x41,0x64,0x64,
0x65,0x64,0x50,0x65,0x72,0x46,0x72,0x61,0x6d,0x65,0x00,0x00,0x06,0x00,0x0b,0x00,
0xbb,0x00,0x00,0x00,0x16,0x00,0x00,0x00,0x66,0x4d,0x69,0x6e,0x44,0x69,0x73,0x6f,
0x63,0x63,0x6c,0x75,0x73,0x69,0x6f,0x6e,0x41,0x63,0x63,0x75,0x6d,0x75,0x6c,0x61,
0x74,0x69,0x6f,0x6e,0x00,0x00,0x00,0x00,0x05,0x00,0x06,0x00,0xbd,0x00,0x00,0x00,
0x63,0x62,0x46,0x53,0x52,0x33,0x55,0x70,0x73,0x63,0x61,0x6c,0x65,0x72,0x00,0x00,
0x05,0x00,0x06,0x00,0xe7,0x00,0x00,0x00,0x72,0x5f,0x69,0x6e,0x70,0x75,0x74,0x5f,
0x64,0x65,0x70,0x74,0x68,0x00,0x00,0x00,0x05,0x00,0x08,0x00,0xef,0x00,0x00,0x00,
0x72,0x5f,0x69,0x6e,0x70,0x75,0x74,0x5f,0x63,0x6f,0x6c,0x6f,0x72,0x5f,0x6a,0x69,
0x74,0x74,0x65,0x72,0x65,0x64,0x00,0x00,0x05,0x00,0x08,0x00,0xf7,0x00,0x00,0x00,
0x72,0x5f,0x69,0x6e,0x70,0x75,0x74,0x5f,0x6d,0x6f,0x74,0x69,0x6f,0x6e,0x5f,0x76,
0x65,0x63,0x74,0x6f,0x72,0x73,0x00,0x00,0x05,0x00,0x07,0x00,0x08,0x01,0x00,0x00,
0x72,0x77,0x5f,0x66,0x61,0x72,0x74,0x68,0x65,0x73,0x74,0x5f,0x64,0x65,0x70,0x74,
0x68,0x00,0x00,0x00,0x05,0x00,0x06,0x00,0x0d,0x01,0x00,0x00,0x72,0x77,0x5f,0x63,
0x75,0x72,0x72,0x65,0x6e,0x74,0x5f,0x6c,0x75,0x6d,0x61,0x00,0x05,0x00,0x0c,0x00,
0x18,0x01,0x00,0x00,0x72,0x77,0x5f,0x72,0x65,0x63,0x6f,0x6e,0x73,0x74,0x72,0x75,
0x63,0x74,0x65,0x64,0x5f,0x70,0x72,0x65,0x76,0x69,0x6f,0x75,0x73,0x5f,0x6e,0x65,
0x61,0x72,0x65,0x73,0x74,0x5f,0x64,0x65,0x70,0x74,0x68,0x00,0x05,0x00,0x07,0x00,
0x21,0x01,0x00,0x00,0x72,0x77,0x5f,0x64,0x69,0x6c,0x61,0x74,0x65,0x64,0x5f,0x64,
0x65,0x70,0x74,0x68,0x00,0x00,0x00,0x00,0x05,0x00,0x09,0x00,0x28,0x01,0x00,0x00,
0x72,0x77,0x5f,0x64,0x69,0x6c,0x61,0x74,0x65,0x64,0x5f,0x6d,0x6f,0x74,0x69,0x6f,
0x6e,0x5f,0x76,0x65,0x63,0x74,0x6f,0x72,0x73,0x00,0x00,0x00,0x05,0x00,0x08,0x00,
0xb8,0x02,0x00,0x00,0x67,0x6c,0x5f,0x47,0x6c,0x6f,0x62,0x61,0x6c,0x49,0x6e,0x76,
0x6f,0x63,0x61,0x74,0x69,0x6f,0x6e,0x49,0x44,0x00,0x00,0x00,0x48,0x00,0x05,0x00,
0xbb,0x00,0x00,0x00,0x00,0x00,0x00,0x00,0x23,0x00,0x00,0x00,0x00,0x00,0x00,0x00,
0x48,0x00,0x05,0x00,0xbb,0x00,0x00,0x00,0x01,0x00,0x00,0x00,0x23,0x00,0x00,0x00,
0x08,0x00,0x00,0x00,0x48,0x00,0x05,0x00,0xbb,0x00,0x00,0x00,0x02,0x00,0x00,0x00,
0x23,0x00,0x00,0x00,0x10,0x00,0x00,0x00,0x48,0x00,0x05,0x00,0xbb,0x00,0x00,0x00,
0x03,0x00,0x00,0x00,0x23,0x00,0x00,0x00,0x18,0x00,0x00,0x00,0x48,0x00,0x05,0x00,
0xbb,0x00,0x00,0x00,0x04,0x00,0x00,0x00,0x23,0x00,0x00,0x00,0x20,0x00,0x00,0x00,
0x48,0x00,0x05,0x00,0xbb,0x00,0x00,0x00,0x05,0x00,0x00,0x00,0x23,0x00,0x00,0x00,
0x28,0x00,0x00,0x00,0x48,0x00,0x05,0x00,0xbb,0x00,0x00,0x00,0x06,0x00,0x00,0x00,
0x23,0x00,0x00,0x00,0x30,0x00,0x00,0x00,0x48,0x00,0x05,0x00,0xbb,0x00,0x00,0x00,
0x07,0x00,0x00,0x00,0x23,0x00,0x00,0x00,0x40,0x00,0x00,0x00,0x48,0x00,0x05,0x00,
0xbb,0x00,0x00,0x00,0x08,0x00,0x00,0x00,0x23,0x00,0x00,0x00,0x48,0x00,0x00,0x00,
0x48,0x00,0x05,0x00,0xbb,0x00,0x00,0x00,0x09,0x00,0x00,0x00,0x23,0x00,0x00,0x00,
0x50,0x00,0x00,0x00,0x48,0x00,0x05,0x00,0xbb,0x00,0x00,0x00,0x0a,0x00,0x00,0x00,
0x23,0x00,0x00,0x00,0x58,0x00,0x00,0x00,0x48,0x00,0x05,0x00,0xbb,0x00,0x00,0x00,
0x0b,0x00,0x00,0x00,0x23,0x00,0x00,0x00,0x60,0x00,0x00,0x00,0x48,0x00,0x05,0x00,
0xbb,0x00,0x00,0x00,0x0c,0x00,0x00,0x00,0x23,0x00,0x00,0x00,0x68,0x00,0x00,0x00,
0x48,0x00,0x05,0x00,0xbb,0x00,0x00,0x00,0x0d,0x00,0x00,0x00,0x23,0x00,0x00,0x00,
0x6c,0x00,0x00,0x00,0x48,0x00,0x05,0x00,0xbb,0x00,0x00,0x00,0x0e,0x00,0x00,0x00,
0x23,0x00,0x00,0x00,0x70,0x00,0x00,0x00,0x48,0x00,0x05,0x00,0xbb,0x00,0x00,0x00,
0x0f,0x00,0x00,0x00,0x23,0x00,0x00,0x00,0x74,0x00,0x00,0x00,0x48,0x00,0x05,0x00,
0xbb,0x00,0x00,0x00,0x10,0x00,0x00,0x00,0x23,0x00,0x00,0x00,0x78,0x00,0x00,0x00,
0x48,0x00,0x05,0x00,0xbb,0x00,0x00,0x00,0x11,0x00,0x00,0x00,0x23,0x00,0x00,0x00,
0x7c,0x00,0x00,0x00,0x48,0x00,0x05,0x00,0xbb,0x00,0x00,0x00,0x12,0x00,0x00,0x00,
0x23,0x00,0x00,0x00,0x80,0x00,0x00,0x00,0x48,0x00,0x05,0x00,0xbb,0x00,0x00,0x00,
0x13,0x00,0x00,0x00,0x23,0x00,0x00,0x00,0x84,0x00,0x00,0x00,0x48,0x00,0x05,0x00,
0xbb,0x00,0x00,0x00,0x14,0x00,0x00,0x00,0x23,0x00,0x00,0x00,0x88,0x00,0x00,0x00,
0x48,0x00,0x05,0x00,0xbb,0x00,0x00,0x00,0x15,0x00,0x00,0x00,0x23,0x00,0x00,0x00,
0x8c,0x00,0x00,0x00,0x48,0x00,0x05,0x00,0xbb,0x00,0x00,0x00,0x16,0x00,0x00,0x00,
0x23,0x00,0x00,0x00,0x90,0x00,0x00,0x00,0x47,0x00,0x03,0x00,0xbb,0x00,0x00,0x00,
0x02,0x00,0x00,0x00,0x47,0x00,0x04,0x00,0xbd,0x00,0x00,0x00,0x22,0x00,0x00,0x00,
0x00,0x00,0x00,0x00,0x47,0x00,0x04,0x00,0xbd,0x00,0x00,0x00,0x21,0x00,0x00,0x00,
0x08,0x00,0x00,0x00,0x47,0x00,0x04,0x00,0xe7,0x00,0x00,0x00,0x22,0x00,0x00,0x00,
0x00,0x00,0x00,0x00,0x47,0x00,0x04,0x00,0xe7,0x00,0x00,0x00,0x21,0x00,0x00,0x00,
0x01,0x00,0x00,0x00,0x47,0x00,0x04,0x00,0xef,0x00,0x00,0x00,0x22,0x00,0x00,0x00,
0x00,0x00,0x00,0x00,0x47,0x00,0x04,0x00,0xef,0x00,0x00,0x00,0x21,0x00,0x00,0x00,
0x02,0x00,0x00,0x00,0x47,0x00,0x04,0x00,0xf7,0x00,0x00,0x00,0x22,0x00,0x00,0x00,
0x00,0x00,0x00,0x00,0x47,0x00,0x04,0x00,0xf7,0x00,0x00,0x00,0x21,0x00,0x00,0x00,
0x00,0x00,0x00,0x00,0x47,0x00,0x04,0x00,0x08,0x01,0x00,0x00,0x22,0x00,0x00,0x00,
0x00,0x00,0x00,0x00,0x47,0x00,0x04,0x00,0x08,0x01,0x00,0x00,0x21,0x00,0x00,0x00,
0x06,0x00,0x00,0x00,0x47,0x00,0x04,0x00,0x0d,0x01,0x00,0x00,0x22,0x00,0x00,0x00,
0x00,0x00,0x00,0x00,0x47,0x00,0x04,0x00,0x0d,0x01,0x00,0x00,0x21,0x00,0x00,0x00,
0x07,0x00,0x00,0x00,0x47,0x00,0x04,0x00,0x18,0x01,0x00,0x00,0x22,0x00,0x00,0x00,
0x00,0x00,0x00,0x00,0x47,0x00,0x04,0x00,0x18,0x01,0x00,0x00,0x21,0x00,0x00,0x00,
0x05,0x00,0x00,0x00,0x47,0x00,0x04,0x00,0x21,0x01,0x00,0x00,0x22,0x00,0x00,0x00,
0x00,0x00,0x00,0x00,0x47,0x00,0x04,0x00,0x21,0x01,0x00,0x00,0x21,0x00,0x00,0x00,
0x04,0x00,0x00,0x00,0x47,0x00,0x03,0x00,0x21,0x01,0x00,0x00,0x19,0x00,0x00,0x00,
0x47,0x00,0x04,0x00,0x28,0x01,0x00,0x00,0x22,0x00,0x00,0x00,0x00,0x00,0x00,0x00,
0x47,0x00,0x04,0x00,0x28,0x01,0x00,0x00,0x21,0x00,0x00,0x00,0x03,0x00,0x00,0x00,
0x47,0x00,0x03,0x00,0x28,0x01,0x00,0x00,0x19,0x00,0x00,0x00,0x47,0x00,0x04,0x00,
0xb8,0x02,0x00,0x00,0x0b,0x00,0x00,0x00,0x1c,0x00,0x00,0x00,0x47,0x00,0x04,0x00,
0xcc,0x02,0x00,0x00,0x0b,0x00,0x00,0x00,0x19,0x00,0x00,0x00,0x47,0x00,0x03,0x00,
0x02,0x03,0x00,0x00,0x18,0x00,0x00,0x00,0x47,0x00,0x03,0x00,0x07,0x03,0x00,0x00,
0x18,0x00,0x00,0x00,0x13,0x00,0x02,0x00,0x02,0x00,0x00,0x00,0x21,0x00,0x03,0x00,
0x03,0x00,0x00,0x00,0x02,0x00,0x00,0x00,0x16,0x00,0x03,0x00,0x06,0x00,0x00,0x00,
0x20,0x00,0x00,0x00,0x20,0x00,0x04,0x00,0x07,0x00,0x00,0x00,0x07,0x00,0x00,0x00,
0x06,0x00,0x00,0x00,0x17,0x00,0x04,0x00,0x12,0x00,0x00,0x00,0x06,0x00,0x00,0x00,
0x02,0x00,0x00,0x00,0x17,0x00,0x04,0x00,0x21,0x00,0x00,0x00,0x06,0x00,0x00,0x00,
0x03,0x00,0x00,0x00,0x15,0x00,0x04,0x00,0x28,0x00,0x00,0x00,0x20,0x00,0x00,0x00,
0x01,0x00,0x00,0x00,0x17,0x00,0x04,0x00,0x29,0x00,0x00,0x00,0x28,0x00,0x00,0x00,
0x02,0x00,0x00,0x00,0x17,0x00,0x04,0x00,0x32,0x00,0x00,0x00,0x06,0x00,0x00,0x00,
0x04,0x00,0x00,0x00,0x20,0x00,0x04,0x00,0x3d,0x00,0x00,0x00,0x07,0x00,0x00,0x00,
0x29,0x00,0x00,0x00,0x14,0x00,0x02,0x00,0x6b,0x00,0x00,0x00,0x15,0x00,0x04,0x00,
0x7b,0x00,0x00,0x00,0x20,0x00,0x00,0x00,0x00,0x00,0x00,0x00,0x2b,0x00,0x04,0x00,
0x7b,0x00,0x00,0x00,0x7c,0x00,0x00,0x00,0x04,0x00,0x00,0x00,0x1c,0x00,0x04,0x00,
0x7d,0x00,0x00,0x00,0x29,0x00,0x00,0x00,0x7c,0x00,0x00,0x00,0x1c,0x00,0x04,0x00,
0x7e,0x00,0x00,0x00,0x06,0x00,0x00,0x00,0x7c,0x00,0x00,0x00,0x2b,0x00,0x04,0x00,
0x06,0x00,0x00,0x00,0xa3,0x00,0x00,0x00,0x00,0x00,0x00,0x00,0x2b,0x00,0x04,0x00,
0x06,0x00,0x00,0x00,0xa4,0x00,0x00,0x00,0x00,0x00,0x80,0x3f,0x1e,0x00,0x19,0x00,
0xbb,0x00,0x00,0x00,0x29,0x00,0x00,0x00,0x29,0x00,0x00,0x00,0x29,0x00,0x00,0x00,
0x29,0x00,0x00,0x00,0x29,0x00,0x00,0x00,0x29,0x00,0x00,0x00,0x32,0x00,0x00,0x00,
0x12,0x00,0x00,0x00,0x12,0x00,0x00,0x00,0x12,0x00,0x00,0x00,0x12,0x00,0x00,0x00,
0x12,0x00,0x00,0x00,0x06,0x00,0x00,0x00,0x06,0x00,0x00,0x00,0x06,0x00,0x00,0x00,
0x06,0x00,0x00,0x00,0x06,0x00,0x00,0x00,0x06,0x00,0x00,0x00,0x06,0x00,0x00,0x00,
0x06,0x00,0x00,0x00,0x06,0x00,0x00,0x00,0x06,0x00,0x00,0x00,0x06,0x00,0x00,0x00,
0x20,0x00,0x04,0x00,0xbc,0x00,0x00,0x00,0x02,0x00,0x00,0x00,0xbb,0x00,0x00,0x00,
0x3b,0x00,0x04,0x00,0xbc,0x00,0x00,0x00,0xbd,0x00,0x00,0x00,0x02,0x00,0x00,0x00,
0x2b,0x00,0x04,0x00,0x28,0x00,0x00,0x00,0xbe,0x00,0x00,0x00,0x00,0x00,0x00,0x00,
0x20,0x00,0x04,0x00,0xbf,0x00,0x00,0x00,0x02,0x00,0x00,0x00,0x29,0x00,0x00,0x00,
0x2b,0x00,0x04,0x00,0x28,0x00,0x00,0x00,0xc4,0x00,0x00,0x00,0x02,0x00,0x00,0x00,
0x2b,0x00,0x04,0x00,0x28,0x00,0x00,0x00,0xc9,0x00,0x00,0x00,0x07,0x00,0x00,0x00,
0x20,0x00,0x04,0x00,0xca,0x00,0x00,0x00,0x02,0x00,0x00,0x00,0x12,0x00,0x00,0x00,
0x2b,0x00,0x04,0x00,0x28,0x00,0x00,0x00,0xcf,0x00,0x00,0x00,0x06,0x00,0x00,0x00,
0x20,0x00,0x04,0x00,0xd0,0x00,0x00,0x00,0x02,0x00,0x00,0x00,0x32,0x00,0x00,0x00,
0x2b,0x00,0x04,0x00,0x28,0x00,0x00,0x00,0xd5,0x00,0x00,0x00,0x09,0x00,0x00,0x00,
0x2b,0x00,0x04,0x00,0x28,0x00,0x00,0x00,0xda,0x00,0x00,0x00,0x0b,0x00,0x00,0x00,
0x2b,0x00,0x04,0x00,0x28,0x00,0x00,0x00,0xdf,0x00,0x00,0x00,0x10,0x00,0x00,0x00,
0x20,0x00,0x04,0x00,0xe0,0x00,0x00,0x00,0x02,0x00,0x00,0x00,0x06,0x00,0x00,0x00,
0x19,0x00,0x09,0x00,0xe5,0x00,0x00,0x00,0x06,0x00,0x00,0x00,0x01,0x00,0x00,0x00,
0x00,0x00,0x00,0x00,0x00,0x00,0x00,0x00,0x00,0x00,0x00,0x00,0x01,0x00,0x00,0x00,
0x00,0x00,0x00,0x00,0x20,0x00,0x04,0x00,0xe6,0x00,0x00,0x00,0x00,0x00,0x00,0x00,
0xe5,0x00,0x00,0x00,0x3b,0x00,0x04,0x00,0xe6,0x00,0x00,0x00,0xe7,0x00,0x00,0x00,
0x00,0x00,0x00,0x00,0x2b,0x00,0x04,0x00,0x7b,0x00,0x00,0x00,0xeb,0x00,0x00,0x00,
0x00,0x00,0x00,0x00,0x3b,0x00,0x04,0x00,0xe6,0x00,0x00,0x00,0xef,0x00,0x00,0x00,
0x00,0x00,0x00,0x00,0x3b,0x00,0x04,0x00,0xe6,0x00,0x00,0x00,0xf7,0x00,0x00,0x00,
0x00,0x00,0x00,0x00,0x19,0x00,0x09,0x00,0x06,0x01,0x00,0x00,0x06,0x00,0x00,0x00,
0x01,0x00,0x00,0x00,0x00,0x00,0x00,0x00,0x00,0x00,0x00,0x00,0x00,0x00,0x00,0x00,
0x02,0x00,0x00,0x00,0x09,0x00,0x00,0x00,0x20,0x00,0x04,0x00,0x07,0x01,0x00,0x00,
0x00,0x00,0x00,0x00,0x06,0x01,0x00,0x00,0x3b,0x00,0x04,0x00,0x07,0x01,0x00,0x00,
0x08,0x01,0x00,0x00,0x00,0x00,0x00,0x00,0x3b,0x00,0x04,0x00,0x07,0x01,0x00,0x00,
0x0d,0x01,0x00,0x00,0x00,0x00,0x00,0x00,0x19,0x00,0x09,0x00,0x16,0x01,0x00,0x00,
0x7b,0x00,0x00,0x00,0x01,0x00,0x00,0x00,0x00,0x00,0x00,0x00,0x00,0x00,0x00,0x00,
0x00,0x00,0x00,0x00,0x02,0x00,0x00,0x00,0x21,0x00,0x00,0x00,0x20,0x00,0x04,0x00,
0x17,0x01,0x00,0x00,0x00,0x00,0x00,0x00,0x16,0x01,0x00,0x00,0x3b,0x00,0x04,0x00,
0x17,0x01,0x00,0x00,0x18,0x01,0x00,0x00,0x00,0x00,0x00,0x00,0x20,0x00,0x04,0x00,
0x1b,0x01,0x00,0x00,0x0b,0x00,0x00,0x00,0x7b,0x00,0x00,0x00,0x2b,0x00,0x04,0x00,
0x7b,0x00,0x00,0x00,0x1d,0x01,0x00,0x00,0x01,0x00,0x00,0x00,0x19,0x00,0x09,0x00,
0x1f,0x01,0x00,0x00,0x06,0x00,0x00,0x00,0x01,0x00,0x00,0x00,0x00,0x00,0x00,0x00,
0x00,0x00,0x00,0x00,0x00,0x00,0x00,0x00,0x02,0x00,0x00,0x00,0x03,0x00,0x00,0x00,
0x20,0x00,0x04,0x00,0x20,0x01,0x00,0x00,0x00,0x00,0x00,0x00,0x1f,0x01,0x00,0x00,
0x3b,0x00,0x04,0x00,0x20,0x01,0x00,0x00,0x21,0x01,0x00,0x00,0x00,0x00,0x00,0x00,
0x19,0x00,0x09,0x00,0x26,0x01,0x00,0x00,0x06,0x00,0x00,0x00,0x01,0x00,0x00,0x00,
0x00,0x00,0x00,0x00,0x00,0x00,0x00,0x00,0x00,0x00,0x00,0x00,0x02,0x00,0x00,0x00,
0x07,0x00,0x00,0x00,0x20,0x00,0x04,0x00,0x27,0x01,0x00,0x00,0x00,0x00,0x00,0x00,
0x26,0x01,0x00,0x00,0x3b,0x00,0x04,0x00,0x27,0x01,0x00,0x00,0x28,0x01,0x00,0x00,
0x00,0x00,0x00,0x00,0x2b,0x00,0x04,0x00,0x06,0x00,0x00,0x00,0x2f,0x01,0x00,0x00,
0x00,0x00,0x80,0x3e,0x2b,0x00,0x04,0x00,0x06,0x00,0x00,0x00,0x30,0x01,0x00,0x00,
0x00,0x00,0x40,0x3f,0x2b,0x00,0x04,0x00,0x06,0x00,0x00,0x00,0x3d,0x01,0x00,0x00,
0x00,0x00,0x70,0x45,0x2b,0x00,0x04,0x00,0x06,0x00,0x00,0x00,0x3e,0x01,0x00,0x00,
0x00,0x00,0x07,0x45,0x2c,0x00,0x05,0x00,0x12,0x00,0x00,0x00,0x3f,0x01,0x00,0x00,
0x3d,0x01,0x00,0x00,0x3e,0x01,0x00,0x00,0x2b,0x00,0x04,0x00,0x06,0x00,0x00,0x00,
0x45,0x01,0x00,0x00,0xd0,0xb3,0x59,0x3e,0x2b,0x00,0x04,0x00,0x06,0x00,0x00,0x00,
0x46,0x01,0x00,0x00,0x59,0x17,0x37,0x3f,0x2b,0x00,0x04,0x00,0x06,0x00,0x00,0x00,
0x47,0x01,0x00,0x00,0x98,0xdd,0x93,0x3d,0x2c,0x00,0x06,0x00,0x21,0x00,0x00,0x00,
0x48,0x01,0x00,0x00,0x45,0x01,0x00,0x00,0x46,0x01,0x00,0x00,0x47,0x01,0x00,0x00,
0x17,0x00,0x04,0x00,0x4d,0x01,0x00,0x00,0x7b,0x00,0x00,0x00,0x02,0x00,0x00,0x00,
0x17,0x00,0x04,0x00,0x51,0x01,0x00,0x00,0x6b,0x00,0x00,0x00,0x02,0x00,0x00,0x00,
0x2b,0x00,0x04,0x00,0x06,0x00,0x00,0x00,0x59,0x01,0x00,0x00,0x00,0x00,0x00,0x3f,
0x2c,0x00,0x05,0x00,0x12,0x00,0x00,0x00,0x85,0x01,0x00,0x00,0x59,0x01,0x00,0x00,
0x59,0x01,0x00,0x00,0x2c,0x00,0x05,0x00,0x29,0x00,0x00,0x00,0x91,0x01,0x00,0x00,
0xbe,0x00,0x00,0x00,0xbe,0x00,0x00,0x00,0x2b,0x00,0x04,0x00,0x28,0x00,0x00,0x00,
0x93,0x01,0x00,0x00,0x01,0x00,0x00,0x00,0x2c,0x00,0x05,0x00,0x29,0x00,0x00,0x00,
0x94,0x01,0x00,0x00,0x93,0x01,0x00,0x00,0xbe,0x00,0x00,0x00,0x2c,0x00,0x05,0x00,
0x29,0x00,0x00,0x00,0x96,0x01,0x00,0x00,0xbe,0x00,0x00,0x00,0x93,0x01,0x00,0x00,
0x2c,0x00,0x05,0x00,0x29,0x00,0x00,0x00,0x99,0x01,0x00,0x00,0x93,0x01,0x00,0x00,
0x93,0x01,0x00,0x00,0x2b,0x00,0x04,0x00,0x06,0x00,0x00,0x00,0xbe,0x01,0x00,0x00,
0x00,0xe0,0x7f,0x47,0x2b,0x00,0x04,0x00,0x28,0x00,0x00,0x00,0xe8,0x01,0x00,0x00,
0x04,0x00,0x00,0x00,0x2b,0x00,0x04,0x00,0x06,0x00,0x00,0x00,0xf3,0x01,0x00,0x00,
0x68,0xe8,0x1f,0x3a,0x2b,0x00,0x04,0x00,0x7b,0x00,0x00,0x00,0x14,0x02,0x00,0x00,
0x09,0x00,0x00,0x00,0x1c,0x00,0x04,0x00,0x15,0x02,0x00,0x00,0x29,0x00,0x00,0x00,
0x14,0x02,0x00,0x00,0x2b,0x00,0x04,0x00,0x28,0x00,0x00,0x00,0x16,0x02,0x00,0x00,
0xff,0xff,0xff,0xff,0x2c,0x00,0x05,0x00,0x29,0x00,0x00,0x00,0x17,0x02,0x00,0x00,
0xbe,0x00,0x00,0x00,0x16,0x02,0x00,0x00,0x2c,0x00,0x05,0x00,0x29,0x00,0x00,0x00,
0x18,0x02,0x00,0x00,0x16,0x02,0x00,0x00,0xbe,0x00,0x00,0x00,0x2c,0x00,0x05,0x00,
0x29,0x00,0x00,0x00,0x19,0x02,0x00,0x00,0x16,0x02,0x00,0x00,0x93,0x01,0x00,0x00,
0x2c,0x00,0x05,0x00,0x29,0x00,0x00,0x00,0x1a,0x02,0x00,0x00,0x16,0x02,0x00,0x00,
0x16,0x02,0x00,0x00,0x2c,0x00,0x05,0x00,0x29,0x00,0x00,0x00,0x1b,0x02,0x00,0x00,
0x93,0x01,0x00,0x00,0x16,0x02,0x00,0x00,0x2c,0x00,0x0c,0x00,0x15,0x02,0x00,0x00,
0x1c,0x02,0x00,0x00,0x91,0x01,0x00,0x00,0x94,0x01,0x00,0x00,0x96,0x01,0x00,0x00,
0x17,0x02,0x00,0x00,0x18,0x02,0x00,0x00,0x19,0x02,0x00,0x00,0x99,0x01,0x00,0x00,
0x1a,0x02,0x00,0x00,0x1b,0x02,0x00,0x00,0x20,0x00,0x04,0x00,0x1e,0x02,0x00,0x00,
0x07,0x00,0x00,0x00,0x15,0x02,0x00,0x00,0x1c,0x00,0x04,0x00,0x23,0x02,0x00,0x00,
0x06,0x00,0x00,0x00,0x14,0x02,0x00,0x00,0x20,0x00,0x04,0x00,0x24,0x02,0x00,0x00,
0x07,0x00,0x00,0x00,0x23,0x02,0x00,0x00,0x2c,0x00,0x06,0x00,0x21,0x00,0x00,0x00,
0x76,0x02,0x00,0x00,0xa3,0x00,0x00,0x00,0xa3,0x00,0x00,0x00,0xa3,0x00,0x00,0x00,
0x17,0x00,0x04,0x00,0xb6,0x02,0x00,0x00,0x7b,0x00,0x00,0x00,0x03,0x00,0x00,0x00,
0x20,0x00,0x04,0x00,0xb7,0x02,0x00,0x00,0x01,0x00,0x00,0x00,0xb6,0x02,0x00,0x00,
0x3b,0x00,0x04,0x00,0xb7,0x02,0x00,0x00,0xb8,0x02,0x00,0x00,0x01,0x00,0x00,0x00,
0x2b,0x00,0x04,0x00,0x7b,0x00,0x00,0x00,0xcb,0x02,0x00,0x00,0x08,0x00,0x00,0x00,
0x2c,0x00,0x06,0x00,0xb6,0x02,0x00,0x00,0xcc,0x02,0x00,0x00,0xcb,0x02,0x00,0x00,
0xcb,0x02,0x00,0x00,0x1d,0x01,0x00,0x00,0x20,0x00,0x04,0x00,0xfa,0x04,0x00,0x00,
0x07,0x00,0x00,0x00,0x7d,0x00,0x00,0x00,0x20,0x00,0x04,0x00,0xfc,0x04,0x00,0x00,
0x07,0x00,0x00,0x00,0x7e,0x00,0x00,0x00,0x2b,0x00,0x04,0x00,0x06,0x00,0x00,0x00,
0x71,0x05,0x00,0x00,0x0a,0xd7,0x23,0x3c,0x2c,0x00,0x07,0x00,0x7d,0x00,0x00,0x00,
0x73,0x05,0x00,0x00,0x91,0x01,0x00,0x00,0x94,0x01,0x00,0x00,0x96,0x01,0x00,0x00,
0x99,0x01,0x00,0x00,0x2b,0x00,0x04,0x00,0x06,0x00,0x00,0x00,0x74,0x05,0x00,0x00,
0x00,0x00,0x00,0xbf,0x2c,0x00,0x05,0x00,0x12,0x00,0x00,0x00,0x75,0x05,0x00,0x00,
0x74,0x05,0x00,0x00,0x74,0x05,0x00,0x00,0x36,0x00,0x05,0x00,0x02,0x00,0x00,0x00,
0x04,0x00,0x00,0x00,0x00,0x00,0x00,0x00,0x03,0x00,0x00,0x00,0xf8,0x00,0x02,0x00,
0x05,0x00,0x00,0x00,0x3b,0x00,0x04,0x00,0xfc,0x04,0x00,0x00,0x16,0x05,0x00,0x00,
0x07,0x00,0x00,0x00,0x3b,0x00,0x04,0x00,0xfa,0x04,0x00,0x00,0x15,0x05,0x00,0x00,
0x07,0x00,0x00,0x00,0x3b,0x00,0x05,0x00,0x1e,0x02,0x00,0x00,0x02,0x03,0x00,0x00,
0x07,0x00,0x00,0x00,0x1c,0x02,0x00,0x00,0x3b,0x00,0x04,0x00,0x24,0x02,0x00,0x00,
0x03,0x03,0x00,0x00,0x07,0x00,0x00,0x00,0x3b,0x00,0x05,0x00,0x1e,0x02,0x00,0x00,
0x07,0x03,0x00,0x00,0x07,0x00,0x00,0x00,0x1c,0x02,0x00,0x00,0x3d,0x00,0x04,0x00,
0xb6,0x02,0x00,0x00,0xb9,0x02,0x00,0x00,0xb8,0x02,0x00,0x00,0x4f,0x00,0x07,0x00,
0x4d,0x01,0x00,0x00,0xba,0x02,0x00,0x00,0xb9,0x02,0x00,0x00,0xb9,0x02,0x00,0x00,
0x00,0x00,0x00,0x00,0x01,0x00,0x00,0x00,0x7c,0x00,0x04,0x00,0x29,0x00,0x00,0x00,
0xbb,0x02,0x00,0x00,0xba,0x02,0x00,0x00,0x3e,0x00,0x03,0x00,0x02,0x03,0x00,0x00,
0x1c,0x02,0x00,0x00,0x3e,0x00,0x03,0x00,0x07,0x03,0x00,0x00,0x1c,0x02,0x00,0x00,
0xf9,0x00,0x02,0x00,0x0f,0x03,0x00,0x00,0xf8,0x00,0x02,0x00,0x0f,0x03,0x00,0x00,
0xf5,0x00,0x07,0x00,0x28,0x00,0x00,0x00,0x76,0x05,0x00,0x00,0xbe,0x00,0x00,0x00,
0x05,0x00,0x00,0x00,0x1f,0x03,0x00,0x00,0x13,0x03,0x00,0x00,0xb1,0x00,0x05,0x00,
0x6b,0x00,0x00,0x00,0x12,0x03,0x00,0x00,0x76,0x05,0x00,0x00,0xd5,0x00,0x00,0x00,
0xf6,0x00,0x04,0x00,0x20,0x03,0x00,0x00,0x13,0x03,0x00,0x00,0x00,0x00,0x00,0x00,
0xfa,0x00,0x04,0x00,0x12,0x03,0x00,0x00,0x13,0x03,0x00,0x00,0x20,0x03,0x00,0x00,
0xf8,0x00,0x02,0x00,0x13,0x03,0x00,0x00,0x41,0x00,0x05,0x00,0x3d,0x00,0x00,0x00,
0x16,0x03,0x00,0x00,0x02,0x03,0x00,0x00,0x76,0x05,0x00,0x00,0x3d,0x00,0x04,0x00,
0x29,0x00,0x00,0x00,0x17,0x03,0x00,0x00,0x16,0x03,0x00,0x00,0x80,0x00,0x05,0x00,
0x29,0x00,0x00,0x00,0x18,0x03,0x00,0x00,0xbb,0x02,0x00,0x00,0x17,0x03,0x00,0x00,
0x3d,0x00,0x04,0x00,0xe5,0x00,0x00,0x00,0x51,0x03,0x00,0x00,0xe7,0x00,0x00,0x00,
0x5f,0x00,0x07,0x00,0x32,0x00,0x00,0x00,0x53,0x03,0x00,0x00,0x51,0x03,0x00,0x00,
0x18,0x03,0x00,0x00,0x02,0x00,0x00,0x00,0xbe,0x00,0x00,0x00,0x51,0x00,0x05,0x00,
0x06,0x00,0x00,0x00,0x54,0x03,0x00,0x00,0x53,0x03,0x00,0x00,0x00,0x00,0x00,0x00,
0x41,0x00,0x05,0x00,0x07,0x00,0x00,0x00,0x1c,0x03,0x00,0x00,0x03,0x03,0x00,0x00,
0x76,0x05,0x00,0x00,0x3e,0x00,0x03,0x00,0x1c,0x03,0x00,0x00,0x54,0x03,0x00,0x00,
0x80,0x00,0x05,0x00,0x28,0x00,0x00,0x00,0x1f,0x03,0x00,0x00,0x76,0x05,0x00,0x00,
0x93,0x01,0x00,0x00,0xf9,0x00,0x02,0x00,0x0f,0x03,0x00,0x00,0xf8,0x00,0x02,0x00,
0x20,0x03,0x00,0x00,0x41,0x00,0x05,0x00,0x07,0x00,0x00,0x00,0x23,0x03,0x00,0x00,
0x03,0x03,0x00,0x00,0xbe,0x00,0x00,0x00,0x3d,0x00,0x04,0x00,0x06,0x00,0x00,0x00,
0x24,0x03,0x00,0x00,0x23,0x03,0x00,0x00,0x3d,0x00,0x04,0x00,0x06,0x00,0x00,0x00,
0x27,0x03,0x00,0x00,0x23,0x03,0x00,0x00,0xf9,0x00,0x02,0x00,0x29,0x03,0x00,0x00,
0xf8,0x00,0x02,0x00,0x29,0x03,0x00,0x00,0xf5,0x00,0x07,0x00,0x06,0x00,0x00,0x00,
0x7a,0x05,0x00,0x00,0x24,0x03,0x00,0x00,0x20,0x03,0x00,0x00,0x84,0x05,0x00,0x00,
0x4a,0x03,0x00,0x00,0xf5,0x00,0x07,0x00,0x29,0x00,0x00,0x00,0x79,0x05,0x00,0x00,
0xbb,0x02,0x00,0x00,0x20,0x03,0x00,0x00,0x82,0x05,0x00,0x00,0x4a,0x03,0x00,0x00,
0xf5,0x00,0x07,0x00,0x06,0x00,0x00,0x00,0x78,0x05,0x00,0x00,0x27,0x03,0x00,0x00,
0x20,0x03,0x00,0x00,0x80,0x05,0x00,0x00,0x4a,0x03,0x00,0x00,0xf5,0x00,0x07,0x00,
0x28,0x00,0x00,0x00,0x77,0x05,0x00,0x00,0x93,0x01,0x00,0x00,0x20,0x03,0x00,0x00,
0x4c,0x03,0x00,0x00,0x4a,0x03,0x00,0x00,0xb1,0x00,0x05,0x00,0x6b,0x00,0x00,0x00,
0x2c,0x03,0x00,0x00,0x77,0x05,0x00,0x00,0xd5,0x00,0x00,0x00,0xf6,0x00,0x04,0x00,
0x4d,0x03,0x00,0x00,0x4a,0x03,0x00,0x00,0x00,0x00,0x00,0x00,0xfa,0x00,0x04,0x00,
0x2c,0x03,0x00,0x00,0x2d,0x03,0x00,0x00,0x4d,0x03,0x00,0x00,0xf8,0x00,0x02,0x00,
0x2d,0x03,0x00,0x00,0x41,0x00,0x05,0x00,0x3d,0x00,0x00,0x00,0x30,0x03,0x00,0x00,
0x07,0x03,0x00,0x00,0x77,0x05,0x00,0x00,0x3d,0x00,0x04,0x00,0x29,0x00,0x00,0x00,
0x31,0x03,0x00,0x00,0x30,0x03,0x00,0x00,0x80,0x00,0x05,0x00,0x29,0x00,0x00,0x00,
0x32,0x03,0x00,0x00,0xbb,0x02,0x00,0x00,0x31,0x03,0x00,0x00,0x41,0x00,0x05,0x00,
0xbf,0x00,0x00,0x00,0x57,0x03,0x00,0x00,0xbd,0x00,0x00,0x00,0xbe,0x00,0x00,0x00,
0x3d,0x00,0x04,0x00,0x29,0x00,0x00,0x00,0x58,0x03,0x00,0x00,0x57,0x03,0x00,0x00,
0x7c,0x00,0x04,0x00,0x4d,0x01,0x00,0x00,0x5d,0x03,0x00,0x00,0x32,0x03,0x00,0x00,
0x7c,0x00,0x04,0x00,0x4d,0x01,0x00,0x00,0x5f,0x03,0x00,0x00,0x58,0x03,0x00,0x00,
0xb0,0x00,0x05,0x00,0x51,0x01,0x00,0x00,0x60,0x03,0x00,0x00,0x5d,0x03,0x00,0x00,
0x5f,0x03,0x00,0x00,0x9b,0x00,0x04,0x00,0x6b,0x00,0x00,0x00,0x61,0x03,0x00,0x00,
0x60,0x03,0x00,0x00,0xf7,0x00,0x03,0x00,0x49,0x03,0x00,0x00,0x00,0x00,0x00,0x00,
0xfa,0x00,0x04,0x00,0x61,0x03,0x00,0x00,0x36,0x03,0x00,0x00,0x49,0x03,0x00,0x00,
0xf8,0x00,0x02,0x00,0x36,0x03,0x00,0x00,0x41,0x00,0x05,0x00,0x07,0x00,0x00,0x00,
0x38,0x03,0x00,0x00,0x03,0x03,0x00,0x00,0x77,0x05,0x00,0x00,0x3d,0x00,0x04,0x00,
0x06,0x00,0x00,0x00,0x39,0x03,0x00,0x00,0x38,0x03,0x00,0x00,0xb8,0x00,0x05,0x00,
0x6b,0x00,0x00,0x00,0x3d,0x03,0x00,0x00,0x39,0x03,0x00,0x00,0x7a,0x05,0x00,0x00,
0xf7,0x00,0x03,0x00,0x48,0x03,0x00,0x00,0x00,0x00,0x00,0x00,0xfa,0x00,0x04,0x00,
0x3d,0x03,0x00,0x00,0x3e,0x03,0x00,0x00,0x48,0x03,0x00,0x00,0xf8,0x00,0x02,0x00,
0x3e,0x03,0x00,0x00,0x0c,0x00,0x07,0x00,0x06,0x00,0x00,0x00,0x66,0x03,0x00,0x00,
0x01,0x00,0x00,0x00,0x28,0x00,0x00,0x00,0x78,0x05,0x00,0x00,0x39,0x03,0x00,0x00,
0xf9,0x00,0x02,0x00,0x48,0x03,0x00,0x00,0xf8,0x00,0x02,0x00,0x48,0x03,0x00,0x00,
0xf5,0x00,0x07,0x00,0x06,0x00,0x00,0x00,0x81,0x05,0x00,0x00,0x78,0x05,0x00,0x00,
0x36,0x03,0x00,0x00,0x66,0x03,0x00,0x00,0x3e,0x03,0x00,0x00,0xa9,0x00,0x06,0x00,
0x06,0x00,0x00,0x00,0x86,0x05,0x00,0x00,0x3d,0x03,0x00,0x00,0x39,0x03,0x00,0x00,
0x7a,0x05,0x00,0x00,0x50,0x00,0x05,0x00,0x51,0x01,0x00,0x00,0x87,0x05,0x00,0x00,
0x3d,0x03,0x00,0x00,0x3d,0x03,0x00,0x00,0xa9,0x00,0x06,0x00,0x29,0x00,0x00,0x00,
0x88,0x05,0x00,0x00,0x87,0x05,0x00,0x00,0x32,0x03,0x00,0x00,0x79,0x05,0x00,0x00,
0xf9,0x00,0x02,0x00,0x49,0x03,0x00,0x00,0xf8,0x00,0x02,0x00,0x49,0x03,0x00,0x00,
0xf5,0x00,0x07,0x00,0x06,0x00,0x00,0x00,0x84,0x05,0x00,0x00,0x7a,0x05,0x00,0x00,
0x2d,0x03,0x00,0x00,0x86,0x05,0x00,0x00,0x48,0x03,0x00,0x00,0xf5,0x00,0x07,0x00,
0x29,0x00,0x00,0x00,0x82,0x05,0x00,0x00,0x79,0x05,0x00,0x00,0x2d,0x03,0x00,0x00,
0x88,0x05,0x00,0x00,0x48,0x03,0x00,0x00,0xf5,0x00,0x07,0x00,0x06,0x00,0x00,0x00,
0x80,0x05,0x00,0x00,0x78,0x05,0x00,0x00,0x2d,0x03,0x00,0x00,0x81,0x05,0x00,0x00,
0x48,0x03,0x00,0x00,0xf9,0x00,0x02,0x00,0x4a,0x03,0x00,0x00,0xf8,0x00,0x02,0x00,
0x4a,0x03,0x00,0x00,0x80,0x00,0x05,0x00,0x28,0x00,0x00,0x00,0x4c,0x03,0x00,0x00,
0x77,0x05,0x00,0x00,0x93,0x01,0x00,0x00,0xf9,0x00,0x02,0x00,0x29,0x03,0x00,0x00,
0xf8,0x00,0x02,0x00,0x4d,0x03,0x00,0x00,0x6f,0x00,0x04,0x00,0x12,0x00,0x00,0x00,
0x9e,0x03,0x00,0x00,0x79,0x05,0x00,0x00,0x81,0x00,0x05,0x00,0x12,0x00,0x00,0x00,
0xa0,0x03,0x00,0x00,0x9e,0x03,0x00,0x00,0x85,0x01,0x00,0x00,0x41,0x00,0x05,0x00,
0xca,0x00,0x00,0x00,0xb0,0x03,0x00,0x00,0xbd,0x00,0x00,0x00,0xc9,0x00,0x00,0x00,
0x3d,0x00,0x04,0x00,0x12,0x00,0x00,0x00,0xb1,0x03,0x00,0x00,0xb0,0x03,0x00,0x00,
0x83,0x00,0x05,0x00,0x12,0x00,0x00,0x00,0xa2,0x03,0x00,0x00,0xa0,0x03,0x00,0x00,
0xb1,0x03,0x00,0x00,0x41,0x00,0x05,0x00,0xbf,0x00,0x00,0x00,0xb4,0x03,0x00,0x00,
0xbd,0x00,0x00,0x00,0xbe,0x00,0x00,0x00,0x3d,0x00,0x04,0x00,0x29,0x00,0x00,0x00,
0xb5,0x03,0x00,0x00,0xb4,0x03,0x00,0x00,0x6f,0x00,0x04,0x00,0x12,0x00,0x00,0x00,
0xa5,0x03,0x00,0x00,0xb5,0x03,0x00,0x00,0x88,0x00,0x05,0x00,0x12,0x00,0x00,0x00,
0xa6,0x03,0x00,0x00,0xa2,0x03,0x00,0x00,0xa5,0x03,0x00,0x00,0x41,0x00,0x05,0x00,
0xbf,0x00,0x00,0x00,0xb8,0x03,0x00,0x00,0xbd,0x00,0x00,0x00,0xc4,0x00,0x00,0x00,
0x3d,0x00,0x04,0x00,0x29,0x00,0x00,0x00,0xb9,0x03,0x00,0x00,0xb8,0x03,0x00,0x00,
0x6f,0x00,0x04,0x00,0x12,0x00,0x00,0x00,0xa8,0x03,0x00,0x00,0xb9,0x03,0x00,0x00,
0x85,0x00,0x05,0x00,0x12,0x00,0x00,0x00,0xa9,0x03,0x00,0x00,0xa6,0x03,0x00,0x00,
0xa8,0x03,0x00,0x00,0x0c,0x00,0x06,0x00,0x12,0x00,0x00,0x00,0xab,0x03,0x00,0x00,
0x01,0x00,0x00,0x00,0x08,0x00,0x00,0x00,0xa9,0x03,0x00,0x00,0x6e,0x00,0x04,0x00,
0x29,0x00,0x00,0x00,0xac,0x03,0x00,0x00,0xab,0x03,0x00,0x00,0x3d,0x00,0x04,0x00,
0xe5,0x00,0x00,0x00,0xbe,0x03,0x00,0x00,0xf7,0x00,0x00,0x00,0x5f,0x00,0x07,0x00,
0x32,0x00,0x00,0x00,0xc0,0x03,0x00,0x00,0xbe,0x03,0x00,0x00,0xac,0x03,0x00,0x00,
0x02,0x00,0x00,0x00,0xbe,0x00,0x00,0x00,0x4f,0x00,0x07,0x00,0x12,0x00,0x00,0x00,
0xc1,0x03,0x00,0x00,0xc0,0x03,0x00,0x00,0xc0,0x03,0x00,0x00,0x00,0x00,0x00,0x00,
0x01,0x00,0x00,0x00,0x41,0x00,0x05,0x00,0xca,0x00,0x00,0x00,0xcb,0x03,0x00,0x00,
0xbd,0x00,0x00,0x00,0xd5,0x00,0x00,0x00,0x3d,0x00,0x04,0x00,0x12,0x00,0x00,0x00,
0xcc,0x03,0x00,0x00,0xcb,0x03,0x00,0x00,0x41,0x00,0x05,0x00,0xca,0x00,0x00,0x00,
0xcf,0x03,0x00,0x00,0xbd,0x00,0x00,0x00,0xda,0x00,0x00,0x00,0x3d,0x00,0x04,0x00,
0x12,0x00,0x00,0x00,0xd0,0x03,0x00,0x00,0xcf,0x03,0x00,0x00,0x7f,0x00,0x04,0x00,
0x12,0x00,0x00,0x00,0x70,0x05,0x00,0x00,0xd0,0x03,0x00,0x00,0x0c,0x00,0x08,0x00,
0x12,0x00,0x00,0x00,0xc7,0x03,0x00,0x00,0x01,0x00,0x00,0x00,0x32,0x00,0x00,0x00,
0xc1,0x03,0x00,0x00,0xcc,0x03,0x00,0x00,0x70,0x05,0x00,0x00,0x41,0x00,0x05,0x00,
0xd0,0x00,0x00,0x00,0x32,0x04,0x00,0x00,0xbd,0x00,0x00,0x00,0xcf,0x00,0x00,0x00,
0x3d,0x00,0x04,0x00,0x32,0x00,0x00,0x00,0x33,0x04,0x00,0x00,0x32,0x04,0x00,0x00,
0x51,0x00,0x05,0x00,0x06,0x00,0x00,0x00,0x2a,0x04,0x00,0x00,0x33,0x04,0x00,0x00,
0x01,0x00,0x00,0x00,0x51,0x00,0x05,0x00,0x06,0x00,0x00,0x00,0x2d,0x04,0x00,0x00,
0x33,0x04,0x00,0x00,0x00,0x00,0x00,0x00,0x83,0x00,0x05,0x00,0x06,0x00,0x00,0x00,
0x2e,0x04,0x00,0x00,0x7a,0x05,0x00,0x00,0x2d,0x04,0x00,0x00,0x88,0x00,0x05,0x00,
0x06,0x00,0x00,0x00,0x2f,0x04,0x00,0x00,0x2a,0x04,0x00,0x00,0x2e,0x04,0x00,0x00,
0x41,0x00,0x05,0x00,0xe0,0x00,0x00,0x00,0x36,0x04,0x00,0x00,0xbd,0x00,0x00,0x00,
0xdf,0x00,0x00,0x00,0x3d,0x00,0x04,0x00,0x06,0x00,0x00,0x00,0x37,0x04,0x00,0x00,
0x36,0x04,0x00,0x00,0x85,0x00,0x05,0x00,0x06,0x00,0x00,0x00,0x24,0x04,0x00,0x00,
0x2f,0x04,0x00,0x00,0x37,0x04,0x00,0x00,0x0c,0x00,0x07,0x00,0x06,0x00,0x00,0x00,
0x3c,0x04,0x00,0x00,0x01,0x00,0x00,0x00,0x25,0x00,0x00,0x00,0x24,0x04,0x00,0x00,
0xbe,0x01,0x00,0x00,0x85,0x00,0x05,0x00,0x06,0x00,0x00,0x00,0x44,0x04,0x00,0x00,
0x3c,0x04,0x00,0x00,0x71,0x05,0x00,0x00,0x0c,0x00,0x08,0x00,0x06,0x00,0x00,0x00,
0x4a,0x04,0x00,0x00,0x01,0x00,0x00,0x00,0x2b,0x00,0x00,0x00,0x44,0x04,0x00,0x00,
0xa3,0x00,0x00,0x00,0xa4,0x00,0x00,0x00,0x0c,0x00,0x08,0x00,0x06,0x00,0x00,0x00,
0x50,0x04,0x00,0x00,0x01,0x00,0x00,0x00,0x2e,0x00,0x00,0x00,0x2f,0x01,0x00,0x00,
0x30,0x01,0x00,0x00,0x4a,0x04,0x00,0x00,0x85,0x00,0x05,0x00,0x12,0x00,0x00,0x00,
0x54,0x04,0x00,0x00,0xc7,0x03,0x00,0x00,0x3f,0x01,0x00,0x00,0x0c,0x00,0x06,0x00,
0x06,0x00,0x00,0x00,0x55,0x04,0x00,0x00,0x01,0x00,0x00,0x00,0x42,0x00,0x00,0x00,
0x54,0x04,0x00,0x00,0xba,0x00,0x05,0x00,0x6b,0x00,0x00,0x00,0xee,0x03,0x00,0x00,
0x55,0x04,0x00,0x00,0x50,0x04,0x00,0x00,0xa9,0x00,0x06,0x00,0x06,0x00,0x00,0x00,
0xef,0x03,0x00,0x00,0xee,0x03,0x00,0x00,0xa4,0x00,0x00,0x00,0xa3,0x00,0x00,0x00,
0x8e,0x00,0x05,0x00,0x12,0x00,0x00,0x00,0xf1,0x03,0x00,0x00,0xc7,0x03,0x00,0x00,
0xef,0x03,0x00,0x00,0x6f,0x00,0x04,0x00,0x12,0x00,0x00,0x00,0xf3,0x03,0x00,0x00,
0xbb,0x02,0x00,0x00,0x81,0x00,0x05,0x00,0x12,0x00,0x00,0x00,0xf5,0x03,0x00,0x00,
0xf3,0x03,0x00,0x00,0x85,0x01,0x00,0x00,0x88,0x00,0x05,0x00,0x12,0x00,0x00,0x00,
0xf8,0x03,0x00,0x00,0xf5,0x03,0x00,0x00,0xa5,0x03,0x00,0x00,0x81,0x00,0x05,0x00,
0x12,0x00,0x00,0x00,0xfb,0x03,0x00,0x00,0xf8,0x03,0x00,0x00,0xf1,0x03,0x00,0x00,
0x0c,0x00,0x08,0x00,0x12,0x00,0x00,0x00,0x68,0x04,0x00,0x00,0x01,0x00,0x00,0x00,
0x32,0x00,0x00,0x00,0xfb,0x03,0x00,0x00,0xa5,0x03,0x00,0x00,0x75,0x05,0x00,0x00,
0x0c,0x00,0x06,0x00,0x12,0x00,0x00,0x00,0x6a,0x04,0x00,0x00,0x01,0x00,0x00,0x00,
0x08,0x00,0x00,0x00,0x68,0x04,0x00,0x00,0x6e,0x00,0x04,0x00,0x29,0x00,0x00,0x00,
0x6b,0x04,0x00,0x00,0x6a,0x04,0x00,0x00,0x0c,0x00,0x06,0x00,0x12,0x00,0x00,0x00,
0x93,0x04,0x00,0x00,0x01,0x00,0x00,0x00,0x0a,0x00,0x00,0x00,0x68,0x04,0x00,0x00,
0x51,0x00,0x05,0x00,0x06,0x00,0x00,0x00,0x74,0x04,0x00,0x00,0x93,0x04,0x00,0x00,
0x00,0x00,0x00,0x00,0x83,0x00,0x05,0x00,0x06,0x00,0x00,0x00,0x75,0x04,0x00,0x00,
0xa4,0x00,0x00,0x00,0x74,0x04,0x00,0x00,0x51,0x00,0x05,0x00,0x06,0x00,0x00,0x00,
0x77,0x04,0x00,0x00,0x93,0x04,0x00,0x00,0x01,0x00,0x00,0x00,0x83,0x00,0x05,0x00,
0x06,0x00,0x00,0x00,0x78,0x04,0x00,0x00,0xa4,0x00,0x00,0x00,0x77,0x04,0x00,0x00,
0x85,0x00,0x05,0x00,0x06,0x00,0x00,0x00,0x79,0x04,0x00,0x00,0x75,0x04,0x00,0x00,
0x78,0x04,0x00,0x00,0x85,0x00,0x05,0x00,0x06,0x00,0x00,0x00,0x80,0x04,0x00,0x00,
0x74,0x04,0x00,0x00,0x78,0x04,0x00,0x00,0x85,0x00,0x05,0x00,0x06,0x00,0x00,0x00,
0x87,0x04,0x00,0x00,0x75,0x04,0x00,0x00,0x77,0x04,0x00,0x00,0x85,0x00,0x05,0x00,
0x06,0x00,0x00,0x00,0x8d,0x04,0x00,0x00,0x74,0x04,0x00,0x00,0x77,0x04,0x00,0x00,
0x50,0x00,0x07,0x00,0x7e,0x00,0x00,0x00,0x63,0x05,0x00,0x00,0x79,0x04,0x00,0x00,
0x80,0x04,0x00,0x00,0x87,0x04,0x00,0x00,0x8d,0x04,0x00,0x00,0x3e,0x00,0x03,0x00,
0x15,0x05,0x00,0x00,0x73,0x05,0x00,0x00,0x3e,0x00,0x03,0x00,0x16,0x05,0x00,0x00,
0x63,0x05,0x00,0x00,0xf9,0x00,0x02,0x00,0xff,0x03,0x00,0x00,0xf8,0x00,0x02,0x00,
0xff,0x03,0x00,0x00,0xf5,0x00,0x07,0x00,0x28,0x00,0x00,0x00,0x7b,0x05,0x00,0x00,
0xbe,0x00,0x00,0x00,0x4d,0x03,0x00,0x00,0x1c,0x04,0x00,0x00,0x1a,0x04,0x00,0x00,
0xb1,0x00,0x05,0x00,0x6b,0x00,0x00,0x00,0x02,0x04,0x00,0x00,0x7b,0x05,0x00,0x00,
0xe8,0x01,0x00,0x00,0xf6,0x00,0x04,0x00,0x1d,0x04,0x00,0x00,0x1a,0x04,0x00,0x00,
0x00,0x00,0x00,0x00,0xfa,0x00,0x04,0x00,0x02,0x04,0x00,0x00,0x03,0x04,0x00,0x00,
0x1d,0x04,0x00,0x00,0xf8,0x00,0x02,0x00,0x03,0x04,0x00,0x00,0x41,0x00,0x05,0x00,
0x3d,0x00,0x00,0x00,0x1b,0x05,0x00,0x00,0x15,0x05,0x00,0x00,0x7b,0x05,0x00,0x00,
0x3d,0x00,0x04,0x00,0x29,0x00,0x00,0x00,0x06,0x04,0x00,0x00,0x1b,0x05,0x00,0x00,
0x41,0x00,0x05,0x00,0x07,0x00,0x00,0x00,0x1c,0x05,0x00,0x00,0x16,0x05,0x00,0x00,
0x7b,0x05,0x00,0x00,0x3d,0x00,0x04,0x00,0x06,0x00,0x00,0x00,0x09,0x04,0x00,0x00,
0x1c,0x05,0x00,0x00,0xba,0x00,0x05,0x00,0x6b,0x00,0x00,0x00,0x0b,0x04,0x00,0x00,
0x09,0x04,0x00,0x00,0xf3,0x01,0x00,0x00,0xf7,0x00,0x03,0x00,0x19,0x04,0x00,0x00,
0x00,0x00,0x00,0x00,0xfa,0x00,0x04,0x00,0x0b,0x04,0x00,0x00,0x0c,0x04,0x00,0x00,
0x19,0x04,0x00,0x00,0xf8,0x00,0x02,0x00,0x0c,0x04,0x00,0x00,0x80,0x00,0x05,0x00,
0x29,0x00,0x00,0x00,0x10,0x04,0x00,0x00,0x6b,0x04,0x00,0x00,0x06,0x04,0x00,0x00,
0x7c,0x00,0x04,0x00,0x4d,0x01,0x00,0x00,0x9b,0x04,0x00,0x00,0x10,0x04,0x00,0x00,
0x7c,0x00,0x04,0x00,0x4d,0x01,0x00,0x00,0x9d,0x04,0x00,0x00,0xb5,0x03,0x00,0x00,
0xb0,0x00,0x05,0x00,0x51,0x01,0x00,0x00,0x9e,0x04,0x00,0x00,0x9b,0x04,0x00,0x00,
0x9d,0x04,0x00,0x00,0x9b,0x00,0x04,0x00,0x6b,0x00,0x00,0x00,0x9f,0x04,0x00,0x00,
0x9e,0x04,0x00,0x00,0xf7,0x00,0x03,0x00,0x18,0x04,0x00,0x00,0x00,0x00,0x00,0x00,
0xfa,0x00,0x04,0x00,0x9f,0x04,0x00,0x00,0x14,0x04,0x00,0x00,0x18,0x04,0x00,0x00,
0xf8,0x00,0x02,0x00,0x14,0x04,0x00,0x00,0x7c,0x00,0x04,0x00,0x7b,0x00,0x00,0x00,
0xa3,0x04,0x00,0x00,0x7a,0x05,0x00,0x00,0x3c,0x00,0x06,0x00,0x1b,0x01,0x00,0x00,
0xa6,0x04,0x00,0x00,0x18,0x01,0x00,0x00,0x10,0x04,0x00,0x00,0xeb,0x00,0x00,0x00,
0xed,0x00,0x07,0x00,0x7b,0x00,0x00,0x00,0xa7,0x04,0x00,0x00,0xa6,0x04,0x00,0x00,
0x1d,0x01,0x00,0x00,0xeb,0x00,0x00,0x00,0xa3,0x04,0x00,0x00,0xf9,0x00,0x02,0x00,
0x18,0x04,0x00,0x00,0xf8,0x00,0x02,0x00,0x18,0x04,0x00,0x00,0xf9,0x00,0x02,0x00,
0x19,0x04,0x00,0x00,0xf8,0x00,0x02,0x00,0x19,0x04,0x00,0x00,0xf9,0x00,0x02,0x00,
0x1a,0x04,0x00,0x00,0xf8,0x00,0x02,0x00,0x1a,0x04,0x00,0x00,0x80,0x00,0x05,0x00,
0x28,0x00,0x00,0x00,0x1c,0x04,0x00,0x00,0x7b,0x05,0x00,0x00,0x93,0x01,0x00,0x00,
0xf9,0x00,0x02,0x00,0xff,0x03,0x00,0x00,0xf8,0x00,0x02,0x00,0x1d,0x04,0x00,0x00,
0x3d,0x00,0x04,0x00,0x26,0x01,0x00,0x00,0xa9,0x04,0x00,0x00,0x28,0x01,0x00,0x00,
0x51,0x00,0x05,0x00,0x06,0x00,0x00,0x00,0xac,0x04,0x00,0x00,0xc7,0x03,0x00,0x00,
0x00,0x00,0x00,0x00,0x51,0x00,0x05,0x00,0x06,0x00,0x00,0x00,0xad,0x04,0x00,0x00,
0xc7,0x03,0x00,0x00,0x01,0x00,0x00,0x00,0x50,0x00,0x07,0x00,0x32,0x00,0x00,0x00,
0xae,0x04,0x00,0x00,0xac,0x04,0x00,0x00,0xad,0x04,0x00,0x00,0xa3,0x00,0x00,0x00,
0xa3,0x00,0x00,0x00,0x63,0x00,0x04,0x00,0xa9,0x04,0x00,0x00,0xbb,0x02,0x00,0x00,
0xae,0x04,0x00,0x00,0x3d,0x00,0x04,0x00,0x1f,0x01,0x00,0x00,0xb0,0x04,0x00,0x00,
0x21,0x01,0x00,0x00,0x50,0x00,0x07,0x00,0x32,0x00,0x00,0x00,0xb3,0x04,0x00,0x00,
0x7a,0x05,0x00,0x00,0xa3,0x00,0x00,0x00,0xa3,0x00,0x00,0x00,0xa3,0x00,0x00,0x00,
0x63,0x00,0x04,0x00,0xb0,0x04,0x00,0x00,0xbb,0x02,0x00,0x00,0xb3,0x04,0x00,0x00,
0x83,0x00,0x05,0x00,0x06,0x00,0x00,0x00,0xc4,0x04,0x00,0x00,0x78,0x05,0x00,0x00,
0x2d,0x04,0x00,0x00,0x88,0x00,0x05,0x00,0x06,0x00,0x00,0x00,0xc5,0x04,0x00,0x00,
0x2a,0x04,0x00,0x00,0xc4,0x04,0x00,0x00,0x85,0x00,0x05,0x00,0x06,0x00,0x00,0x00,
0xba,0x04,0x00,0x00,0xc5,0x04,0x00,0x00,0x37,0x04,0x00,0x00,0x0c,0x00,0x07,0x00,
0x06,0x00,0x00,0x00,0xd2,0x04,0x00,0x00,0x01,0x00,0x00,0x00,0x25,0x00,0x00,0x00,
0xba,0x04,0x00,0x00,0xbe,0x01,0x00,0x00,0x3d,0x00,0x04,0x00,0x06,0x01,0x00,0x00,
0xd4,0x04,0x00,0x00,0x08,0x01,0x00,0x00,0x50,0x00,0x07,0x00,0x32,0x00,0x00,0x00,
0xd7,0x04,0x00,0x00,0xd2,0x04,0x00,0x00,0xa3,0x00,0x00,0x00,0xa3,0x00,0x00,0x00,
0xa3,0x00,0x00,0x00,0x63,0x00,0x04,0x00,0xd4,0x04,0x00,0x00,0xbb,0x02,0x00,0x00,
0xd7,0x04,0x00,0x00,0x3d,0x00,0x04,0x00,0xe5,0x00,0x00,0x00,0xe8,0x04,0x00,0x00,
0xef,0x00,0x00,0x00,0x5f,0x00,0x07,0x00,0x32,0x00,0x00,0x00,0xea,0x04,0x00,0x00,
0xe8,0x04,0x00,0x00,0xbb,0x02,0x00,0x00,0x02,0x00,0x00,0x00,0xbe,0x00,0x00,0x00,
0x4f,0x00,0x08,0x00,0x21,0x00,0x00,0x00,0xeb,0x04,0x00,0x00,0xea,0x04,0x00,0x00,
0xea,0x04,0x00,0x00,0x00,0x00,0x00,0x00,0x01,0x00,0x00,0x00,0x02,0x00,0x00,0x00,
0x0c,0x00,0x07,0x00,0x21,0x00,0x00,0x00,0xf0,0x04,0x00,0x00,0x01,0x00,0x00,0x00,
0x28,0x00,0x00,0x00,0x76,0x02,0x00,0x00,0xeb,0x04,0x00,0x00,0x94,0x00,0x05,0x00,
0x06,0x00,0x00,0x00,0xf4,0x04,0x00,0x00,0xf0,0x04,0x00,0x00,0x48,0x01,0x00,0x00,
0x3d,0x00,0x04,0x00,0x06,0x01,0x00,0x00,0xf6,0x04,0x00,0x00,0x0d,0x01,0x00,0x00,
0x50,0x00,0x07,0x00,0x32,0x00,0x00,0x00,0xf9,0x04,0x00,0x00,0xf4,0x04,0x00,0x00,
0xa3,0x00,0x00,0x00,0xa3,0x00,0x00,0x00,0xa3,0x00,0x00,0x00,0x63,0x00,0x04,0x00,
0xf6,0x04,0x00,0x00,0xbb,0x02,0x00,0x00,0xf9,0x04,0x00,0x00,0xfd,0x00,0x01,0x00,
0x38,0x00,0x01,0x00
};

// ffx_fsr3upscaler_prepare_inputs_pass_wave64_72e6f3b386361a7d5461983e6938c45f.h.
// Auto generated by FidelityFX-SC.

static const char* g_ffx_fsr3upscaler_prepare_inputs_pass_wave64_72e6f3b386361a7d5461983e6938c45f_CBVResourceNames[] = {  "cbFSR3Upscaler", };
static const uint32_t g_ffx_fsr3upscaler_prepare_inputs_pass_wave64_72e6f3b386361a7d5461983e6938c45f_CBVResourceBindings[] = {  8, };
static const uint32_t g_ffx_fsr3upscaler_prepare_inputs_pass_wave64_72e6f3b386361a7d5461983e6938c45f_CBVResourceCounts[] = {  1, };
static const uint32_t g_ffx_fsr3upscaler_prepare_inputs_pass_wave64_72e6f3b386361a7d5461983e6938c45f_CBVResourceSets[] = {  0, };

static const char* g_ffx_fsr3upscaler_prepare_inputs_pass_wave64_72e6f3b386361a7d5461983e6938c45f_TextureSRVResourceNames[] = {  "r_input_motion_vectors", "r_input_depth", "r_input_color_jittered", };
static const uint32_t g_ffx_fsr3upscaler_prepare_inputs_pass_wave64_72e6f3b386361a7d5461983e6938c45f_TextureSRVResourceBindings[] = {  0, 1, 2, };
static const uint32_t g_ffx_fsr3upscaler_prepare_inputs_pass_wave64_72e6f3b386361a7d5461983e6938c45f_TextureSRVResourceCounts[] = {  1, 1, 1, };
static const uint32_t g_ffx_fsr3upscaler_prepare_inputs_pass_wave64_72e6f3b386361a7d5461983e6938c45f_TextureSRVResourceSets[] = {  0, 0, 0, };

static const char* g_ffx_fsr3upscaler_prepare_inputs_pass_wave64_72e6f3b386361a7d5461983e6938c45f_TextureUAVResourceNames[] = {  "rw_dilated_motion_vectors", "rw_dilated_depth", "rw_reconstructed_previous_nearest_depth", "rw_farthest_depth", "rw_current_luma", };
static const uint32_t g_ffx_fsr3upscaler_prepare_inputs_pass_wave64_72e6f3b386361a7d5461983e6938c45f_TextureUAVResourceBindings[] = {  3, 4, 5, 6, 7, };
static const uint32_t g_ffx_fsr3upscaler_prepare_inputs_pass_wave64_72e6f3b386361a7d5461983e6938c45f_TextureUAVResourceCounts[] = {  1, 1, 1, 1, 1, };
static const uint32_t g_ffx_fsr3upscaler_prepare_inputs_pass_wave64_72e6f3b386361a7d5461983e6938c45f_TextureUAVResourceSets[] = {  0, 0, 0, 0, 0, };

static const uint32_t g_ffx_fsr3upscaler_prepare_inputs_pass_wave64_72e6f3b386361a7d5461983e6938c45f_size = 7572;

static const unsigned char g_ffx_fsr3upscaler_prepare_inputs_pass_wave64_72e6f3b386361a7d5461983e6938c45f_data[] = {
0x03,0x02,0x23,0x07,0x00,0x05,0x01,0x00,0x0b,0x00,0x08,0x00,0x6e,0x05,0x00,0x00,
0x00,0x00,0x00,0x00,0x11,0x00,0x02,0x00,0x01,0x00,0x00,0x00,0x11,0x00,0x02,0x00,
0x31,0x00,0x00,0x00,0x0b,0x00,0x06,0x00,0x01,0x00,0x00,0x00,0x47,0x4c,0x53,0x4c,
0x2e,0x73,0x74,0x64,0x2e,0x34,0x35,0x30,0x00,0x00,0x00,0x00,0x0e,0x00,0x03,0x00,
0x00,0x00,0x00,0x00,0x01,0x00,0x00,0x00,0x0f,0x00,0x0f,0x00,0x05,0x00,0x00,0x00,
0x04,0x00,0x00,0x00,0x6d,0x61,0x69,0x6e,0x00,0x00,0x00,0x00,0xb2,0x00,0x00,0x00,
0xd7,0x00,0x00,0x00,0xdf,0x00,0x00,0x00,0xe7,0x00,0x00,0x00,0xf5,0x00,0x00,0x00,
0xfa,0x00,0x00,0x00,0x05,0x01,0x00,0x00,0x0e,0x01,0x00,0x00,0x15,0x01,0x00,0x00,
0xa5,0x02,0x00,0x00,0x10,0x00,0x06,0x00,0x04,0x00,0x00,0x00,0x11,0x00,0x00,0x00,
0x08,0x00,0x00,0x00,0x08,0x00,0x00,0x00,0x01,0x00,0x00,0x00,0x03,0x00,0x03,0x00,
0x02,0x00,0x00,0x00,0xc2,0x01,0x00,0x00,0x04,0x00,0x0b,0x00,0x47,0x4c,0x5f,0x45,
0x58,0x54,0x5f,0x73,0x61,0x6d,0x70,0x6c,0x65,0x72,0x6c,0x65,0x73,0x73,0x5f,0x74,
0x65,0x78,0x74,0x75,0x72,0x65,0x5f,0x66,0x75,0x6e,0x63,0x74,0x69,0x6f,0x6e,0x73,
0x00,0x00,0x00,0x00,0x04,0x00,0x0b,0x00,0x47,0x4c,0x5f,0x45,0x58,0x54,0x5f,0x73,
0x68,0x61,0x64,0x65,0x72,0x5f,0x65,0x78,0x70,0x6c,0x69,0x63,0x69,0x74,0x5f,0x61,
0x72,0x69,0x74,0x68,0x6d,0x65,0x74,0x69,0x63,0x5f,0x74,0x79,0x70,0x65,0x73,0x00,
0x04,0x00,0x0a,0x00,0x47,0x4c,0x5f,0x47,0x4f,0x4f,0x47,0x4c,0x45,0x5f,0x63,0x70,
0x70,0x5f,0x73,0x74,0x79,0x6c,0x65,0x5f,0x6c,0x69,0x6e,0x65,0x5f,0x64,0x69,0x72,
0x65,0x63,0x74,0x69,0x76,0x65,0x00,0x00,0x04,0x00,0x08,0x00,0x47,0x4c,0x5f,0x47,
0x4f,0x4f,0x47,0x4c,0x45,0x5f,0x69,0x6e,0x63,0x6c,0x75,0x64,0x65,0x5f,0x64,0x69,
0x72,0x65,0x63,0x74,0x69,0x76,0x65,0x00,0x05,0x00,0x04,0x00,0x04,0x00,0x00,0x00,
0x6d,0x61,0x69,0x6e,0x00,0x00,0x00,0x00,0x05,0x00,0x07,0x00,0xb0,0x00,0x00,0x00,
0x63,0x62,0x46,0x53,0x52,0x33,0x55,0x50,0x53,0x43,0x41,0x4c,0x45,0x52,0x5f,0x74,
0x00,0x00,0x00,0x00,0x06,0x00,0x06,0x00,0xb0,0x00,0x00,0x00,0x00,0x00,0x00,0x00,
0x69,0x52,0x65,0x6e,0x64,0x65,0x72,0x53,0x69,0x7a,0x65,0x00,0x06,0x00,0x0a,0x00,
0xb0,0x00,0x00,0x00,0x01,0x00,0x00,0x00,0x69,0x50,0x72,0x65,0x76,0x69,0x6f,0x75,
0x73,0x46,0x72,0x61,0x6d,0x65,0x52,0x65,0x6e,0x64,0x65,0x72,0x53,0x69,0x7a,0x65,
0x00,0x00,0x00,0x00,0x06,0x00,0x07,0x00,0xb0,0x00,0x00,0x00,0x02,0x00,0x00,0x00,
0x69,0x55,0x70,0x73,0x63,0x61,0x6c,0x65,0x53,0x69,0x7a,0x65,0x00,0x00,0x00,0x00,
0x06,0x00,0x0a,0x00,0xb0,0x00,0x00,0x00,0x03,0x00,0x00,0x00,0x69,0x50,0x72,0x65,
0x76,0x69,0x6f,0x75,0x73,0x46,0x72,0x61,0x6d,0x65,0x55,0x70,0x73,0x63,0x61,0x6c,
0x65,0x53,0x69,0x7a,0x65,0x00,0x00,0x00,0x06,0x00,0x07,0x00,0xb0,0x00,0x00,0x00,
0x04,0x00,0x00,0x00,0x69,0x4d,0x61,0x78,0x52,0x65,0x6e,0x64,0x65,0x72,0x53,0x69,
0x7a,0x65,0x00,0x00,0x06,0x00,0x07,0x00,0xb0,0x00,0x00,0x00,0x05,0x00,0x00,0x00,
0x69,0x4d,0x61,0x78,0x55,0x70,0x73,0x63,0x61,0x6c,0x65,0x53,0x69,0x7a,0x65,0x00,
0x06,0x00,0x08,0x00,0xb0,0x00,0x00,0x00,0x06,0x00,0x00,0x00,0x66,0x44,0x65,0x76,
0x69,0x63,0x65,0x54,0x6f,0x56,0x69,0x65,0x77,0x44,0x65,0x70,0x74,0x68,0x00,0x00,
0x06,0x00,0x05,0x00,0xb0,0x00,0x00,0x00,0x07,0x00,0x00,0x00,0x66,0x4a,0x69,0x74,
0x74,0x65,0x72,0x00,0x06,0x00,0x09,0x00,0xb0,0x00,0x00,0x00,0x08,0x00,0x00,0x00,
0x66,0x50,0x72,0x65,0x76,0x69,0x6f,0x75,0x73,0x46,0x72,0x61,0x6d,0x65,0x4a,0x69,
0x74,0x74,0x65,0x72,0x00,0x00,0x00,0x00,0x06,0x00,0x08,0x00,0xb0,0x00,0x00,0x00,
0x09,0x00,0x00,0x00,0x66,0x4d,0x6f,0x74,0x69,0x6f,0x6e,0x56,0x65,0x63,0x74,0x6f,
0x72,0x53,0x63,0x61,0x6c,0x65,0x00,0x00,0x06,0x00,0x08,0x00,0xb0,0x00,0x00,0x00,
0x0a,0x00,0x00,0x00,0x66,0x44,0x6f,0x77,0x6e,0x73,0x63,0x61,0x6c,0x65,0x46,0x61,
0x63,0x74,0x6f,0x72,0x00,0x00,0x00,0x00,0x06,0x00,0x0b,0x00,0xb0,0x00,0x00,0x00,
0x0b,0x00,0x00,0x00,0x66,0x4d,0x6f,0x74,0x69,0x6f,0x6e,0x56,0x65,0x63,0x74,0x6f,
0x72,0x4a,0x69,0x74,0x74,0x65,0x72,0x43,0x61,0x6e,0x63,0x65,0x6c,0x6c,0x61,0x74,
0x69,0x6f,0x6e,0x00,0x06,0x00,0x06,0x00,0xb0,0x00,0x00,0x00,0x0c,0x00,0x00,0x00,
0x66,0x54,0x61,0x6e,0x48,0x61,0x6c,0x66,0x46,0x4f,0x56,0x00,0x06,0x00,0x09,0x00,
0xb0,0x00,0x00,0x00,0x0d,0x00,0x00,0x00,0x66,0x4a,0x69,0x74,0x74,0x65,0x72,0x53,
0x65,0x71,0x75,0x65,0x6e,0x63,0x65,0x4c,0x65,0x6e,0x67,0x74,0x68,0x00,0x00,0x00,
0x06,0x00,0x06,0x00,0xb0,0x00,0x00,0x00,0x0e,0x00,0x00,0x00,0x66,0x44,0x65,0x6c,
0x74,0x61,0x54,0x69,0x6d,0x65,0x00,0x00,0x06,0x00,0x08,0x00,0xb0,0x00,0x00,0x00,
0x0f,0x00,0x00,0x00,0x66,0x44,0x65,0x6c,0x74,0x61,0x50,0x72,0x65,0x45,0x78,0x70,
0x6f,0x73,0x75,0x72,0x65,0x00,0x00,0x00,0x06,0x00,0x0a,0x00,0xb0,0x00,0x00,0x00,
0x10,0x00,0x00,0x00,0x66,0x56,0x69,0x65,0x77,0x53,0x70,0x61,0x63,0x65,0x54,0x6f,
0x4d,0x65,0x74,0x65,0x72,0x73,0x46,0x61,0x63,0x74,0x6f,0x72,0x00,0x00,0x00,0x00,
0x06,0x00,0x06,0x00,0xb0,0x00,0x00,0x00,0x11,0x00,0x00,0x00,0x66,0x46,0x72,0x61,
0x6d,0x65,0x49,0x6e,0x64,0x65,0x78,0x00,0x06,0x00,0x07,0x00,0xb0,0x00,0x00,0x00,
0x12,0x00,0x00,0x00,0x66,0x56,0x65,0x6c,0x6f,0x63,0x69,0x74,0x79,0x46,0x61,0x63,
0x74,0x6f,0x72,0x00,0x06,0x00,0x08,0x00,0xb0,0x00,0x00,0x00,0x13,0x00,0x00,0x00,
0x66,0x52,0x65,0x61,0x63,0x74,0x69,0x76,0x65,0x6e,0x65,0x73,0x73,0x53,0x63,0x61,
0x6c,0x65,0x00,0x00,0x06,0x00,0x08,0x00,0xb0,0x00,0x00,0x00,0x14,0x00,0x00,0x00,
0x66,0x53,0x68,0x61,0x64,0x69,0x6e,0x67,0x43,0x68,0x61,0x6e,0x67,0x65,0x53,0x63,
0x61,0x6c,0x65,0x00,0x06,0x00,0x0a,0x00,0xb0,0x00,0x00,0x00,0x15,0x00,0x00,0x00,
0x66,0x41,0x63,0x63,0x75,0x6d,0x75,0x6c,0x61,0x74,0x69,0x6f,0x6e,0x41,0x64,0x64,
0x65,0x64,0x50,0x65,0x72,0x46,0x72,0x61,0x6d,0x65,0x00,0x00,0x06,0x00,0x0b,0x00,
0xb0,0x00,0x00,0x00,0x16,0x00,0x00,0x00,0x66,0x4d,0x69,0x6e,0x44,0x69,0x73,0x6f,
0x63,0x63,0x6c,0x75,0x73,0x69,0x6f,0x6e,0x41,0x63,0x63,0x75,0x6d,0x75,0x6c,0x61,
0x74,0x69,0x6f,0x6e,0x00,0x00,0x00,0x00,0x05,0x00,0x06,0x00,0xb2,0x00,0x00,0x00,
0x63,0x62,0x46,0x53,0x52,0x33,0x55,0x70,0x73,0x63,0x61,0x6c,0x65,0x72,0x00,0x00,
0x05,0x00,0x06,0x00,0xd7,0x00,0x00,0x00,0x72,0x5f,0x69,0x6e,0x70,0x75,0x74,0x5f,
0x64,0x65,0x70,0x74,0x68,0x00,0x00,0x00,0x05,0x00,0x08,0x00,0xdf,0x00,0x00,0x00,
0x72,0x5f,0x69,0x6e,0x70,0x75,0x74,0x5f,0x63,0x6f,0x6c,0x6f,0x72,0x5f,0x6a,0x69,
0x74,0x74,0x65,0x72,0x65,0x64,0x00,0x00,0x05,0x00,0x08,0x00,0xe7,0x00,0x00,0x00,
0x72,0x5f,0x69,0x6e,0x70,0x75,0x74,0x5f,0x6d,0x6f,0x74,0x69,0x6f,0x6e,0x5f,0x76,
0x65,0x63,0x74,0x6f,0x72,0x73,0x00,0x00,0x05,0x00,0x07,0x00,0xf5,0x00,0x00,0x00,
0x72,0x77,0x5f,0x66,0x61,0x72,0x74,0x68,0x65,0x73,0x74,0x5f,0x64,0x65,0x70,0x74,
0x68,0x00,0x00,0x00,0x05,0x00,0x06,0x00,0xfa,0x00,0x00,0x00,0x72,0x77,0x5f,0x63,
0x75,0x72,0x72,0x65,0x6e,0x74,0x5f,0x6c,0x75,0x6d,0x61,0x00,0x05,0x00,0x0c,0x00,
0x05,0x01,0x00,0x00,0x72,0x77,0x5f,0x72,0x65,0x63,0x6f,0x6e,0x73,0x74,0x72,0x75,
0x63,0x74,0x65,0x64,0x5f,0x70,0x72,0x65,0x76,0x69,0x6f,0x75,0x73,0x5f,0x6e,0x65,
0x61,0x72,0x65,0x73,0x74,0x5f,0x64,0x65,0x70,0x74,0x68,0x00,0x05,0x00,0x07,0x00,
0x0e,0x01,0x00,0x00,0x72,0x77,0x5f,0x64,0x69,0x6c,0x61,0x74,0x65,0x64,0x5f,0x64,
0x65,0x70,0x74,0x68,0x00,0x00,0x00,0x00,0x05,0x00,0x09,0x00,0x15,0x01,0x00,0x00,
0x72,0x77,0x5f,0x64,0x69,0x6c,0x61,0x74,0x65,0x64,0x5f,0x6d,0x6f,0x74,0x69,0x6f,
0x6e,0x5f,0x76,0x65,0x63,0x74,0x6f,0x72,0x73,0x00,0x00,0x00,0x05,0x00,0x08,0x00,
0xa5,0x02,0x00,0x00,0x67,0x6c,0x5f,0x47,0x6c,0x6f,0x62,0x61,0x6c,0x49,0x6e,0x76,
0x6f,0x63,0x61,0x74,0x69,0x6f,0x6e,0x49,0x44,0x00,0x00,0x00,0x48,0x00,0x05,0x00,
0xb0,0x00,0x00,0x00,0x00,0x00,0x00,0x00,0x23,0x00,0x00,0x00,0x00,0x00,0x00,0x00,
0x48,0x00,0x05,0x00,0xb0,0x00,0x00,0x00,0x01,0x00,0x00,0x00,0x23,0x00,0x00,0x00,
0x08,0x00,0x00,0x00,0x48,0x00,0x05,0x00,0xb0,0x00,0x00,0x00,0x02,0x00,0x00,0x00,
0x23,0x00,0x00,0x00,0x10,0x00,0x00,0x00,0x48,0x00,0x05,0x00,0xb0,0x00,0x00,0x00,
0x03,0x00,0x00,0x00,0x23,0x00,0x00,0x00,0x18,0x00,0x00,0x00,0x48,0x00,0x05,0x00,
0xb0,0x00,0x00,0x00,0x04,0x00,0x00,0x00,0x23,0x00,0x00,0x00,0x20,0x00,0x00,0x00,
0x48,0x00,0x05,0x00,0xb0,0x00,0x00,0x00,0x05,0x00,0x00,0x00,0x23,0x00,0x00,0x00,
0x28,0x00,0x00,0x00,0x48,0x00,0x05,0x00,0xb0,0x00,0x00,0x00,0x06,0x00,0x00,0x00,
0x23,0x00,0x00,0x00,0x30,0x00,0x00,0x00,0x48,0x00,0x05,0x00,0xb0,0x00,0x00,0x00,
0x07,0x00,0x00,0x00,0x23,0x00,0x00,0x00,0x40,0x00,0x00,0x00,0x48,0x00,0x05,0x00,
0xb0,0x00,0x00,0x00,0x08,0x00,0x00,0x00,0x23,0x00,0x00,0x00,0x48,0x00,0x00,0x00,
0x48,0x00,0x05,0x00,0xb0,0x00,0x00,0x00,0x09,0x00,0x00,0x00,0x23,0x00,0x00,0x00,
0x50,0x00,0x00,0x00,0x48,0x00,0x05,0x00,0xb0,0x00,0x00,0x00,0x0a,0x00,0x00,0x00,
0x23,0x00,0x00,0x00,0x58,0x00,0x00,0x00,0x48,0x00,0x05,0x00,0xb0,0x00,0x00,0x00,
0x0b,0x00,0x00,0x00,0x23,0x00,0x00,0x00,0x60,0x00,0x00,0x00,0x48,0x00,0x05,0x00,
0xb0,0x00,0x00,0x00,0x0c,0x00,0x00,0x00,0x23,0x00,0x00,0x00,0x68,0x00,0x00,0x00,
0x48,0x00,0x05,0x00,0xb0,0x00,0x00,0x00,0x0d,0x00,0x00,0x00,0x23,0x00,0x00,0x00,
0x6c,0x00,0x00,0x00,0x48,0x00,0x05,0x00,0xb0,0x00,0x00,0x00,0x0e,0x00,0x00,0x00,
0x23,0x00,0x00,0x00,0x70,0x00,0x00,0x00,0x48,0x00,0x05,0x00,0xb0,0x00,0x00,0x00,
0x0f,0x00,0x00,0x00,0x23,0x00,0x00,0x00,0x74,0x00,0x00,0x00,0x48,0x00,0x05,0x00,
0xb0,0x00,0x00,0x00,0x10,0x00,0x00,0x00,0x23,0x00,0x00,0x00,0x78,0x00,0x00,0x00,
0x48,0x00,0x05,0x00,0xb0,0x00,0x00,0x00,0x11,0x00,0x00,0x00,0x23,0x00,0x00,0x00,
0x7c,0x00,0x00,0x00,0x48,0x00,0x05,0x00,0xb0,0x00,0x00,0x00,0x12,0x00,0x00,0x00,
0x23,0x00,0x00,0x00,0x80,0x00,0x00,0x00,0x48,0x00,0x05,0x00,0xb0,0x00,0x00,0x00,
0x13,0x00,0x00,0x00,0x23,0x00,0x00,0x00,0x84,0x00,0x00,0x00,0x48,0x00,0x05,0x00,
0xb0,0x00,0x00,0x00,0x14,0x00,0x00,0x00,0x23,0x00,0x00,0x00,0x88,0x00,0x00,0x00,
0x48,0x00,0x05,0x00,0xb0,0x00,0x00,0x00,0x15,0x00,0x00,0x00,0x23,0x00,0x00,0x00,
0x8c,0x00,0x00,0x00,0x48,0x00,0x05,0x00,0xb0,0x00,0x00,0x00,0x16,0x00,0x00,0x00,
0x23,0x00,0x00,0x00,0x90,0x00,0x00,0x00,0x47,0x00,0x03,0x00,0xb0,0x00,0x00,0x00,
0x02,0x00,0x00,0x00,0x47,0x00,0x04,0x00,0xb2,0x00,0x00,0x00,0x22,0x00,0x00,0x00,
0x00,0x00,0x00,0x00,0x47,0x00,0x04,0x00,0xb2,0x00,0x00,0x00,0x21,0x00,0x00,0x00,
0x08,0x00,0x00,0x00,0x47,0x00,0x04,0x00,0xd7,0x00,0x00,0x00,0x22,0x00,0x00,0x00,
0x00,0x00,0x00,0x00,0x47,0x00,0x04,0x00,0xd7,0x00,0x00,0x00,0x21,0x00,0x00,0x00,
0x01,0x00,0x00,0x00,0x47,0x00,0x04,0x00,0xdf,0x00,0x00,0x00,0x22,0x00,0x00,0x00,
0x00,0x00,0x00,0x00,0x47,0x00,0x04,0x00,0xdf,0x00,0x00,0x00,0x21,0x00,0x00,0x00,
0x02,0x00,0x00,0x00,0x47,0x00,0x04,0x00,0xe7,0x00,0x00,0x00,0x22,0x00,0x00,0x00,
0x00,0x00,0x00,0x00,0x47,0x00,0x04,0x00,0xe7,0x00,0x00,0x00,0x21,0x00,0x00,0x00,
0x00,0x00,0x00,0x00,0x47,0x00,0x04,0x00,0xf5,0x00,0x00,0x00,0x22,0x00,0x00,0x00,
0x00,0x00,0x00,0x00,0x47,0x00,0x04,0x00,0xf5,0x00,0x00,0x00,0x21,0x00,0x00,0x00,
0x06,0x00,0x00,0x00,0x47,0x00,0x04,0x00,0xfa,0x00,0x00,0x00,0x22,0x00,0x00,0x00,
0x00,0x00,0x00,0x00,0x47,0x00,0x04,0x00,0xfa,0x00,0x00,0x00,0x21,0x00,0x00,0x00,
0x07,0x00,0x00,0x00,0x47,0x00,0x04,0x00,0x05,0x01,0x00,0x00,0x22,0x00,0x00,0x00,
0x00,0x00,0x00,0x00,0x47,0x00,0x04,0x00,0x05,0x01,0x00,0x00,0x21,0x00,0x00,0x00,
0x05,0x00,0x00,0x00,0x47,0x00,0x04,0x00,0x0e,0x01,0x00,0x00,0x22,0x00,0x00,0x00,
0x00,0x00,0x00,0x00,0x47,0x00,0x04,0x00,0x0e,0x01,0x00,0x00,0x21,0x00,0x00,0x00,
0x04,0x00,0x00,0x00,0x47,0x00,0x03,0x00,0x0e,0x01,0x00,0x00,0x19,0x00,0x00,0x00,
0x47,0x00,0x04,0x00,0x15,0x01,0x00,0x00,0x22,0x00,0x00,0x00,0x00,0x00,0x00,0x00,
0x47,0x00,0x04,0x00,0x15,0x01,0x00,0x00,0x21,0x00,0x00,0x00,0x03,0x00,0x00,0x00,
0x47,0x00,0x03,0x00,0x15,0x01,0x00,0x00,0x19,0x00,0x00,0x00,0x47,0x00,0x04,0x00,
0xa5,0x02,0x00,0x00,0x0b,0x00,0x00,0x00,0x1c,0x00,0x00,0x00,0x47,0x00,0x04,0x00,
0xb9,0x02,0x00,0x00,0x0b,0x00,0x00,0x00,0x19,0x00,0x00,0x00,0x47,0x00,0x03,0x00,
0xef,0x02,0x00,0x00,0x18,0x00,0x00,0x00,0x47,0x00,0x03,0x00,0xf4,0x02,0x00,0x00,
0x18,0x00,0x00,0x00,0x13,0x00,0x02,0x00,0x02,0x00,0x00,0x00,0x21,0x00,0x03,0x00,
0x03,0x00,0x00,0x00,0x02,0x00,0x00,0x00,0x16,0x00,0x03,0x00,0x06,0x00,0x00,0x00,
0x20,0x00,0x00,0x00,0x20,0x00,0x04,0x00,0x07,0x00,0x00,0x00,0x07,0x00,0x00,0x00,
0x06,0x00,0x00,0x00,0x17,0x00,0x04,0x00,0x12,0x00,0x00,0x00,0x06,0x00,0x00,0x00,
0x02,0x00,0x00,0x00,0x17,0x00,0x04,0x00,0x1d,0x00,0x00,0x00,0x06,0x00,0x00,0x00,
0x03,0x00,0x00,0x00,0x15,0x00,0x04,0x00,0x24,0x00,0x00,0x00,0x20,0x00,0x00,0x00,
0x01,0x00,0x00,0x00,0x17,0x00,0x04,0x00,0x25,0x00,0x00,0x00,0x24,0x00,0x00,0x00,
0x02,0x00,0x00,0x00,0x17,0x00,0x04,0x00,0x2e,0x00,0x00,0x00,0x06,0x00,0x00,0x00,
0x04,0x00,0x00,0x00,0x20,0x00,0x04,0x00,0x37,0x00,0x00,0x00,0x07,0x00,0x00,0x00,
0x25,0x00,0x00,0x00,0x14,0x00,0x02,0x00,0x65,0x00,0x00,0x00,0x15,0x00,0x04,0x00,
0x75,0x00,0x00,0x00,0x20,0x00,0x00,0x00,0x00,0x00,0x00,0x00,0x2b,0x00,0x04,0x00,
0x75,0x00,0x00,0x00,0x76,0x00,0x00,0x00,0x04,0x00,0x00,0x00,0x1c,0x00,0x04,0x00,
0x77,0x00,0x00,0x00,0x25,0x00,0x00,0x00,0x76,0x00,0x00,0x00,0x1c,0x00,0x04,0x00,
0x78,0x00,0x00,0x00,0x06,0x00,0x00,0x00,0x76,0x00,0x00,0x00,0x2b,0x00,0x04,0x00,
0x06,0x00,0x00,0x00,0x9d,0x00,0x00,0x00,0x00,0x00,0x00,0x00,0x2b,0x00,0x04,0x00,
0x06,0x00,0x00,0x00,0x9e,0x00,0x00,0x00,0x00,0x00,0x80,0x3f,0x1e,0x00,0x19,0x00,
0xb0,0x00,0x00,0x00,0x25,0x00,0x00,0x00,0x25,0x00,0x00,0x00,0x25,0x00,0x00,0x00,
0x25,0x00,0x00,0x00,0x25,0x00,0x00,0x00,0x25,0x00,0x00,0x00,0x2e,0x00,0x00,0x00,
0x12,0x00,0x00,0x00,0x12,0x00,0x00,0x00,0x12,0x00,0x00,0x00,0x12,0x00,0x00,0x00,
0x12,0x00,0x00,0x00,0x06,0x00,0x00,0x00,0x06,0x00,0x00,0x00,0x06,0x00,0x00,0x00,
0x06,0x00,0x00,0x00,0x06,0x00,0x00,0x00,0x06,0x00,0x00,0x00,0x06,0x00,0x00,0x00,
0x06,0x00,0x00,0x00,0x06,0x00,0x00,0x00,0x06,0x00,0x00,0x00,0x06,0x00,0x00,0x00,
0x20,0x00,0x04,0x00,0xb1,0x00,0x00,0x00,0x02,0x00,0x00,0x00,0xb0,0x00,0x00,0x00,
0x3b,0x00,0x04,0x00,0xb1,0x00,0x00,0x00,0xb2,0x00,0x00,0x00,0x02,0x00,0x00,0x00,
0x2b,0x00,0x04,0x00,0x24,0x00,0x00,0x00,0xb3,0x00,0x00,0x00,0x00,0x00,0x00,0x00,
0x20,0x00,0x04,0x00,0xb4,0x00,0x00,0x00,0x02,0x00,0x00,0x00,0x25,0x00,0x00,0x00,
0x2b,0x00,0x04,0x00,0x24,0x00,0x00,0x00,0xb9,0x00,0x00,0x00,0x02,0x00,0x00,0x00,
0x2b,0x00,0x04,0x00,0x24,0x00,0x00,0x00,0xbe,0x00,0x00,0x00,0x07,0x00,0x00,0x00,
0x20,0x00,0x04,0x00,0xbf,0x00,0x00,0x00,0x02,0x00,0x00,0x00,0x12,0x00,0x00,0x00,
0x2b,0x00,0x04,0x00,0x24,0x00,0x00,0x00,0xc4,0x00,0x00,0x00,0x06,0x00,0x00,0x00,
0x20,0x00,0x04,0x00,0xc5,0x00,0x00,0x00,0x02,0x00,0x00,0x00,0x2e,0x00,0x00,0x00,
0x2b,0x00,0x04,0x00,0x24,0x00,0x00,0x00,0xca,0x00,0x00,0x00,0x09,0x00,0x00,0x00,
0x2b,0x00,0x04,0x00,0x24,0x00,0x00,0x00,0xcf,0x00,0x00,0x00,0x10,0x00,0x00,0x00,
0x20,0x00,0x04,0x00,0xd0,0x00,0x00,0x00,0x02,0x00,0x00,0x00,0x06,0x00,0x00,0x00,
0x19,0x00,0x09,0x00,0xd5,0x00,0x00,0x00,0x06,0x00,0x00,0x00,0x01,0x00,0x00,0x00,
0x00,0x00,0x00,0x00,0x00,0x00,0x00,0x00,0x00,0x00,0x00,0x00,0x01,0x00,0x00,0x00,
0x00,0x00,0x00,0x00,0x20,0x00,0x04,0x00,0xd6,0x00,0x00,0x00,0x00,0x00,0x00,0x00,
0xd5,0x00,0x00,0x00,0x3b,0x00,0x04,0x00,0xd6,0x00,0x00,0x00,0xd7,0x00,0x00,0x00,
0x00,0x00,0x00,0x00,0x2b,0x00,0x04,0x00,0x75,0x00,0x00,0x00,0xdb,0x00,0x00,0x00,
0x00,0x00,0x00,0x00,0x3b,0x00,0x04,0x00,0xd6,0x00,0x00,0x00,0xdf,0x00,0x00,0x00,
0x00,0x00,0x00,0x00,0x3b,0x00,0x04,0x00,0xd6,0x00,0x00,0x00,0xe7,0x00,0x00,0x00,
0x00,0x00,0x00,0x00,0x19,0x00,0x09,0x00,0xf3,0x00,0x00,0x00,0x06,0x00,0x00,0x00,
0x01,0x00,0x00,0x00,0x00,0x00,0x00,0x00,0x00,0x00,0x00,0x00,0x00,0x00,0x00,0x00,
0x02,0x00,0x00,0x00,0x09,0x00,0x00,0x00,0x20,0x00,0x04,0x00,0xf4,0x00,0x00,0x00,
0x00,0x00,0x00,0x00,0xf3,0x00,0x00,0x00,0x3b,0x00,0x04,0x00,0xf4,0x00,0x00,0x00,
0xf5,0x00,0x00,0x00,0x00,0x00,0x00,0x00,0x3b,0x00,0x04,0x00,0xf4,0x00,0x00,0x00,
0xfa,0x00,0x00,0x00,0x00,0x00,0x00,0x00,0x19,0x00,0x09,0x00,0x03,0x01,0x00,0x00,
0x75,0x00,0x00,0x00,0x01,0x00,0x00,0x00,0x00,0x00,0x00,0x00,0x00,0x00,0x00,0x00,
0x00,0x00,0x00,0x00,0x02,0x00,0x00,0x00,0x21,0x00,0x00,0x00,0x20,0x00,0x04,0x00,
0x04,0x01,0x00,0x00,0x00,0x00,0x00,0x00,0x03,0x01,0x00,0x00,0x3b,0x00,0x04,0x00,
0x04,0x01,0x00,0x00,0x05,0x01,0x00,0x00,0x00,0x00,0x00,0x00,0x20,0x00,0x04,0x00,
0x08,0x01,0x00,0x00,0x0b,0x00,0x00,0x00,0x75,0x00,0x00,0x00,0x2b,0x00,0x04,0x00,
0x75,0x00,0x00,0x00,0x0a,0x01,0x00,0x00,0x01,0x00,0x00,0x00,0x19,0x00,0x09,0x00,
0x0c,0x01,0x00,0x00,0x06,0x00,0x00,0x00,0x01,0x00,0x00,0x00,0x00,0x00,0x00,0x00,
0x00,0x00,0x00,0x00,0x00,0x00,0x00,0x00,0x02,0x00,0x00,0x00,0x03,0x00,0x00,0x00,
0x20,0x00,0x04,0x00,0x0d,0x01,0x00,0x00,0x00,0x00,0x00,0x00,0x0c,0x01,0x00,0x00,
0x3b,0x00,0x04,0x00,0x0d,0x01,0x00,0x00,0x0e,0x01,0x00,0x00,0x00,0x00,0x00,0x00,
0x19,0x00,0x09,0x00,0x13,0x01,0x00,0x00,0x06,0x00,0x00,0x00,0x01,0x00,0x00,0x00,
0x00,0x00,0x00,0x00,0x00,0x00,0x00,0x00,0x00,0x00,0x00,0x00,0x02,0x00,0x00,0x00,
0x07,0x00,0x00,0x00,0x20,0x00,0x04,0x00,0x14,0x01,0x00,0x00,0x00,0x00,0x00,0x00,
0x13,0x01,0x00,0x00,0x3b,0x00,0x04,0x00,0x14,0x01,0x00,0x00,0x15,0x01,0x00,0x00,
0x00,0x00,0x00,0x00,0x2b,0x00,0x04,0x00,0x06,0x00,0x00,0x00,0x1c,0x01,0x00,0x00,
0x00,0x00,0x80,0x3e,0x2b,0x00,0x04,0x00,0x06,0x00,0x00,0x00,0x1d,0x01,0x00,0x00,
0x00,0x00,0x40,0x3f,0x2b,0x00,0x04,0x00,0x06,0x00,0x00,0x00,0x2a,0x01,0x00,0x00,
0x00,0x00,0x70,0x45,0x2b,0x00,0x04,0x00,0x06,0x00,0x00,0x00,0x2b,0x01,0x00,0x00,
0x00,0x00,0x07,0x45,0x2c,0x00,0x05,0x00,0x12,0x00,0x00,0x00,0x2c,0x01,0x00,0x00,
0x2a,0x01,0x00,0x00,0x2b,0x01,0x00,0x00,0x2b,0x00,0x04,0x00,0x06,0x00,0x00,0x00,
0x32,0x01,0x00,0x00,0xd0,0xb3,0x59,0x3e,0x2b,0x00,0x04,0x00,0x06,0x00,0x00,0x00,
0x33,0x01,0x00,0x00,0x59,0x17,0x37,0x3f,0x2b,0x00,0x04,0x00,0x06,0x00,0x00,0x00,
0x34,0x01,0x00,0x00,0x98,0xdd,0x93,0x3d,0x2c,0x00,0x06,0x00,0x1d,0x00,0x00,0x00,
0x35,0x01,0x00,0x00,0x32,0x01,0x00,0x00,0x33,0x01,0x00,0x00,0x34,0x01,0x00,0x00,
0x17,0x00,0x04,0x00,0x3a,0x01,0x00,0x00,0x75,0x00,0x00,0x00,0x02,0x00,0x00,0x00,
0x17,0x00,0x04,0x00,0x3e,0x01,0x00,0x00,0x65,0x00,0x00,0x00,0x02,0x00,0x00,0x00,
0x2b,0x00,0x04,0x00,0x06,0x00,0x00,0x00,0x46,0x01,0x00,0x00,0x00,0x00,0x00,0x3f,
0x2c,0x00,0x05,0x00,0x12,0x00,0x00,0x00,0x72,0x01,0x00,0x00,0x46,0x01,0x00,0x00,
0x46,0x01,0x00,0x00,0x2c,0x00,0x05,0x00,0x25,0x00,0x00,0x00,0x7e,0x01,0x00,0x00,
0xb3,0x00,0x00,0x00,0xb3,0x00,0x00,0x00,0x2b,0x00,0x04,0x00,0x24,0x00,0x00,0x00,
0x80,0x01,0x00,0x00,0x01,0x00,0x00,0x00,0x2c,0x00,0x05,0x00,0x25,0x00,0x00,0x00,
0x81,0x01,0x00,0x00,0x80,0x01,0x00,0x00,0xb3,0x00,0x00,0x00,0x2c,0x00,0x05,0x00,
0x25,0x00,0x00,0x00,0x83,0x01,0x00,0x00,0xb3,0x00,0x00,0x00,0x80,0x01,0x00,0x00,
0x2c,0x00,0x05,0x00,0x25,0x00,0x00,0x00,0x86,0x01,0x00,0x00,0x80,0x01,0x00,0x00,
0x80,0x01,0x00,0x00,0x2b,0x00,0x04,0x00,0x06,0x00,0x00,0x00,0xab,0x01,0x00,0x00,
0x00,0xe0,0x7f,0x47,0x2b,0x00,0x04,0x00,0x24,0x00,0x00,0x00,0xd5,0x01,0x00,0x00,
0x04,0x00,0x00,0x00,0x2b,0x00,0x04,0x00,0x06,0x00,0x00,0x00,0xe0,0x01,0x00,0x00,
0x68,0xe8,0x1f,0x3a,0x2b,0x00,0x04,0x00,0x75,0x00,0x00,0x00,0x01,0x02,0x00,0x00,
0x09,0x00,0x00,0x00,0x1c,0x00,0x04,0x00,0x02,0x02,0x00,0x00,0x25,0x00,0x00,0x00,
0x01,0x02,0x00,0x00,0x2b,0x00,0x04,0x00,0x24,0x00,0x00,0x00,0x03,0x02,0x00,0x00,
0xff,0xff,0xff,0xff,0x2c,0x00,0x05,0x00,0x25,0x00,0x00,0x00,0x04,0x02,0x00,0x00,
0xb3,0x00,0x00,0x00,0x03,0x02,0x00,0x00,0x2c,0x00,0x05,0x00,0x25,0x00,0x00,0x00,
0x05,0x02,0x00,0x00,0x03,0x02,0x00,0x00,0xb3,0x00,0x00,0x00,0x2c,0x00,0x05,0x00,
0x25,0x00,0x00,0x00,0x06,0x02,0x00,0x00,0x03,0x02,0x00,0x00,0x80,0x01,0x00,0x00,
0x2c,0x00,0x05,0x00,0x25,0x00,0x00,0x00,0x07,0x02,0x00,0x00,0x03,0x02,0x00,0x00,
0x03,0x02,0x00,0x00,0x2c,0x00,0x05,0x00,0x25,0x00,0x00,0x00,0x08,0x02,0x00,0x00,
0x80,0x01,0x00,0x00,0x03,0x02,0x00,0x00,0x2c,0x00,0x0c,0x00,0x02,0x02,0x00,0x00,
0x09,0x02,0x00,0x00,0x7e,0x01,0x00,0x00,0x81,0x01,0x00,0x00,0x83,0x01,0x00,0x00,
0x04,0x02,0x00,0x00,0x05,0x02,0x00,0x00,0x06,0x02,0x00,0x00,0x86,0x01,0x00,0x00,
0x07,0x02,0x00,0x00,0x08,0x02,0x00,0x00,0x20,0x00,0x04,0x00,0x0b,0x02,0x00,0x00,
0x07,0x00,0x00,0x00,0x02,0x02,0x00,0x00,0x1c,0x00,0x04,0x00,0x10,0x02,0x00,0x00,
0x06,0x00,0x00,0x00,0x01,0x02,0x00,0x00,0x20,0x00,0x04,0x00,0x11,0x02,0x00,0x00,
0x07,0x00,0x00,0x00,0x10,0x02,0x00,0x00,0x2c,0x00,0x06,0x00,0x1d,0x00,0x00,0x00,
0x63,0x02,0x00,0x00,0x9d,0x00,0x00,0x00,0x9d,0x00,0x00,0x00,0x9d,0x00,0x00,0x00,
0x17,0x00,0x04,0x00,0xa3,0x02,0x00,0x00,0x75,0x00,0x00,0x00,0x03,0x00,0x00,0x00,
0x20,0x00,0x04,0x00,0xa4,0x02,0x00,0x00,0x01,0x00,0x00,0x00,0xa3,0x02,0x00,0x00,
0x3b,0x00,0x04,0x00,0xa4,0x02,0x00,0x00,0xa5,0x02,0x00,0x00,0x01,0x00,0x00,0x00,
0x2b,0x00,0x04,0x00,0x75,0x00,0x00,0x00,0xb8,0x02,0x00,0x00,0x08,0x00,0x00,0x00,
0x2c,0x00,0x06,0x00,0xa3,0x02,0x00,0x00,0xb9,0x02,0x00,0x00,0xb8,0x02,0x00,0x00,
0xb8,0x02,0x00,0x00,0x0a,0x01,0x00,0x00,0x20,0x00,0x04,0x00,0xe0,0x04,0x00,0x00,
0x07,0x00,0x00,0x00,0x77,0x00,0x00,0x00,0x20,0x00,0x04,0x00,0xe2,0x04,0x00,0x00,
0x07,0x00,0x00,0x00,0x78,0x00,0x00,0x00,0x2b,0x00,0x04,0x00,0x06,0x00,0x00,0x00,
0x56,0x05,0x00,0x00,0x0a,0xd7,0x23,0x3c,0x2c,0x00,0x07,0x00,0x77,0x00,0x00,0x00,
0x58,0x05,0x00,0x00,0x7e,0x01,0x00,0x00,0x81,0x01,0x00,0x00,0x83,0x01,0x00,0x00,
0x86,0x01,0x00,0x00,0x2b,0x00,0x04,0x00,0x06,0x00,0x00,0x00,0x59,0x05,0x00,0x00,
0x00,0x00,0x00,0xbf,0x2c,0x00,0x05,0x00,0x12,0x00,0x00,0x00,0x5a,0x05,0x00,0x00,
0x59,0x05,0x00,0x00,0x59,0x05,0x00,0x00,0x36,0x00,0x05,0x00,0x02,0x00,0x00,0x00,
0x04,0x00,0x00,0x00,0x00,0x00,0x00,0x00,0x03,0x00,0x00,0x00,0xf8,0x00,0x02,0x00,
0x05,0x00,0x00,0x00,0x3b,0x00,0x04,0x00,0xe2,0x04,0x00,0x00,0xfc,0x04,0x00,0x00,
0x07,0x00,0x00,0x00,0x3b,0x00,0x04,0x00,0xe0,0x04,0x00,0x00,0xfb,0x04,0x00,0x00,
0x07,0x00,0x00,0x00,0x3b,0x00,0x05,0x00,0x0b,0x02,0x00,0x00,0xef,0x02,0x00,0x00,
0x07,0x00,0x00,0x00,0x09,0x02,0x00,0x00,0x3b,0x00,0x04,0x00,0x11,0x02,0x00,0x00,
0xf0,0x02,0x00,0x00,0x07,0x00,0x00,0x00,0x3b,0x00,0x05,0x00,0x0b,0x02,0x00,0x00,
0xf4,0x02,0x00,0x00,0x07,0x00,0x00,0x00,0x09,0x02,0x00,0x00,0x3d,0x00,0x04,0x00,
0xa3,0x02,0x00,0x00,0xa6,0x02,0x00,0x00,0xa5,0x02,0x00,0x00,0x4f,0x00,0x07,0x00,
0x3a,0x01,0x00,0x00,0xa7,0x02,0x00,0x00,0xa6,0x02,0x00,0x00,0xa6,0x02,0x00,0x00,
0x00,0x00,0x00,0x00,0x01,0x00,0x00,0x00,0x7c,0x00,0x04,0x00,0x25,0x00,0x00,0x00,
0xa8,0x02,0x00,0x00,0xa7,0x02,0x00,0x00,0x3e,0x00,0x03,0x00,0xef,0x02,0x00,0x00,
0x09,0x02,0x00,0x00,0x3e,0x00,0x03,0x00,0xf4,0x02,0x00,0x00,0x09,0x02,0x00,0x00,
0xf9,0x00,0x02,0x00,0xfc,0x02,0x00,0x00,0xf8,0x00,0x02,0x00,0xfc,0x02,0x00,0x00,
0xf5,0x00,0x07,0x00,0x24,0x00,0x00,0x00,0x5b,0x05,0x00,0x00,0xb3,0x00,0x00,0x00,
0x05,0x00,0x00,0x00,0x0c,0x03,0x00,0x00,0x00,0x03,0x00,0x00,0xb1,0x00,0x05,0x00,
0x65,0x00,0x00,0x00,0xff,0x02,0x00,0x00,0x5b,0x05,0x00,0x00,0xca,0x00,0x00,0x00,
0xf6,0x00,0x04,0x00,0x0d,0x03,0x00,0x00,0x00,0x03,0x00,0x00,0x00,0x00,0x00,0x00,
0xfa,0x00,0x04,0x00,0xff,0x02,0x00,0x00,0x00,0x03,0x00,0x00,0x0d,0x03,0x00,0x00,
0xf8,0x00,0x02,0x00,0x00,0x03,0x00,0x00,0x41,0x00,0x05,0x00,0x37,0x00,0x00,0x00,
0x03,0x03,0x00,0x00,0xef,0x02,0x00,0x00,0x5b,0x05,0x00,0x00,0x3d,0x00,0x04,0x00,
0x25,0x00,0x00,0x00,0x04,0x03,0x00,0x00,0x03,0x03,0x00,0x00,0x80,0x00,0x05,0x00,
0x25,0x00,0x00,0x00,0x05,0x03,0x00,0x00,0xa8,0x02,0x00,0x00,0x04,0x03,0x00,0x00,
0x3d,0x00,0x04,0x00,0xd5,0x00,0x00,0x00,0x3e,0x03,0x00,0x00,0xd7,0x00,0x00,0x00,
0x5f,0x00,0x07,0x00,0x2e,0x00,0x00,0x00,0x40,0x03,0x00,0x00,0x3e,0x03,0x00,0x00,
0x05,0x03,0x00,0x00,0x02,0x00,0x00,0x00,0xb3,0x00,0x00,0x00,0x51,0x00,0x05,0x00,
0x06,0x00,0x00,0x00,0x41,0x03,0x00,0x00,0x40,0x03,0x00,0x00,0x00,0x00,0x00,0x00,
0x41,0x00,0x05,0x00,0x07,0x00,0x00,0x00,0x09,0x03,0x00,0x00,0xf0,0x02,0x00,0x00,
0x5b,0x05,0x00,0x00,0x3e,0x00,0x03,0x00,0x09,0x03,0x00,0x00,0x41,0x03,0x00,0x00,
0x80,0x00,0x05,0x00,0x24,0x00,0x00,0x00,0x0c,0x03,0x00,0x00,0x5b,0x05,0x00,0x00,
0x80,0x01,0x00,0x00,0xf9,0x00,0x02,0x00,0xfc,0x02,0x00,0x00,0xf8,0x00,0x02,0x00,
0x0d,0x03,0x00,0x00,0x41,0x00,0x05,0x00,0x07,0x00,0x00,0x00,0x10,0x03,0x00,0x00,
0xf0,0x02,0x00,0x00,0xb3,0x00,0x00,0x00,0x3d,0x00,0x04,0x00,0x06,0x00,0x00,0x00,
0x11,0x03,0x00,0x00,0x10,0x03,0x00,0x00,0x3d,0x00,0x04,0x00,0x06,0x00,0x00,0x00,
0x14,0x03,0x00,0x00,0x10,0x03,0x00,0x00,0xf9,0x00,0x02,0x00,0x16,0x03,0x00,0x00,
0xf8,0x00,0x02,0x00,0x16,0x03,0x00,0x00,0xf5,0x00,0x07,0x00,0x06,0x00,0x00,0x00,
0x5f,0x05,0x00,0x00,0x11,0x03,0x00,0x00,0x0d,0x03,0x00,0x00,0x69,0x05,0x00,0x00,
0x37,0x03,0x00,0x00,0xf5,0x00,0x07,0x00,0x25,0x00,0x00,0x00,0x5e,0x05,0x00,0x00,
0xa8,0x02,0x00,0x00,0x0d,0x03,0x00,0x00,0x67,0x05,0x00,0x00,0x37,0x03,0x00,0x00,
0xf5,0x00,0x07,0x00,0x06,0x00,0x00,0x00,0x5d,0x05,0x00,0x00,0x14,0x03,0x00,0x00,
0x0d,0x03,0x00,0x00,0x65,0x05,0x00,0x00,0x37,0x03,0x00,0x00,0xf5,0x00,0x07,0x00,
0x24,0x00,0x00,0x00,0x5c,0x05,0x00,0x00,0x80,0x01,0x00,0x00,0x0d,0x03,0x00,0x00,
0x39,0x03,0x00,0x00,0x37,0x03,0x00,0x00,0xb1,0x00,0x05,0x00,0x65,0x00,0x00,0x00,
0x19,0x03,0x00,0x00,0x5c,0x05,0x00,0x00,0xca,0x00,0x00,0x00,0xf6,0x00,0x04,0x00,
0x3a,0x03,0x00,0x00,0x37,0x03,0x00,0x00,0x00,0x00,0x00,0x00,0xfa,0x00,0x04,0x00,
0x19,0x03,0x00,0x00,0x1a,0x03,0x00,0x00,0x3a,0x03,0x00,0x00,0xf8,0x00,0x02,0x00,
0x1a,0x03,0x00,0x00,0x41,0x00,0x05,0x00,0x37,0x00,0x00,0x00,0x1d,0x03,0x00,0x00,
0xf4,0x02,0x00,0x00,0x5c,0x05,0x00,0x00,0x3d,0x00,0x04,0x00,0x25,0x00,0x00,0x00,
0x1e,0x03,0x00,0x00,0x1d,0x03,0x00,0x00,0x80,0x00,0x05,0x00,0x25,0x00,0x00,0x00,
0x1f,0x03,0x00,0x00,0xa8,0x02,0x00,0x00,0x1e,0x03,0x00,0x00,0x41,0x00,0x05,0x00,
0xb4,0x00,0x00,0x00,0x44,0x03,0x00,0x00,0xb2,0x00,0x00,0x00,0xb3,0x00,0x00,0x00,
0x3d,0x00,0x04,0x00,0x25,0x00,0x00,0x00,0x45,0x03,0x00,0x00,0x44,0x03,0x00,0x00,
0x7c,0x00,0x04,0x00,0x3a,0x01,0x00,0x00,0x4a,0x03,0x00,0x00,0x1f,0x03,0x00,0x00,
0x7c,0x00,0x04,0x00,0x3a,0x01,0x00,0x00,0x4c,0x03,0x00,0x00,0x45,0x03,0x00,0x00,
0xb0,0x00,0x05,0x00,0x3e,0x01,0x00,0x00,0x4d,0x03,0x00,0x00,0x4a,0x03,0x00,0x00,
0x4c,0x03,0x00,0x00,0x9b,0x00,0x04,0x00,0x65,0x00,0x00,0x00,0x4e,0x03,0x00,0x00,
0x4d,0x03,0x00,0x00,0xf7,0x00,0x03,0x00,0x36,0x03,0x00,0x00,0x00,0x00,0x00,0x00,
0xfa,0x00,0x04,0x00,0x4e,0x03,0x00,0x00,0x23,0x03,0x00,0x00,0x36,0x03,0x00,0x00,
0xf8,0x00,0x02,0x00,0x23,0x03,0x00,0x00,0x41,0x00,0x05,0x00,0x07,0x00,0x00,0x00,
0x25,0x03,0x00,0x00,0xf0,0x02,0x00,0x00,0x5c,0x05,0x00,0x00,0x3d,0x00,0x04,0x00,
0x06,0x00,0x00,0x00,0x26,0x03,0x00,0x00,0x25,0x03,0x00,0x00,0xba,0x00,0x05,0x00,
0x65,0x00,0x00,0x00,0x2a,0x03,0x00,0x00,0x26,0x03,0x00,0x00,0x5f,0x05,0x00,0x00,
0xf7,0x00,0x03,0x00,0x35,0x03,0x00,0x00,0x00,0x00,0x00,0x00,0xfa,0x00,0x04,0x00,
0x2a,0x03,0x00,0x00,0x2b,0x03,0x00,0x00,0x35,0x03,0x00,0x00,0xf8,0x00,0x02,0x00,
0x2b,0x03,0x00,0x00,0x0c,0x00,0x07,0x00,0x06,0x00,0x00,0x00,0x53,0x03,0x00,0x00,
0x01,0x00,0x00,0x00,0x25,0x00,0x00,0x00,0x5d,0x05,0x00,0x00,0x26,0x03,0x00,0x00,
0xf9,0x00,0x02,0x00,0x35,0x03,0x00,0x00,0xf8,0x00,0x02,0x00,0x35,0x03,0x00,0x00,
0xf5,0x00,0x07,0x00,0x06,0x00,0x00,0x00,0x66,0x05,0x00,0x00,0x5d,0x05,0x00,0x00,
0x23,0x03,0x00,0x00,0x53,0x03,0x00,0x00,0x2b,0x03,0x00,0x00,0xa9,0x00,0x06,0x00,
0x06,0x00,0x00,0x00,0x6b,0x05,0x00,0x00,0x2a,0x03,0x00,0x00,0x26,0x03,0x00,0x00,
0x5f,0x05,0x00,0x00,0x50,0x00,0x05,0x00,0x3e,0x01,0x00,0x00,0x6c,0x05,0x00,0x00,
0x2a,0x03,0x00,0x00,0x2a,0x03,0x00,0x00,0xa9,0x00,0x06,0x00,0x25,0x00,0x00,0x00,
0x6d,0x05,0x00,0x00,0x6c,0x05,0x00,0x00,0x1f,0x03,0x00,0x00,0x5e,0x05,0x00,0x00,
0xf9,0x00,0x02,0x00,0x36,0x03,0x00,0x00,0xf8,0x00,0x02,0x00,0x36,0x03,0x00,0x00,
0xf5,0x00,0x07,0x00,0x06,0x00,0x00,0x00,0x69,0x05,0x00,0x00,0x5f,0x05,0x00,0x00,
0x1a,0x03,0x00,0x00,0x6b,0x05,0x00,0x00,0x35,0x03,0x00,0x00,0xf5,0x00,0x07,0x00,
0x25,0x00,0x00,0x00,0x67,0x05,0x00,0x00,0x5e,0x05,0x00,0x00,0x1a,0x03,0x00,0x00,
0x6d,0x05,0x00,0x00,0x35,0x03,0x00,0x00,0xf5,0x00,0x07,0x00,0x06,0x00,0x00,0x00,
0x65,0x05,0x00,0x00,0x5d,0x05,0x00,0x00,0x1a,0x03,0x00,0x00,0x66,0x05,0x00,0x00,
0x35,0x03,0x00,0x00,0xf9,0x00,0x02,0x00,0x37,0x03,0x00,0x00,0xf8,0x00,0x02,0x00,
0x37,0x03,0x00,0x00,0x80,0x00,0x05,0x00,0x24,0x00,0x00,0x00,0x39,0x03,0x00,0x00,
0x5c,0x05,0x00,0x00,0x80,0x01,0x00,0x00,0xf9,0x00,0x02,0x00,0x16,0x03,0x00,0x00,
0xf8,0x00,0x02,0x00,0x3a,0x03,0x00,0x00,0x6f,0x00,0x04,0x00,0x12,0x00,0x00,0x00,
0x8b,0x03,0x00,0x00,0x5e,0x05,0x00,0x00,0x81,0x00,0x05,0x00,0x12,0x00,0x00,0x00,
0x8d,0x03,0x00,0x00,0x8b,0x03,0x00,0x00,0x72,0x01,0x00,0x00,0x41,0x00,0x05,0x00,
0xbf,0x00,0x00,0x00,0x9d,0x03,0x00,0x00,0xb2,0x00,0x00,0x00,0xbe,0x00,0x00,0x00,
0x3d,0x00,0x04,0x00,0x12,0x00,0x00,0x00,0x9e,0x03,0x00,0x00,0x9d,0x03,0x00,0x00,
0x83,0x00,0x05,0x00,0x12,0x00,0x00,0x00,0x8f,0x03,0x00,0x00,0x8d,0x03,0x00,0x00,
0x9e,0x03,0x00,0x00,0x41,0x00,0x05,0x00,0xb4,0x00,0x00,0x00,0xa1,0x03,0x00,0x00,
0xb2,0x00,0x00,0x00,0xb3,0x00,0x00,0x00,0x3d,0x00,0x04,0x00,0x25,0x00,0x00,0x00,
0xa2,0x03,0x00,0x00,0xa1,0x03,0x00,0x00,0x6f,0x00,0x04,0x00,0x12,0x00,0x00,0x00,
0x92,0x03,0x00,0x00,0xa2,0x03,0x00,0x00,0x88,0x00,0x05,0x00,0x12,0x00,0x00,0x00,
0x93,0x03,0x00,0x00,0x8f,0x03,0x00,0x00,0x92,0x03,0x00,0x00,0x41,0x00,0x05,0x00,
0xb4,0x00,0x00,0x00,0xa5,0x03,0x00,0x00,0xb2,0x00,0x00,0x00,0xb9,0x00,0x00,0x00,
0x3d,0x00,0x04,0x00,0x25,0x00,0x00,0x00,0xa6,0x03,0x00,0x00,0xa5,0x03,0x00,0x00,
0x6f,0x00,0x04,0x00,0x12,0x00,0x00,0x00,0x95,0x03,0x00,0x00,0xa6,0x03,0x00,0x00,
0x85,0x00,0x05,0x00,0x12,0x00,0x00,0x00,0x96,0x03,0x00,0x00,0x93,0x03,0x00,0x00,
0x95,0x03,0x00,0x00,0x0c,0x00,0x06,0x00,0x12,0x00,0x00,0x00,0x98,0x03,0x00,0x00,
0x01,0x00,0x00,0x00,0x08,0x00,0x00,0x00,0x96,0x03,0x00,0x00,0x6e,0x00,0x04,0x00,
0x25,0x00,0x00,0x00,0x99,0x03,0x00,0x00,0x98,0x03,0x00,0x00,0x3d,0x00,0x04,0x00,
0xd5,0x00,0x00,0x00,0xab,0x03,0x00,0x00,0xe7,0x00,0x00,0x00,0x5f,0x00,0x07,0x00,
0x2e,0x00,0x00,0x00,0xad,0x03,0x00,0x00,0xab,0x03,0x00,0x00,0x99,0x03,0x00,0x00,
0x02,0x00,0x00,0x00,0xb3,0x00,0x00,0x00,0x4f,0x00,0x07,0x00,0x12,0x00,0x00,0x00,
0xae,0x03,0x00,0x00,0xad,0x03,0x00,0x00,0xad,0x03,0x00,0x00,0x00,0x00,0x00,0x00,
0x01,0x00,0x00,0x00,0x41,0x00,0x05,0x00,0xbf,0x00,0x00,0x00,0xb5,0x03,0x00,0x00,
0xb2,0x00,0x00,0x00,0xca,0x00,0x00,0x00,0x3d,0x00,0x04,0x00,0x12,0x00,0x00,0x00,
0xb6,0x03,0x00,0x00,0xb5,0x03,0x00,0x00,0x85,0x00,0x05,0x00,0x12,0x00,0x00,0x00,
0xb1,0x03,0x00,0x00,0xae,0x03,0x00,0x00,0xb6,0x03,0x00,0x00,0x41,0x00,0x05,0x00,
0xc5,0x00,0x00,0x00,0x18,0x04,0x00,0x00,0xb2,0x00,0x00,0x00,0xc4,0x00,0x00,0x00,
0x3d,0x00,0x04,0x00,0x2e,0x00,0x00,0x00,0x19,0x04,0x00,0x00,0x18,0x04,0x00,0x00,
0x51,0x00,0x05,0x00,0x06,0x00,0x00,0x00,0x10,0x04,0x00,0x00,0x19,0x04,0x00,0x00,
0x01,0x00,0x00,0x00,0x51,0x00,0x05,0x00,0x06,0x00,0x00,0x00,0x13,0x04,0x00,0x00,
0x19,0x04,0x00,0x00,0x00,0x00,0x00,0x00,0x83,0x00,0x05,0x00,0x06,0x00,0x00,0x00,
0x14,0x04,0x00,0x00,0x5f,0x05,0x00,0x00,0x13,0x04,0x00,0x00,0x88,0x00,0x05,0x00,
0x06,0x00,0x00,0x00,0x15,0x04,0x00,0x00,0x10,0x04,0x00,0x00,0x14,0x04,0x00,0x00,
0x41,0x00,0x05,0x00,0xd0,0x00,0x00,0x00,0x1c,0x04,0x00,0x00,0xb2,0x00,0x00,0x00,
0xcf,0x00,0x00,0x00,0x3d,0x00,0x04,0x00,0x06,0x00,0x00,0x00,0x1d,0x04,0x00,0x00,
0x1c,0x04,0x00,0x00,0x85,0x00,0x05,0x00,0x06,0x00,0x00,0x00,0x0a,0x04,0x00,0x00,
0x15,0x04,0x00,0x00,0x1d,0x04,0x00,0x00,0x0c,0x00,0x07,0x00,0x06,0x00,0x00,0x00,
0x22,0x04,0x00,0x00,0x01,0x00,0x00,0x00,0x25,0x00,0x00,0x00,0x0a,0x04,0x00,0x00,
0xab,0x01,0x00,0x00,0x85,0x00,0x05,0x00,0x06,0x00,0x00,0x00,0x2a,0x04,0x00,0x00,
0x22,0x04,0x00,0x00,0x56,0x05,0x00,0x00,0x0c,0x00,0x08,0x00,0x06,0x00,0x00,0x00,
0x30,0x04,0x00,0x00,0x01,0x00,0x00,0x00,0x2b,0x00,0x00,0x00,0x2a,0x04,0x00,0x00,
0x9d,0x00,0x00,0x00,0x9e,0x00,0x00,0x00,0x0c,0x00,0x08,0x00,0x06,0x00,0x00,0x00,
0x36,0x04,0x00,0x00,0x01,0x00,0x00,0x00,0x2e,0x00,0x00,0x00,0x1c,0x01,0x00,0x00,
0x1d,0x01,0x00,0x00,0x30,0x04,0x00,0x00,0x85,0x00,0x05,0x00,0x12,0x00,0x00,0x00,
0x3a,0x04,0x00,0x00,0xb1,0x03,0x00,0x00,0x2c,0x01,0x00,0x00,0x0c,0x00,0x06,0x00,
0x06,0x00,0x00,0x00,0x3b,0x04,0x00,0x00,0x01,0x00,0x00,0x00,0x42,0x00,0x00,0x00,
0x3a,0x04,0x00,0x00,0xba,0x00,0x05,0x00,0x65,0x00,0x00,0x00,0xd4,0x03,0x00,0x00,
0x3b,0x04,0x00,0x00,0x36,0x04,0x00,0x00,0xa9,0x00,0x06,0x00,0x06,0x00,0x00,0x00,
0xd5,0x03,0x00,0x00,0xd4,0x03,0x00,0x00,0x9e,0x00,0x00,0x00,0x9d,0x00,0x00,0x00,
0x8e,0x00,0x05,0x00,0x12,0x00,0x00,0x00,0xd7,0x03,0x00,0x00,0xb1,0x03,0x00,0x00,
0xd5,0x03,0x00,0x00,0x6f,0x00,0x04,0x00,0x12,0x00,0x00,0x00,0xd9,0x03,0x00,0x00,
0xa8,0x02,0x00,0x00,0x81,0x00,0x05,0x00,0x12,0x00,0x00,0x00,0xdb,0x03,0x00,0x00,
0xd9,0x03,0x00,0x00,0x72,0x01,0x00,0x00,0x88,0x00,0x05,0x00,0x12,0x00,0x00,0x00,
0xde,0x03,0x00,0x00,0xdb,0x03,0x00,0x00,0x92,0x03,0x00,0x00,0x81,0x00,0x05,0x00,
0x12,0x00,0x00,0x00,0xe1,0x03,0x00,0x00,0xde,0x03,0x00,0x00,0xd7,0x03,0x00,0x00,
0x0c,0x00,0x08,0x00,0x12,0x00,0x00,0x00,0x4e,0x04,0x00,0x00,0x01,0x00,0x00,0x00,
0x32,0x00,0x00,0x00,0xe1,0x03,0x00,0x00,0x92,0x03,0x00,0x00,0x5a,0x05,0x00,0x00,
0x0c,0x00,0x06,0x00,0x12,0x00,0x00,0x00,0x50,0x04,0x00,0x00,0x01,0x00,0x00,0x00,
0x08,0x00,0x00,0x00,0x4e,0x04,0x00,0x00,0x6e,0x00,0x04,0x00,0x25,0x00,0x00,0x00,
0x51,0x04,0x00,0x00,0x50,0x04,0x00,0x00,0x0c,0x00,0x06,0x00,0x12,0x00,0x00,0x00,
0x79,0x04,0x00,0x00,0x01,0x00,0x00,0x00,0x0a,0x00,0x00,0x00,0x4e,0x04,0x00,0x00,
0x51,0x00,0x05,0x00,0x06,0x00,0x00,0x00,0x5a,0x04,0x00,0x00,0x79,0x04,0x00,0x00,
0x00,0x00,0x00,0x00,0x83,0x00,0x05,0x00,0x06,0x00,0x00,0x00,0x5b,0x04,0x00,0x00,
0x9e,0x00,0x00,0x00,0x5a,0x04,0x00,0x00,0x51,0x00,0x05,0x00,0x06,0x00,0x00,0x00,
0x5d,0x04,0x00,0x00,0x79,0x04,0x00,0x00,0x01,0x00,0x00,0x00,0x83,0x00,0x05,0x00,
0x06,0x00,0x00,0x00,0x5e,0x04,0x00,0x00,0x9e,0x00,0x00,0x00,0x5d,0x04,0x00,0x00,
0x85,0x00,0x05,0x00,0x06,0x00,0x00,0x00,0x5f,0x04,0x00,0x00,0x5b,0x04,0x00,0x00,
0x5e,0x04,0x00,0x00,0x85,0x00,0x05,0x00,0x06,0x00,0x00,0x00,0x66,0x04,0x00,0x00,
0x5a,0x04,0x00,0x00,0x5e,0x04,0x00,0x00,0x85,0x00,0x05,0x00,0x06,0x00,0x00,0x00,
0x6d,0x04,0x00,0x00,0x5b,0x04,0x00,0x00,0x5d,0x04,0x00,0x00,0x85,0x00,0x05,0x00,
0x06,0x00,0x00,0x00,0x73,0x04,0x00,0x00,0x5a,0x04,0x00,0x00,0x5d,0x04,0x00,0x00,
0x50,0x00,0x07,0x00,0x78,0x00,0x00,0x00,0x49,0x05,0x00,0x00,0x5f,0x04,0x00,0x00,
0x66,0x04,0x00,0x00,0x6d,0x04,0x00,0x00,0x73,0x04,0x00,0x00,0x3e,0x00,0x03,0x00,
0xfb,0x04,0x00,0x00,0x58,0x05,0x00,0x00,0x3e,0x00,0x03,0x00,0xfc,0x04,0x00,0x00,
0x49,0x05,0x00,0x00,0xf9,0x00,0x02,0x00,0xe5,0x03,0x00,0x00,0xf8,0x00,0x02,0x00,
0xe5,0x03,0x00,0x00,0xf5,0x00,0x07,0x00,0x24,0x00,0x00,0x00,0x60,0x05,0x00,0x00,
0xb3,0x00,0x00,0x00,0x3a,0x03,0x00,0x00,0x02,0x04,0x00,0x00,0x00,0x04,0x00,0x00,
0xb1,0x00,0x05,0x00,0x65,0x00,0x00,0x00,0xe8,0x03,0x00,0x00,0x60,0x05,0x00,0x00,
0xd5,0x01,0x00,0x00,0xf6,0x00,0x04,0x00,0x03,0x04,0x00,0x00,0x00,0x04,0x00,0x00,
0x00,0x00,0x00,0x00,0xfa,0x00,0x04,0x00,0xe8,0x03,0x00,0x00,0xe9,0x03,0x00,0x00,
0x03,0x04,0x00,0x00,0xf8,0x00,0x02,0x00,0xe9,0x03,0x00,0x00,0x41,0x00,0x05,0x00,
0x37,0x00,0x00,0x00,0x01,0x05,0x00,0x00,0xfb,0x04,0x00,0x00,0x60,0x05,0x00,0x00,
0x3d,0x00,0x04,0x00,0x25,0x00,0x00,0x00,0xec,0x03,0x00,0x00,0x01,0x05,0x00,0x00,
0x41,0x00,0x05,0x00,0x07,0x00,0x00,0x00,0x02,0x05,0x00,0x00,0xfc,0x04,0x00,0x00,
0x60,0x05,0x00,0x00,0x3d,0x00,0x04,0x00,0x06,0x00,0x00,0x00,0xef,0x03,0x00,0x00,
0x02,0x05,0x00,0x00,0xba,0x00,0x05,0x00,0x65,0x00,0x00,0x00,0xf1,0x03,0x00,0x00,
0xef,0x03,0x00,0x00,0xe0,0x01,0x00,0x00,0xf7,0x00,0x03,0x00,0xff,0x03,0x00,0x00,
0x00,0x00,0x00,0x00,0xfa,0x00,0x04,0x00,0xf1,0x03,0x00,0x00,0xf2,0x03,0x00,0x00,
0xff,0x03,0x00,0x00,0xf8,0x00,0x02,0x00,0xf2,0x03,0x00,0x00,0x80,0x00,0x05,0x00,
0x25,0x00,0x00,0x00,0xf6,0x03,0x00,0x00,0x51,0x04,0x00,0x00,0xec,0x03,0x00,0x00,
0x7c,0x00,0x04,0x00,0x3a,0x01,0x00,0x00,0x81,0x04,0x00,0x00,0xf6,0x03,0x00,0x00,
0x7c,0x00,0x04,0x00,0x3a,0x01,0x00,0x00,0x83,0x04,0x00,0x00,0xa2,0x03,0x00,0x00,
0xb0,0x00,0x05,0x00,0x3e,0x01,0x00,0x00,0x84,0x04,0x00,0x00,0x81,0x04,0x00,0x00,
0x83,0x04,0x00,0x00,0x9b,0x00,0x04,0x00,0x65,0x00,0x00,0x00,0x85,0x04,0x00,0x00,
0x84,0x04,0x00,0x00,0xf7,0x00,0x03,0x00,0xfe,0x03,0x00,0x00,0x00,0x00,0x00,0x00,
0xfa,0x00,0x04,0x00,0x85,0x04,0x00,0x00,0xfa,0x03,0x00,0x00,0xfe,0x03,0x00,0x00,
0xf8,0x00,0x02,0x00,0xfa,0x03,0x00,0x00,0x7c,0x00,0x04,0x00,0x75,0x00,0x00,0x00,
0x89,0x04,0x00,0x00,0x5f,0x05,0x00,0x00,0x3c,0x00,0x06,0x00,0x08,0x01,0x00,0x00,
0x8c,0x04,0x00,0x00,0x05,0x01,0x00,0x00,0xf6,0x03,0x00,0x00,0xdb,0x00,0x00,0x00,
0xef,0x00,0x07,0x00,0x75,0x00,0x00,0x00,0x8d,0x04,0x00,0x00,0x8c,0x04,0x00,0x00,
0x0a,0x01,0x00,0x00,0xdb,0x00,0x00,0x00,0x89,0x04,0x00,0x00,0xf9,0x00,0x02,0x00,
0xfe,0x03,0x00,0x00,0xf8,0x00,0x02,0x00,0xfe,0x03,0x00,0x00,0xf9,0x00,0x02,0x00,
0xff,0x03,0x00,0x00,0xf8,0x00,0x02,0x00,0xff,0x03,0x00,0x00,0xf9,0x00,0x02,0x00,
0x00,0x04,0x00,0x00,0xf8,0x00,0x02,0x00,0x00,0x04,0x00,0x00,0x80,0x00,0x05,0x00,
0x24,0x00,0x00,0x00,0x02,0x04,0x00,0x00,0x60,0x05,0x00,0x00,0x80,0x01,0x00,0x00,
0xf9,0x00,0x02,0x00,0xe5,0x03,0x00,0x00,0xf8,0x00,0x02,0x00,0x03,0x04,0x00,0x00,
0x3d,0x00,0x04,0x00,0x13,0x01,0x00,0x00,0x8f,0x04,0x00,0x00,0x15,0x01,0x00,0x00,
0x51,0x00,0x05,0x00,0x06,0x00,0x00,0x00,0x92,0x04,0x00,0x00,0xb1,0x03,0x00,0x00,
0x00,0x00,0x00,0x00,0x51,0x00,0x05,0x00,0x06,0x00,0x00,0x00,0x93,0x04,0x00,0x00,
0xb1,0x03,0x00,0x00,0x01,0x00,0x00,0x00,0x50,0x00,0x07,0x00,0x2e,0x00,0x00,0x00,
0x94,0x04,0x00,0x00,0x92,0x04,0x00,0x00,0x93,0x04,0x00,0x00,0x9d,0x00,0x00,0x00,
0x9d,0x00,0x00,0x00,0x63,0x00,0x04,0x00,0x8f,0x04,0x00,0x00,0xa8,0x02,0x00,0x00,
0x94,0x04,0x00,0x00,0x3d,0x00,0x04,0x00,0x0c,0x01,0x00,0x00,0x96,0x04,0x00,0x00,
0x0e,0x01,0x00,0x00,0x50,0x00,0x07,0x00,0x2e,0x00,0x00,0x00,0x99,0x04,0x00,0x00,
0x5f,0x05,0x00,0x00,0x9d,0x00,0x00,0x00,0x9d,0x00,0x00,0x00,0x9d,0x00,0x00,0x00,
0x63,0x00,0x04,0x00,0x96,0x04,0x00,0x00,0xa8,0x02,0x00,0x00,0x99,0x04,0x00,0x00,
0x83,0x00,0x05,0x00,0x06,0x00,0x00,0x00,0xaa,0x04,0x00,0x00,0x5d,0x05,0x00,0x00,
0x13,0x04,0x00,0x00,0x88,0x00,0x05,0x00,0x06,0x00,0x00,0x00,0xab,0x04,0x00,0x00,
0x10,0x04,0x00,0x00,0xaa,0x04,0x00,0x00,0x85,0x00,0x05,0x00,0x06,0x00,0x00,0x00,
0xa0,0x04,0x00,0x00,0xab,0x04,0x00,0x00,0x1d,0x04,0x00,0x00,0x0c,0x00,0x07,0x00,
0x06,0x00,0x00,0x00,0xb8,0x04,0x00,0x00,0x01,0x00,0x00,0x00,0x25,0x00,0x00,0x00,
0xa0,0x04,0x00,0x00,0xab,0x01,0x00,0x00,0x3d,0x00,0x04,0x00,0xf3,0x00,0x00,0x00,
0xba,0x04,0x00,0x00,0xf5,0x00,0x00,0x00,0x50,0x00,0x07,0x00,0x2e,0x00,0x00,0x00,
0xbd,0x04,0x00,0x00,0xb8,0x04,0x00,0x00,0x9d,0x00,0x00,0x00,0x9d,0x00,0x00,0x00,
0x9d,0x00,0x00,0x00,0x63,0x00,0x04,0x00,0xba,0x04,0x00,0x00,0xa8,0x02,0x00,0x00,
0xbd,0x04,0x00,0x00,0x3d,0x00,0x04,0x00,0xd5,0x00,0x00,0x00,0xce,0x04,0x00,0x00,
0xdf,0x00,0x00,0x00,0x5f,0x00,0x07,0x00,0x2e,0x00,0x00,0x00,0xd0,0x04,0x00,0x00,
0xce,0x04,0x00,0x00,0xa8,0x02,0x00,0x00,0x02,0x00,0x00,0x00,0xb3,0x00,0x00,0x00,
0x4f,0x00,0x08,0x00,0x1d,0x00,0x00,0x00,0xd1,0x04,0x00,0x00,0xd0,0x04,0x00,0x00,
0xd0,0x04,0x00,0x00,0x00,0x00,0x00,0x00,0x01,0x00,0x00,0x00,0x02,0x00,0x00,0x00,
0x0c,0x00,0x07,0x00,0x1d,0x00,0x00,0x00,0xd6,0x04,0x00,0x00,0x01,0x00,0x00,0x00,
0x28,0x00,0x00,0x00,0x63,0x02,0x00,0x00,0xd1,0x04,0x00,0x00,0x94,0x00,0x05,0x00,
0x06,0x00,0x00,0x00,0xda,0x04,0x00,0x00,0xd6,0x04,0x00,0x00,0x35,0x01,0x00,0x00,
0x3d,0x00,0x04,0x00,0xf3,0x00,0x00,0x00,0xdc,0x04,0x00,0x00,0xfa,0x00,0x00,0x00,
0x50,0x00,0x07,0x00,0x2e,0x00,0x00,0x00,0xdf,0x04,0x00,0x00,0xda,0x04,0x00,0x00,
0x9d,0x00,0x00,0x00,0x9d,0x00,0x00,0x00,0x9d,0x00,0x00,0x00,0x63,0x00,0x04,0x00,
0xdc,0x04,0x00,0x00,0xa8,0x02,0x00,0x00,0xdf,0x04,0x00,0x00,0xfd,0x00,0x01,0x00,
0x38,0x00,0x01,0x00
};

// ffx_fsr3upscaler_prepare_inputs_pass_wave64_fda78162e88f582912ebf303f95c65b5.h.
// Auto generated by FidelityFX-SC.

static const char* g_ffx_fsr3upscaler_prepare_inputs_pass_wave64_fda78162e88f582912ebf303f95c65b5_CBVResourceNames[] = {  "cbFSR3Upscaler", };
static const uint32_t g_ffx_fsr3upscaler_prepare_inputs_pass_wave64_fda78162e88f582912ebf303f95c65b5_CBVResourceBindings[] = {  8, };
static const uint32_t g_ffx_fsr3upscaler_prepare_inputs_pass_wave64_fda78162e88f582912ebf303f95c65b5_CBVResourceCounts[] = {  1, };
static const uint32_t g_ffx_fsr3upscaler_prepare_inputs_pass_wave64_fda78162e88f582912ebf303f95c65b5_CBVResourceSets[] = {  0, };

static const char* g_ffx_fsr3upscaler_prepare_inputs_pass_wave64_fda78162e88f582912ebf303f95c65b5_TextureSRVResourceNames[] = {  "r_input_motion_vectors", "r_input_depth", "r_input_color_jittered", };
static const uint32_t g_ffx_fsr3upscaler_prepare_inputs_pass_wave64_fda78162e88f582912ebf303f95c65b5_TextureSRVResourceBindings[] = {  0, 1, 2, };
static const uint32_t g_ffx_fsr3upscaler_prepare_inputs_pass_wave64_fda78162e88f582912ebf303f95c65b5_TextureSRVResourceCounts[] = {  1, 1, 1, };
static const uint32_t g_ffx_fsr3upscaler_prepare_inputs_pass_wave64_fda78162e88f582912ebf303f95c65b5_TextureSRVResourceSets[] = {  0, 0, 0, };

static const char* g_ffx_fsr3upscaler_prepare_inputs_pass_wave64_fda78162e88f582912ebf303f95c65b5_TextureUAVResourceNames[] = {  "rw_dilated_motion_vectors", "rw_dilated_depth", "rw_reconstructed_previous_nearest_depth", "rw_farthest_depth", "rw_current_luma", };
static const uint32_t g_ffx_fsr3upscaler_prepare_inputs_pass_wave64_fda78162e88f582912ebf303f95c65b5_TextureUAVResourceBindings[] = {  3, 4, 5, 6, 7, };
static const uint32_t g_ffx_fsr3upscaler_prepare_inputs_pass_wave64_fda78162e88f582912ebf303f95c65b5_TextureUAVResourceCounts[] = {  1, 1, 1, 1, 1, };
static const uint32_t g_ffx_fsr3upscaler_prepare_inputs_pass_wave64_fda78162e88f582912ebf303f95c65b5_TextureUAVResourceSets[] = {  0, 0, 0, 0, 0, };

static const uint32_t g_ffx_fsr3upscaler_prepare_inputs_pass_wave64_fda78162e88f582912ebf303f95c65b5_size = 7316;

static const unsigned char g_ffx_fsr3upscaler_prepare_inputs_pass_wave64_fda78162e88f582912ebf303f95c65b5_data[] = {
0x03,0x02,0x23,0x07,0x00,0x05,0x01,0x00,0x0b,0x00,0x08,0x00,0xfb,0x04,0x00,0x00,
0x00,0x00,0x00,0x00,0x11,0x00,0x02,0x00,0x01,0x00,0x00,0x00,0x11,0x00,0x02,0x00,
0x31,0x00,0x00,0x00,0x0b,0x00,0x06,0x00,0x01,0x00,0x00,0x00,0x47,0x4c,0x53,0x4c,
0x2e,0x73,0x74,0x64,0x2e,0x34,0x35,0x30,0x00,0x00,0x00,0x00,0x0e,0x00,0x03,0x00,
0x00,0x00,0x00,0x00,0x01,0x00,0x00,0x00,0x0f,0x00,0x0f,0x00,0x05,0x00,0x00,0x00,
0x04,0x00,0x00,0x00,0x6d,0x61,0x69,0x6e,0x00,0x00,0x00,0x00,0xaa,0x00,0x00,0x00,
0xc5,0x00,0x00,0x00,0xcd,0x00,0x00,0x00,0xd5,0x00,0x00,0x00,0xe3,0x00,0x00,0x00,
0xe8,0x00,0x00,0x00,0xf3,0x00,0x00,0x00,0xfc,0x00,0x00,0x00,0x03,0x01,0x00,0x00,
0x7a,0x02,0x00,0x00,0x10,0x00,0x06,0x00,0x04,0x00,0x00,0x00,0x11,0x00,0x00,0x00,
0x08,0x00,0x00,0x00,0x08,0x00,0x00,0x00,0x01,0x00,0x00,0x00,0x03,0x00,0x03,0x00,
0x02,0x00,0x00,0x00,0xc2,0x01,0x00,0x00,0x04,0x00,0x0b,0x00,0x47,0x4c,0x5f,0x45,
0x58,0x54,0x5f,0x73,0x61,0x6d,0x70,0x6c,0x65,0x72,0x6c,0x65,0x73,0x73,0x5f,0x74,
0x65,0x78,0x74,0x75,0x72,0x65,0x5f,0x66,0x75,0x6e,0x63,0x74,0x69,0x6f,0x6e,0x73,
0x00,0x00,0x00,0x00,0x04,0x00,0x0b,0x00,0x47,0x4c,0x5f,0x45,0x58,0x54,0x5f,0x73,
0x68,0x61,0x64,0x65,0x72,0x5f,0x65,0x78,0x70,0x6c,0x69,0x63,0x69,0x74,0x5f,0x61,
0x72,0x69,0x74,0x68,0x6d,0x65,0x74,0x69,0x63,0x5f,0x74,0x79,0x70,0x65,0x73,0x00,
0x04,0x00,0x0a,0x00,0x47,0x4c,0x5f,0x47,0x4f,0x4f,0x47,0x4c,0x45,0x5f,0x63,0x70,
0x70,0x5f,0x73,0x74,0x79,0x6c,0x65,0x5f,0x6c,0x69,0x6e,0x65,0x5f,0x64,0x69,0x72,
0x65,0x63,0x74,0x69,0x76,0x65,0x00,0x00,0x04,0x00,0x08,0x00,0x47,0x4c,0x5f,0x47,
0x4f,0x4f,0x47,0x4c,0x45,0x5f,0x69,0x6e,0x63,0x6c,0x75,0x64,0x65,0x5f,0x64,0x69,
0x72,0x65,0x63,0x74,0x69,0x76,0x65,0x00,0x05,0x00,0x04,0x00,0x04,0x00,0x00,0x00,
0x6d,0x61,0x69,0x6e,0x00,0x00,0x00,0x00,0x05,0x00,0x07,0x00,0xa8,0x00,0x00,0x00,
0x63,0x62,0x46,0x53,0x52,0x33,0x55,0x50,0x53,0x43,0x41,0x4c,0x45,0x52,0x5f,0x74,
0x00,0x00,0x00,0x00,0x06,0x00,0x06,0x00,0xa8,0x00,0x00,0x00,0x00,0x00,0x00,0x00,
0x69,0x52,0x65,0x6e,0x64,0x65,0x72,0x53,0x69,0x7a,0x65,0x00,0x06,0x00,0x0a,0x00,
0xa8,0x00,0x00,0x00,0x01,0x00,0x00,0x00,0x69,0x50,0x72,0x65,0x76,0x69,0x6f,0x75,
0x73,0x46,0x72,0x61,0x6d,0x65,0x52,0x65,0x6e,0x64,0x65,0x72,0x53,0x69,0x7a,0x65,
0x00,0x00,0x00,0x00,0x06,0x00,0x07,0x00,0xa8,0x00,0x00,0x00,0x02,0x00,0x00,0x00,
0x69,0x55,0x70,0x73,0x63,0x61,0x6c,0x65,0x53,0x69,0x7a,0x65,0x00,0x00,0x00,0x00,
0x06,0x00,0x0a,0x00,0xa8,0x00,0x00,0x00,0x03,0x00,0x00,0x00,0x69,0x50,0x72,0x65,
0x76,0x69,0x6f,0x75,0x73,0x46,0x72,0x61,0x6d,0x65,0x55,0x70,0x73,0x63,0x61,0x6c,
0x65,0x53,0x69,0x7a,0x65,0x00,0x00,0x00,0x06,0x00,0x07,0x00,0xa8,0x00,0x00,0x00,
0x04,0x00,0x00,0x00,0x69,0x4d,0x61,0x78,0x52,0x65,0x6e,0x64,0x65,0x72,0x53,0x69,
0x7a,0x65,0x00,0x00,0x06,0x00,0x07,0x00,0xa8,0x00,0x00,0x00,0x05,0x00,0x00,0x00,
0x69,0x4d,0x61,0x78,0x55,0x70,0x73,0x63,0x61,0x6c,0x65,0x53,0x69,0x7a,0x65,0x00,
0x06,0x00,0x08,0x00,0xa8,0x00,0x00,0x00,0x06,0x00,0x00,0x00,0x66,0x44,0x65,0x76,
0x69,0x63,0x65,0x54,0x6f,0x56,0x69,0x65,0x77,0x44,0x65,0x70,0x74,0x68,0x00,0x00,
0x06,0x00,0x05,0x00,0xa8,0x00,0x00,0x00,0x07,0x00,0x00,0x00,0x66,0x4a,0x69,0x74,
0x74,0x65,0x72,0x00,0x06,0x00,0x09,0x00,0xa8,0x00,0x00,0x00,0x08,0x00,0x00,0x00,
0x66,0x50,0x72,0x65,0x76,0x69,0x6f,0x75,0x73,0x46,0x72,0x61,0x6d,0x65,0x4a,0x69,
0x74,0x74,0x65,0x72,0x00,0x00,0x00,0x00,0x06,0x00,0x08,0x00,0xa8,0x00,0x00,0x00,
0x09,0x00,0x00,0x00,0x66,0x4d,0x6f,0x74,0x69,0x6f,0x6e,0x56,0x65,0x63,0x74,0x6f,
0x72,0x53,0x63,0x61,0x6c,0x65,0x00,0x00,0x06,0x00,0x08,0x00,0xa8,0x00,0x00,0x00,
0x0a,0x00,0x00,0x00,0x66,0x44,0x6f,0x77,0x6e,0x73,0x63,0x61,0x6c,0x65,0x46,0x61,
0x63,0x74,0x6f,0x72,0x00,0x00,0x00,0x00,0x06,0x00,0x0b,0x00,0xa8,0x00,0x00,0x00,
0x0b,0x00,0x00,0x00,0x66,0x4d,0x6f,0x74,0x69,0x6f,0x6e,0x56,0x65,0x63,0x74,0x6f,
0x72,0x4a,0x69,0x74,0x74,0x65,0x72,0x43,0x61,0x6e,0x63,0x65,0x6c,0x6c,0x61,0x74,
0x69,0x6f,0x6e,0x00,0x06,0x00,0x06,0x00,0xa8,0x00,0x00,0x00,0x0c,0x00,0x00,0x00,
0x66,0x54,0x61,0x6e,0x48,0x61,0x6c,0x66,0x46,0x4f,0x56,0x00,0x06,0x00,0x09,0x00,
0xa8,0x00,0x00,0x00,0x0d,0x00,0x00,0x00,0x66,0x4a,0x69,0x74,0x74,0x65,0x72,0x53,
0x65,0x71,0x75,0x65,0x6e,0x63,0x65,0x4c,0x65,0x6e,0x67,0x74,0x68,0x00,0x00,0x00,
0x06,0x00,0x06,0x00,0xa8,0x00,0x00,0x00,0x0e,0x00,0x00,0x00,0x66,0x44,0x65,0x6c,
0x74,0x61,0x54,0x69,0x6d,0x65,0x00,0x00,0x06,0x00,0x08,0x00,0xa8,0x00,0x00,0x00,
0x0f,0x00,0x00,0x00,0x66,0x44,0x65,0x6c,0x74,0x61,0x50,0x72,0x65,0x45,0x78,0x70,
0x6f,0x73,0x75,0x72,0x65,0x00,0x00,0x00,0x06,0x00,0x0a,0x00,0xa8,0x00,0x00,0x00,
0x10,0x00,0x00,0x00,0x66,0x56,0x69,0x65,0x77,0x53,0x70,0x61,0x63,0x65,0x54,0x6f,
0x4d,0x65,0x74,0x65,0x72,0x73,0x46,0x61,0x63,0x74,0x6f,0x72,0x00,0x00,0x00,0x00,
0x06,0x00,0x06,0x00,0xa8,0x00,0x00,0x00,0x11,0x00,0x00,0x00,0x66,0x46,0x72,0x61,
0x6d,0x65,0x49,0x6e,0x64,0x65,0x78,0x00,0x06,0x00,0x07,0x00,0xa8,0x00,0x00,0x00,
0x12,0x00,0x00,0x00,0x66,0x56,0x65,0x6c,0x6f,0x63,0x69,0x74,0x79,0x46,0x61,0x63,
0x74,0x6f,0x72,0x00,0x06,0x00,0x08,0x00,0xa8,0x00,0x00,0x00,0x13,0x00,0x00,0x00,
0x66,0x52,0x65,0x61,0x63,0x74,0x69,0x76,0x65,0x6e,0x65,0x73,0x73,0x53,0x63,0x61,
0x6c,0x65,0x00,0x00,0x06,0x00,0x08,0x00,0xa8,0x00,0x00,0x00,0x14,0x00,0x00,0x00,
0x66,0x53,0x68,0x61,0x64,0x69,0x6e,0x67,0x43,0x68,0x61,0x6e,0x67,0x65,0x53,0x63,
0x61,0x6c,0x65,0x00,0x06,0x00,0x0a,0x00,0xa8,0x00,0x00,0x00,0x15,0x00,0x00,0x00,
0x66,0x41,0x63,0x63,0x75,0x6d,0x75,0x6c,0x61,0x74,0x69,0x6f,0x6e,0x41,0x64,0x64,
0x65,0x64,0x50,0x65,0x72,0x46,0x72,0x61,0x6d,0x65,0x00,0x00,0x06,0x00,0x0b,0x00,
0xa8,0x00,0x00,0x00,0x16,0x00,0x00,0x00,0x66,0x4d,0x69,0x6e,0x44,0x69,0x73,0x6f,
0x63,0x63,0x6c,0x75,0x73,0x69,0x6f,0x6e,0x41,0x63,0x63,0x75,0x6d,0x75,0x6c,0x61,
0x74,0x69,0x6f,0x6e,0x00,0x00,0x00,0x00,0x05,0x00,0x06,0x00,0xaa,0x00,0x00,0x00,
0x63,0x62,0x46,0x53,0x52,0x33,0x55,0x70,0x73,0x63,0x61,0x6c,0x65,0x72,0x00,0x00,
0x05,0x00,0x06,0x00,0xc5,0x00,0x00,0x00,0x72,0x5f,0x69,0x6e,0x70,0x75,0x74,0x5f,
0x64,0x65,0x70,0x74,0x68,0x00,0x00,0x00,0x05,0x00,0x08,0x00,0xcd,0x00,0x00,0x00,
0x72,0x5f,0x69,0x6e,0x70,0x75,0x74,0x5f,0x63,0x6f,0x6c,0x6f,0x72,0x5f,0x6a,0x69,
0x74,0x74,0x65,0x72,0x65,0x64,0x00,0x00,0x05,0x00,0x08,0x00,0xd5,0x00,0x00,0x00,
0x72,0x5f,0x69,0x6e,0x70,0x75,0x74,0x5f,0x6d,0x6f,0x74,0x69,0x6f,0x6e,0x5f,0x76,
0x65,0x63,0x74,0x6f,0x72,0x73,0x00,0x00,0x05,0x00,0x07,0x00,0xe3,0x00,0x00,0x00,
0x72,0x77,0x5f,0x66,0x61,0x72,0x74,0x68,0x65,0x73,0x74,0x5f,0x64,0x65,0x70,0x74,
0x68,0x00,0x00,0x00,0x05,0x00,0x06,0x00,0xe8,0x00,0x00,0x00,0x72,0x77,0x5f,0x63,
0x75,0x72,0x72,0x65,0x6e,0x74,0x5f,0x6c,0x75,0x6d,0x61,0x00,0x05,0x00,0x0c,0x00,
0xf3,0x00,0x00,0x00,0x72,0x77,0x5f,0x72,0x65,0x63,0x6f,0x6e,0x73,0x74,0x72,0x75,
0x63,0x74,0x65,0x64,0x5f,0x70,0x72,0x65,0x76,0x69,0x6f,0x75,0x73,0x5f,0x6e,0x65,
0x61,0x72,0x65,0x73,0x74,0x5f,0x64,0x65,0x70,0x74,0x68,0x00,0x05,0x00,0x07,0x00,
0xfc,0x00,0x00,0x00,0x72,0x77,0x5f,0x64,0x69,0x6c,0x61,0x74,0x65,0x64,0x5f,0x64,
0x65,0x70,0x74,0x68,0x00,0x00,0x00,0x00,0x05,0x00,0x09,0x00,0x03,0x01,0x00,0x00,
0x72,0x77,0x5f,0x64,0x69,0x6c,0x61,0x74,0x65,0x64,0x5f,0x6d,0x6f,0x74,0x69,0x6f,
0x6e,0x5f,0x76,0x65,0x63,0x74,0x6f,0x72,0x73,0x00,0x00,0x00,0x05,0x00,0x08,0x00,
0x7a,0x02,0x00,0x00,0x67,0x6c,0x5f,0x47,0x6c,0x6f,0x62,0x61,0x6c,0x49,0x6e,0x76,
0x6f,0x63,0x61,0x74,0x69,0x6f,0x6e,0x49,0x44,0x00,0x00,0x00,0x48,0x00,0x05,0x00,
0xa8,0x00,0x00,0x00,0x00,0x00,0x00,0x00,0x23,0x00,0x00,0x00,0x00,0x00,0x00,0x00,
0x48,0x00,0x05,0x00,0xa8,0x00,0x00,0x00,0x01,0x00,0x00,0x00,0x23,0x00,0x00,0x00,
0x08,0x00,0x00,0x00,0x48,0x00,0x05,0x00,0xa8,0x00,0x00,0x00,0x02,0x00,0x00,0x00,
0x23,0x00,0x00,0x00,0x10,0x00,0x00,0x00,0x48,0x00,0x05,0x00,0xa8,0x00,0x00,0x00,
0x03,0x00,0x00,0x00,0x23,0x00,0x00,0x00,0x18,0x00,0x00,0x00,0x48,0x00,0x05,0x00,
0xa8,0x00,0x00,0x00,0x04,0x00,0x00,0x00,0x23,0x00,0x00,0x00,0x20,0x00,0x00,0x00,
0x48,0x00,0x05,0x00,0xa8,0x00,0x00,0x00,0x05,0x00,0x00,0x00,0x23,0x00,0x00,0x00,
0x28,0x00,0x00,0x00,0x48,0x00,0x05,0x00,0xa8,0x00,0x00,0x00,0x06,0x00,0x00,0x00,
0x23,0x00,0x00,0x00,0x30,0x00,0x00,0x00,0x48,0x00,0x05,0x00,0xa8,0x00,0x00,0x00,
0x07,0x00,0x00,0x00,0x23,0x00,0x00,0x00,0x40,0x00,0x00,0x00,0x48,0x00,0x05,0x00,
0xa8,0x00,0x00,0x00,0x08,0x00,0x00,0x00,0x23,0x00,0x00,0x00,0x48,0x00,0x00,0x00,
0x48,0x00,0x05,0x00,0xa8,0x00,0x00,0x00,0x09,0x00,0x00,0x00,0x23,0x00,0x00,0x00,
0x50,0x00,0x00,0x00,0x48,0x00,0x05,0x00,0xa8,0x00,0x00,0x00,0x0a,0x00,0x00,0x00,
0x23,0x00,0x00,0x00,0x58,0x00,0x00,0x00,0x48,0x00,0x05,0x00,0xa8,0x00,0x00,0x00,
0x0b,0x00,0x00,0x00,0x23,0x00,0x00,0x00,0x60,0x00,0x00,0x00,0x48,0x00,0x05,0x00,
0xa8,0x00,0x00,0x00,0x0c,0x00,0x00,0x00,0x23,0x00,0x00,0x00,0x68,0x00,0x00,0x00,
0x48,0x00,0x05,0x00,0xa8,0x00,0x00,0x00,0x0d,0x00,0x00,0x00,0x23,0x00,0x00,0x00,
0x6c,0x00,0x00,0x00,0x48,0x00,0x05,0x00,0xa8,0x00,0x00,0x00,0x0e,0x00,0x00,0x00,
0x23,0x00,0x00,0x00,0x70,0x00,0x00,0x00,0x48,0x00,0x05,0x00,0xa8,0x00,0x00,0x00,
0x0f,0x00,0x00,0x00,0x23,0x00,0x00,0x00,0x74,0x00,0x00,0x00,0x48,0x00,0x05,0x00,
0xa8,0x00,0x00,0x00,0x10,0x00,0x00,0x00,0x23,0x00,0x00,0x00,0x78,0x00,0x00,0x00,
0x48,0x00,0x05,0x00,0xa8,0x00,0x00,0x00,0x11,0x00,0x00,0x00,0x23,0x00,0x00,0x00,
0x7c,0x00,0x00,0x00,0x48,0x00,0x05,0x00,0xa8,0x00,0x00,0x00,0x12,0x00,0x00,0x00,
0x23,0x00,0x00,0x00,0x80,0x00,0x00,0x00,0x48,0x00,0x05,0x00,0xa8,0x00,0x00,0x00,
0x13,0x00,0x00,0x00,0x23,0x00,0x00,0x00,0x84,0x00,0x00,0x00,0x48,0x00,0x05,0x00,
0xa8,0x00,0x00,0x00,0x14,0x00,0x00,0x00,0x23,0x00,0x00,0x00,0x88,0x00,0x00,0x00,
0x48,0x00,0x05,0x00,0xa8,0x00,0x00,0x00,0x15,0x00,0x00,0x00,0x23,0x00,0x00,0x00,
0x8c,0x00,0x00,0x00,0x48,0x00,0x05,0x00,0xa8,0x00,0x00,0x00,0x16,0x00,0x00,0x00,
0x23,0x00,0x00,0x00,0x90,0x00,0x00,0x00,0x47,0x00,0x03,0x00,0xa8,0x00,0x00,0x00,
0x02,0x00,0x00,0x00,0x47,0x00,0x04,0x00,0xaa,0x00,0x00,0x00,0x22,0x00,0x00,0x00,
0x00,0x00,0x00,0x00,0x47,0x00,0x04,0x00,0xaa,0x00,0x00,0x00,0x21,0x00,0x00,0x00,
0x08,0x00,0x00,0x00,0x47,0x00,0x04,0x00,0xc5,0x00,0x00,0x00,0x22,0x00,0x00,0x00,
0x00,0x00,0x00,0x00,0x47,0x00,0x04,0x00,0xc5,0x00,0x00,0x00,0x21,0x00,0x00,0x00,
0x01,0x00,0x00,0x00,0x47,0x00,0x04,0x00,0xcd,0x00,0x00,0x00,0x22,0x00,0x00,0x00,
0x00,0x00,0x00,0x00,0x47,0x00,0x04,0x00,0xcd,0x00,0x00,0x00,0x21,0x00,0x00,0x00,
0x02,0x00,0x00,0x00,0x47,0x00,0x04,0x00,0xd5,0x00,0x00,0x00,0x22,0x00,0x00,0x00,
0x00,0x00,0x00,0x00,0x47,0x00,0x04,0x00,0xd5,0x00,0x00,0x00,0x21,0x00,0x00,0x00,
0x00,0x00,0x00,0x00,0x47,0x00,0x04,0x00,0xe3,0x00,0x00,0x00,0x22,0x00,0x00,0x00,
0x00,0x00,0x00,0x00,0x47,0x00,0x04,0x00,0xe3,0x00,0x00,0x00,0x21,0x00,0x00,0x00,
0x06,0x00,0x00,0x00,0x47,0x00,0x04,0x00,0xe8,0x00,0x00,0x00,0x22,0x00,0x00,0x00,
0x00,0x00,0x00,0x00,0x47,0x00,0x04,0x00,0xe8,0x00,0x00,0x00,0x21,0x00,0x00,0x00,
0x07,0x00,0x00,0x00,0x47,0x00,0x04,0x00,0xf3,0x00,0x00,0x00,0x22,0x00,0x00,0x00,
0x00,0x00,0x00,0x00,0x47,0x00,0x04,0x00,0xf3,0x00,0x00,0x00,0x21,0x00,0x00,0x00,
0x05,0x00,0x00,0x00,0x47,0x00,0x04,0x00,0xfc,0x00,0x00,0x00,0x22,0x00,0x00,0x00,
0x00,0x00,0x00,0x00,0x47,0x00,0x04,0x00,0xfc,0x00,0x00,0x00,0x21,0x00,0x00,0x00,
0x04,0x00,0x00,0x00,0x47,0x00,0x03,0x00,0xfc,0x00,0x00,0x00,0x19,0x00,0x00,0x00,
0x47,0x00,0x04,0x00,0x03,0x01,0x00,0x00,0x22,0x00,0x00,0x00,0x00,0x00,0x00,0x00,
0x47,0x00,0x04,0x00,0x03,0x01,0x00,0x00,0x21,0x00,0x00,0x00,0x03,0x00,0x00,0x00,
0x47,0x00,0x03,0x00,0x03,0x01,0x00,0x00,0x19,0x00,0x00,0x00,0x47,0x00,0x04,0x00,
0x7a,0x02,0x00,0x00,0x0b,0x00,0x00,0x00,0x1c,0x00,0x00,0x00,0x47,0x00,0x04,0x00,
0x8e,0x02,0x00,0x00,0x0b,0x00,0x00,0x00,0x19,0x00,0x00,0x00,0x47,0x00,0x03,0x00,
0xc4,0x02,0x00,0x00,0x18,0x00,0x00,0x00,0x47,0x00,0x03,0x00,0xc9,0x02,0x00,0x00,
0x18,0x00,0x00,0x00,0x13,0x00,0x02,0x00,0x02,0x00,0x00,0x00,0x21,0x00,0x03,0x00,
0x03,0x00,0x00,0x00,0x02,0x00,0x00,0x00,0x16,0x00,0x03,0x00,0x06,0x00,0x00,0x00,
0x20,0x00,0x00,0x00,0x20,0x00,0x04,0x00,0x07,0x00,0x00,0x00,0x07,0x00,0x00,0x00,
0x06,0x00,0x00,0x00,0x17,0x00,0x04,0x00,0x12,0x00,0x00,0x00,0x06,0x00,0x00,0x00,
0x02,0x00,0x00,0x00,0x17,0x00,0x04,0x00,0x1d,0x00,0x00,0x00,0x06,0x00,0x00,0x00,
0x03,0x00,0x00,0x00,0x15,0x00,0x04,0x00,0x24,0x00,0x00,0x00,0x20,0x00,0x00,0x00,
0x01,0x00,0x00,0x00,0x17,0x00,0x04,0x00,0x25,0x00,0x00,0x00,0x24,0x00,0x00,0x00,
0x02,0x00,0x00,0x00,0x17,0x00,0x04,0x00,0x29,0x00,0x00,0x00,0x06,0x00,0x00,0x00,
0x04,0x00,0x00,0x00,0x20,0x00,0x04,0x00,0x33,0x00,0x00,0x00,0x07,0x00,0x00,0x00,
0x25,0x00,0x00,0x00,0x14,0x00,0x02,0x00,0x61,0x00,0x00,0x00,0x15,0x00,0x04,0x00,
0x6d,0x00,0x00,0x00,0x20,0x00,0x00,0x00,0x00,0x00,0x00,0x00,0x2b,0x00,0x04,0x00,
0x6d,0x00,0x00,0x00,0x6e,0x00,0x00,0x00,0x04,0x00,0x00,0x00,0x1c,0x00,0x04,0x00,
0x6f,0x00,0x00,0x00,0x25,0x00,0x00,0x00,0x6e,0x00,0x00,0x00,0x1c,0x00,0x04,0x00,
0x70,0x00,0x00,0x00,0x06,0x00,0x00,0x00,0x6e,0x00,0x00,0x00,0x2b,0x00,0x04,0x00,
0x06,0x00,0x00,0x00,0x95,0x00,0x00,0x00,0x00,0x00,0x00,0x00,0x2b,0x00,0x04,0x00,
0x06,0x00,0x00,0x00,0x96,0x00,0x00,0x00,0x00,0x00,0x80,0x3f,0x1e,0x00,0x19,0x00,
0xa8,0x00,0x00,0x00,0x25,0x00,0x00,0x00,0x25,0x00,0x00,0x00,0x25,0x00,0x00,0x00,
0x25,0x00,0x00,0x00,0x25,0x00,0x00,0x00,0x25,0x00,0x00,0x00,0x29,0x00,0x00,0x00,
0x12,0x00,0x00,0x00,0x12,0x00,0x00,0x00,0x12,0x00,0x00,0x00,0x12,0x00,0x00,0x00,
0x12,0x00,0x00,0x00,0x06,0x00,0x00,0x00,0x06,0x00,0x00,0x00,0x06,0x00,0x00,0x00,
0x06,0x00,0x00,0x00,0x06,0x00,0x00,0x00,0x06,0x00,0x00,0x00,0x06,0x00,0x00,0x00,
0x06,0x00,0x00,0x00,0x06,0x00,0x00,0x00,0x06,0x00,0x00,0x00,0x06,0x00,0x00,0x00,
0x20,0x00,0x04,0x00,0xa9,0x00,0x00,0x00,0x02,0x00,0x00,0x00,0xa8,0x00,0x00,0x00,
0x3b,0x00,0x04,0x00,0xa9,0x00,0x00,0x00,0xaa,0x00,0x00,0x00,0x02,0x00,0x00,0x00,
0x2b,0x00,0x04,0x00,0x24,0x00,0x00,0x00,0xab,0x00,0x00,0x00,0x00,0x00,0x00,0x00,
0x20,0x00,0x04,0x00,0xac,0x00,0x00,0x00,0x02,0x00,0x00,0x00,0x25,0x00,0x00,0x00,
0x2b,0x00,0x04,0x00,0x24,0x00,0x00,0x00,0xb1,0x00,0x00,0x00,0x06,0x00,0x00,0x00,
0x20,0x00,0x04,0x00,0xb2,0x00,0x00,0x00,0x02,0x00,0x00,0x00,0x29,0x00,0x00,0x00,
0x2b,0x00,0x04,0x00,0x24,0x00,0x00,0x00,0xb7,0x00,0x00,0x00,0x09,0x00,0x00,0x00,
0x20,0x00,0x04,0x00,0xb8,0x00,0x00,0x00,0x02,0x00,0x00,0x00,0x12,0x00,0x00,0x00,
0x2b,0x00,0x04,0x00,0x24,0x00,0x00,0x00,0xbd,0x00,0x00,0x00,0x10,0x00,0x00,0x00,
0x20,0x00,0x04,0x00,0xbe,0x00,0x00,0x00,0x02,0x00,0x00,0x00,0x06,0x00,0x00,0x00,
0x19,0x00,0x09,0x00,0xc3,0x00,0x00,0x00,0x06,0x00,0x00,0x00,0x01,0x00,0x00,0x00,
0x00,0x00,0x00,0x00,0x00,0x00,0x00,0x00,0x00,0x00,0x00,0x00,0x01,0x00,0x00,0x00,
0x00,0x00,0x00,0x00,0x20,0x00,0x04,0x00,0xc4,0x00,0x00,0x00,0x00,0x00,0x00,0x00,
0xc3,0x00,0x00,0x00,0x3b,0x00,0x04,0x00,0xc4,0x00,0x00,0x00,0xc5,0x00,0x00,0x00,
0x00,0x00,0x00,0x00,0x2b,0x00,0x04,0x00,0x6d,0x00,0x00,0x00,0xc9,0x00,0x00,0x00,
0x00,0x00,0x00,0x00,0x3b,0x00,0x04,0x00,0xc4,0x00,0x00,0x00,0xcd,0x00,0x00,0x00,
0x00,0x00,0x00,0x00,0x3b,0x00,0x04,0x00,0xc4,0x00,0x00,0x00,0xd5,0x00,0x00,0x00,
0x00,0x00,0x00,0x00,0x19,0x00,0x09,0x00,0xe1,0x00,0x00,0x00,0x06,0x00,0x00,0x00,
0x01,0x00,0x00,0x00,0x00,0x00,0x00,0x00,0x00,0x00,0x00,0x00,0x00,0x00,0x00,0x00,
0x02,0x00,0x00,0x00,0x09,0x00,0x00,0x00,0x20,0x00,0x04,0x00,0xe2,0x00,0x00,0x00,
0x00,0x00,0x00,0x00,0xe1,0x00,0x00,0x00,0x3b,0x00,0x04,0x00,0xe2,0x00,0x00,0x00,
0xe3,0x00,0x00,0x00,0x00,0x00,0x00,0x00,0x3b,0x00,0x04,0x00,0xe2,0x00,0x00,0x00,
0xe8,0x00,0x00,0x00,0x00,0x00,0x00,0x00,0x19,0x00,0x09,0x00,0xf1,0x00,0x00,0x00,
0x6d,0x00,0x00,0x00,0x01,0x00,0x00,0x00,0x00,0x00,0x00,0x00,0x00,0x00,0x00,0x00,
0x00,0x00,0x00,0x00,0x02,0x00,0x00,0x00,0x21,0x00,0x00,0x00,0x20,0x00,0x04,0x00,
0xf2,0x00,0x00,0x00,0x00,0x00,0x00,0x00,0xf1,0x00,0x00,0x00,0x3b,0x00,0x04,0x00,
0xf2,0x00,0x00,0x00,0xf3,0x00,0x00,0x00,0x00,0x00,0x00,0x00,0x20,0x00,0x04,0x00,
0xf6,0x00,0x00,0x00,0x0b,0x00,0x00,0x00,0x6d,0x00,0x00,0x00,0x2b,0x00,0x04,0x00,
0x6d,0x00,0x00,0x00,0xf8,0x00,0x00,0x00,0x01,0x00,0x00,0x00,0x19,0x00,0x09,0x00,
0xfa,0x00,0x00,0x00,0x06,0x00,0x00,0x00,0x01,0x00,0x00,0x00,0x00,0x00,0x00,0x00,
0x00,0x00,0x00,0x00,0x00,0x00,0x00,0x00,0x02,0x00,0x00,0x00,0x03,0x00,0x00,0x00,
0x20,0x00,0x04,0x00,0xfb,0x00,0x00,0x00,0x00,0x00,0x00,0x00,0xfa,0x00,0x00,0x00,
0x3b,0x00,0x04,0x00,0xfb,0x00,0x00,0x00,0xfc,0x00,0x00,0x00,0x00,0x00,0x00,0x00,
0x19,0x00,0x09,0x00,0x01,0x01,0x00,0x00,0x06,0x00,0x00,0x00,0x01,0x00,0x00,0x00,
0x00,0x00,0x00,0x00,0x00,0x00,0x00,0x00,0x00,0x00,0x00,0x00,0x02,0x00,0x00,0x00,
0x07,0x00,0x00,0x00,0x20,0x00,0x04,0x00,0x02,0x01,0x00,0x00,0x00,0x00,0x00,0x00,
0x01,0x01,0x00,0x00,0x3b,0x00,0x04,0x00,0x02,0x01,0x00,0x00,0x03,0x01,0x00,0x00,
0x00,0x00,0x00,0x00,0x2b,0x00,0x04,0x00,0x06,0x00,0x00,0x00,0x0a,0x01,0x00,0x00,
0x00,0x00,0x80,0x3e,0x2b,0x00,0x04,0x00,0x06,0x00,0x00,0x00,0x0b,0x01,0x00,0x00,
0x00,0x00,0x40,0x3f,0x2b,0x00,0x04,0x00,0x06,0x00,0x00,0x00,0x18,0x01,0x00,0x00,
0x00,0x00,0x70,0x45,0x2b,0x00,0x04,0x00,0x06,0x00,0x00,0x00,0x19,0x01,0x00,0x00,
0x00,0x00,0x07,0x45,0x2c,0x00,0x05,0x00,0x12,0x00,0x00,0x00,0x1a,0x01,0x00,0x00,
0x18,0x01,0x00,0x00,0x19,0x01,0x00,0x00,0x2b,0x00,0x04,0x00,0x06,0x00,0x00,0x00,
0x20,0x01,0x00,0x00,0xd0,0xb3,0x59,0x3e,0x2b,0x00,0x04,0x00,0x06,0x00,0x00,0x00,
0x21,0x01,0x00,0x00,0x59,0x17,0x37,0x3f,0x2b,0x00,0x04,0x00,0x06,0x00,0x00,0x00,
0x22,0x01,0x00,0x00,0x98,0xdd,0x93,0x3d,0x2c,0x00,0x06,0x00,0x1d,0x00,0x00,0x00,
0x23,0x01,0x00,0x00,0x20,0x01,0x00,0x00,0x21,0x01,0x00,0x00,0x22,0x01,0x00,0x00,
0x17,0x00,0x04,0x00,0x28,0x01,0x00,0x00,0x6d,0x00,0x00,0x00,0x02,0x00,0x00,0x00,
0x17,0x00,0x04,0x00,0x2c,0x01,0x00,0x00,0x61,0x00,0x00,0x00,0x02,0x00,0x00,0x00,
0x2b,0x00,0x04,0x00,0x06,0x00,0x00,0x00,0x49,0x01,0x00,0x00,0x00,0x00,0x00,0x3f,
0x2c,0x00,0x05,0x00,0x12,0x00,0x00,0x00,0x4a,0x01,0x00,0x00,0x49,0x01,0x00,0x00,
0x49,0x01,0x00,0x00,0x2c,0x00,0x05,0x00,0x25,0x00,0x00,0x00,0x57,0x01,0x00,0x00,
0xab,0x00,0x00,0x00,0xab,0x00,0x00,0x00,0x2b,0x00,0x04,0x00,0x24,0x00,0x00,0x00,
0x59,0x01,0x00,0x00,0x01,0x00,0x00,0x00,0x2c,0x00,0x05,0x00,0x25,0x00,0x00,0x00,
0x5a,0x01,0x00,0x00,0x59,0x01,0x00,0x00,0xab,0x00,0x00,0x00,0x2c,0x00,0x05,0x00,
0x25,0x00,0x00,0x00,0x5c,0x01,0x00,0x00,0xab,0x00,0x00,0x00,0x59,0x01,0x00,0x00,
0x2c,0x00,0x05,0x00,0x25,0x00,0x00,0x00,0x5f,0x01,0x00,0x00,0x59,0x01,0x00,0x00,
0x59,0x01,0x00,0x00,0x2b,0x00,0x04,0x00,0x06,0x00,0x00,0x00,0x84,0x01,0x00,0x00,
0x00,0xe0,0x7f,0x47,0x2b,0x00,0x04,0x00,0x24,0x00,0x00,0x00,0xae,0x01,0x00,0x00,
0x04,0x00,0x00,0x00,0x2b,0x00,0x04,0x00,0x06,0x00,0x00,0x00,0xb9,0x01,0x00,0x00,
0x68,0xe8,0x1f,0x3a,0x2b,0x00,0x04,0x00,0x6d,0x00,0x00,0x00,0xda,0x01,0x00,0x00,
0x09,0x00,0x00,0x00,0x1c,0x00,0x04,0x00,0xdb,0x01,0x00,0x00,0x25,0x00,0x00,0x00,
0xda,0x01,0x00,0x00,0x2b,0x00,0x04,0x00,0x24,0x00,0x00,0x00,0xdc,0x01,0x00,0x00,
0xff,0xff,0xff,0xff,0x2c,0x00,0x05,0x00,0x25,0x00,0x00,0x00,0xdd,0x01,0x00,0x00,
0xab,0x00,0x00,0x00,0xdc,0x01,0x00,0x00,0x2c,0x00,0x05,0x00,0x25,0x00,0x00,0x00,
0xde,0x01,0x00,0x00,0xdc,0x01,0x00,0x00,0xab,0x00,0x00,0x00,0x2c,0x00,0x05,0x00,
0x25,0x00,0x00,0x00,0xdf,0x01,0x00,0x00,0xdc,0x01,0x00,0x00,0x59,0x01,0x00,0x00,
0x2c,0x00,0x05,0x00,0x25,0x00,0x00,0x00,0xe0,0x01,0x00,0x00,0xdc,0x01,0x00,0x00,
0xdc,0x01,0x00,0x00,0x2c,0x00,0x05,0x00,0x25,0x00,0x00,0x00,0xe1,0x01,0x00,0x00,
0x59,0x01,0x00,0x00,0xdc,0x01,0x00,0x00,0x2c,0x00,0x0c,0x00,0xdb,0x01,0x00,0x00,
0xe2,0x01,0x00,0x00,0x57,0x01,0x00,0x00,0x5a,0x01,0x00,0x00,0x5c,0x01,0x00,0x00,
0xdd,0x01,0x00,0x00,0xde,0x01,0x00,0x00,0xdf,0x01,0x00,0x00,0x5f,0x01,0x00,0x00,
0xe0,0x01,0x00,0x00,0xe1,0x01,0x00,0x00,0x20,0x00,0x04,0x00,0xe4,0x01,0x00,0x00,
0x07,0x00,0x00,0x00,0xdb,0x01,0x00,0x00,0x1c,0x00,0x04,0x00,0xe9,0x01,0x00,0x00,
0x06,0x00,0x00,0x00,0xda,0x01,0x00,0x00,0x20,0x00,0x04,0x00,0xea,0x01,0x00,0x00,
0x07,0x00,0x00,0x00,0xe9,0x01,0x00,0x00,0x2c,0x00,0x06,0x00,0x1d,0x00,0x00,0x00,
0x38,0x02,0x00,0x00,0x95,0x00,0x00,0x00,0x95,0x00,0x00,0x00,0x95,0x00,0x00,0x00,
0x17,0x00,0x04,0x00,0x78,0x02,0x00,0x00,0x6d,0x00,0x00,0x00,0x03,0x00,0x00,0x00,
0x20,0x00,0x04,0x00,0x79,0x02,0x00,0x00,0x01,0x00,0x00,0x00,0x78,0x02,0x00,0x00,
0x3b,0x00,0x04,0x00,0x79,0x02,0x00,0x00,0x7a,0x02,0x00,0x00,0x01,0x00,0x00,0x00,
0x2b,0x00,0x04,0x00,0x6d,0x00,0x00,0x00,0x8d,0x02,0x00,0x00,0x08,0x00,0x00,0x00,
0x2c,0x00,0x06,0x00,0x78,0x02,0x00,0x00,0x8e,0x02,0x00,0x00,0x8d,0x02,0x00,0x00,
0x8d,0x02,0x00,0x00,0xf8,0x00,0x00,0x00,0x20,0x00,0x04,0x00,0x6d,0x04,0x00,0x00,
0x07,0x00,0x00,0x00,0x6f,0x00,0x00,0x00,0x20,0x00,0x04,0x00,0x6f,0x04,0x00,0x00,
0x07,0x00,0x00,0x00,0x70,0x00,0x00,0x00,0x2b,0x00,0x04,0x00,0x06,0x00,0x00,0x00,
0xe3,0x04,0x00,0x00,0x0a,0xd7,0x23,0x3c,0x2c,0x00,0x07,0x00,0x6f,0x00,0x00,0x00,
0xe5,0x04,0x00,0x00,0x57,0x01,0x00,0x00,0x5a,0x01,0x00,0x00,0x5c,0x01,0x00,0x00,
0x5f,0x01,0x00,0x00,0x2b,0x00,0x04,0x00,0x06,0x00,0x00,0x00,0xe6,0x04,0x00,0x00,
0x00,0x00,0x00,0xbf,0x2c,0x00,0x05,0x00,0x12,0x00,0x00,0x00,0xe7,0x04,0x00,0x00,
0xe6,0x04,0x00,0x00,0xe6,0x04,0x00,0x00,0x36,0x00,0x05,0x00,0x02,0x00,0x00,0x00,
0x04,0x00,0x00,0x00,0x00,0x00,0x00,0x00,0x03,0x00,0x00,0x00,0xf8,0x00,0x02,0x00,
0x05,0x00,0x00,0x00,0x3b,0x00,0x04,0x00,0x6f,0x04,0x00,0x00,0x89,0x04,0x00,0x00,
0x07,0x00,0x00,0x00,0x3b,0x00,0x04,0x00,0x6d,0x04,0x00,0x00,0x88,0x04,0x00,0x00,
0x07,0x00,0x00,0x00,0x3b,0x00,0x05,0x00,0xe4,0x01,0x00,0x00,0xc4,0x02,0x00,0x00,
0x07,0x00,0x00,0x00,0xe2,0x01,0x00,0x00,0x3b,0x00,0x04,0x00,0xea,0x01,0x00,0x00,
0xc5,0x02,0x00,0x00,0x07,0x00,0x00,0x00,0x3b,0x00,0x05,0x00,0xe4,0x01,0x00,0x00,
0xc9,0x02,0x00,0x00,0x07,0x00,0x00,0x00,0xe2,0x01,0x00,0x00,0x3d,0x00,0x04,0x00,
0x78,0x02,0x00,0x00,0x7b,0x02,0x00,0x00,0x7a,0x02,0x00,0x00,0x4f,0x00,0x07,0x00,
0x28,0x01,0x00,0x00,0x7c,0x02,0x00,0x00,0x7b,0x02,0x00,0x00,0x7b,0x02,0x00,0x00,
0x00,0x00,0x00,0x00,0x01,0x00,0x00,0x00,0x7c,0x00,0x04,0x00,0x25,0x00,0x00,0x00,
0x7d,0x02,0x00,0x00,0x7c,0x02,0x00,0x00,0x3e,0x00,0x03,0x00,0xc4,0x02,0x00,0x00,
0xe2,0x01,0x00,0x00,0x3e,0x00,0x03,0x00,0xc9,0x02,0x00,0x00,0xe2,0x01,0x00,0x00,
0xf9,0x00,0x02,0x00,0xd1,0x02,0x00,0x00,0xf8,0x00,0x02,0x00,0xd1,0x02,0x00,0x00,
0xf5,0x00,0x07,0x00,0x24,0x00,0x00,0x00,0xe8,0x04,0x00,0x00,0xab,0x00,0x00,0x00,
0x05,0x00,0x00,0x00,0xe1,0x02,0x00,0x00,0xd5,0x02,0x00,0x00,0xb1,0x00,0x05,0x00,
0x61,0x00,0x00,0x00,0xd4,0x02,0x00,0x00,0xe8,0x04,0x00,0x00,0xb7,0x00,0x00,0x00,
0xf6,0x00,0x04,0x00,0xe2,0x02,0x00,0x00,0xd5,0x02,0x00,0x00,0x00,0x00,0x00,0x00,
0xfa,0x00,0x04,0x00,0xd4,0x02,0x00,0x00,0xd5,0x02,0x00,0x00,0xe2,0x02,0x00,0x00,
0xf8,0x00,0x02,0x00,0xd5,0x02,0x00,0x00,0x41,0x00,0x05,0x00,0x33,0x00,0x00,0x00,
0xd8,0x02,0x00,0x00,0xc4,0x02,0x00,0x00,0xe8,0x04,0x00,0x00,0x3d,0x00,0x04,0x00,
0x25,0x00,0x00,0x00,0xd9,0x02,0x00,0x00,0xd8,0x02,0x00,0x00,0x80,0x00,0x05,0x00,
0x25,0x00,0x00,0x00,0xda,0x02,0x00,0x00,0x7d,0x02,0x00,0x00,0xd9,0x02,0x00,0x00,
0x3d,0x00,0x04,0x00,0xc3,0x00,0x00,0x00,0x13,0x03,0x00,0x00,0xc5,0x00,0x00,0x00,
0x5f,0x00,0x07,0x00,0x29,0x00,0x00,0x00,0x15,0x03,0x00,0x00,0x13,0x03,0x00,0x00,
0xda,0x02,0x00,0x00,0x02,0x00,0x00,0x00,0xab,0x00,0x00,0x00,0x51,0x00,0x05,0x00,
0x06,0x00,0x00,0x00,0x16,0x03,0x00,0x00,0x15,0x03,0x00,0x00,0x00,0x00,0x00,0x00,
0x41,0x00,0x05,0x00,0x07,0x00,0x00,0x00,0xde,0x02,0x00,0x00,0xc5,0x02,0x00,0x00,
0xe8,0x04,0x00,0x00,0x3e,0x00,0x03,0x00,0xde,0x02,0x00,0x00,0x16,0x03,0x00,0x00,
0x80,0x00,0x05,0x00,0x24,0x00,0x00,0x00,0xe1,0x02,0x00,0x00,0xe8,0x04,0x00,0x00,
0x59,0x01,0x00,0x00,0xf9,0x00,0x02,0x00,0xd1,0x02,0x00,0x00,0xf8,0x00,0x02,0x00,
0xe2,0x02,0x00,0x00,0x41,0x00,0x05,0x00,0x07,0x00,0x00,0x00,0xe5,0x02,0x00,0x00,
0xc5,0x02,0x00,0x00,0xab,0x00,0x00,0x00,0x3d,0x00,0x04,0x00,0x06,0x00,0x00,0x00,
0xe6,0x02,0x00,0x00,0xe5,0x02,0x00,0x00,0x3d,0x00,0x04,0x00,0x06,0x00,0x00,0x00,
0xe9,0x02,0x00,0x00,0xe5,0x02,0x00,0x00,0xf9,0x00,0x02,0x00,0xeb,0x02,0x00,0x00,
0xf8,0x00,0x02,0x00,0xeb,0x02,0x00,0x00,0xf5,0x00,0x07,0x00,0x06,0x00,0x00,0x00,
0xec,0x04,0x00,0x00,0xe6,0x02,0x00,0x00,0xe2,0x02,0x00,0x00,0xf6,0x04,0x00,0x00,
0x0c,0x03,0x00,0x00,0xf5,0x00,0x07,0x00,0x25,0x00,0x00,0x00,0xeb,0x04,0x00,0x00,
0x7d,0x02,0x00,0x00,0xe2,0x02,0x00,0x00,0xf4,0x04,0x00,0x00,0x0c,0x03,0x00,0x00,
0xf5,0x00,0x07,0x00,0x06,0x00,0x00,0x00,0xea,0x04,0x00,0x00,0xe9,0x02,0x00,0x00,
0xe2,0x02,0x00,0x00,0xf2,0x04,0x00,0x00,0x0c,0x03,0x00,0x00,0xf5,0x00,0x07,0x00,
0x24,0x00,0x00,0x00,0xe9,0x04,0x00,0x00,0x59,0x01,0x00,0x00,0xe2,0x02,0x00,0x00,
0x0e,0x03,0x00,0x00,0x0c,0x03,0x00,0x00,0xb1,0x00,0x05,0x00,0x61,0x00,0x00,0x00,
0xee,0x02,0x00,0x00,0xe9,0x04,0x00,0x00,0xb7,0x00,0x00,0x00,0xf6,0x00,0x04,0x00,
0x0f,0x03,0x00,0x00,0x0c,0x03,0x00,0x00,0x00,0x00,0x00,0x00,0xfa,0x00,0x04,0x00,
0xee,0x02,0x00,0x00,0xef,0x02,0x00,0x00,0x0f,0x03,0x00,0x00,0xf8,0x00,0x02,0x00,
0xef,0x02,0x00,0x00,0x41,0x00,0x05,0x00,0x33,0x00,0x00,0x00,0xf2,0x02,0x00,0x00,
0xc9,0x02,0x00,0x00,0xe9,0x04,0x00,0x00,0x3d,0x00,0x04,0x00,0x25,0x00,0x00,0x00,
0xf3,0x02,0x00,0x00,0xf2,0x02,0x00,0x00,0x80,0x00,0x05,0x00,0x25,0x00,0x00,0x00,
0xf4,0x02,0x00,0x00,0x7d,0x02,0x00,0x00,0xf3,0x02,0x00,0x00,0x41,0x00,0x05,0x00,
0xac,0x00,0x00,0x00,0x19,0x03,0x00,0x00,0xaa,0x00,0x00,0x00,0xab,0x00,0x00,0x00,
0x3d,0x00,0x04,0x00,0x25,0x00,0x00,0x00,0x1a,0x03,0x00,0x00,0x19,0x03,0x00,0x00,
0x7c,0x00,0x04,0x00,0x28,0x01,0x00,0x00,0x1f,0x03,0x00,0x00,0xf4,0x02,0x00,0x00,
0x7c,0x00,0x04,0x00,0x28,0x01,0x00,0x00,0x21,0x03,0x00,0x00,0x1a,0x03,0x00,0x00,
0xb0,0x00,0x05,0x00,0x2c,0x01,0x00,0x00,0x22,0x03,0x00,0x00,0x1f,0x03,0x00,0x00,
0x21,0x03,0x00,0x00,0x9b,0x00,0x04,0x00,0x61,0x00,0x00,0x00,0x23,0x03,0x00,0x00,
0x22,0x03,0x00,0x00,0xf7,0x00,0x03,0x00,0x0b,0x03,0x00,0x00,0x00,0x00,0x00,0x00,
0xfa,0x00,0x04,0x00,0x23,0x03,0x00,0x00,0xf8,0x02,0x00,0x00,0x0b,0x03,0x00,0x00,
0xf8,0x00,0x02,0x00,0xf8,0x02,0x00,0x00,0x41,0x00,0x05,0x00,0x07,0x00,0x00,0x00,
0xfa,0x02,0x00,0x00,0xc5,0x02,0x00,0x00,0xe9,0x04,0x00,0x00,0x3d,0x00,0x04,0x00,
0x06,0x00,0x00,0x00,0xfb,0x02,0x00,0x00,0xfa,0x02,0x00,0x00,0xba,0x00,0x05,0x00,
0x61,0x00,0x00,0x00,0xff,0x02,0x00,0x00,0xfb,0x02,0x00,0x00,0xec,0x04,0x00,0x00,
0xf7,0x00,0x03,0x00,0x0a,0x03,0x00,0x00,0x00,0x00,0x00,0x00,0xfa,0x00,0x04,0x00,
0xff,0x02,0x00,0x00,0x00,0x03,0x00,0x00,0x0a,0x03,0x00,0x00,0xf8,0x00,0x02,0x00,
0x00,0x03,0x00,0x00,0x0c,0x00,0x07,0x00,0x06,0x00,0x00,0x00,0x28,0x03,0x00,0x00,
0x01,0x00,0x00,0x00,0x25,0x00,0x00,0x00,0xea,0x04,0x00,0x00,0xfb,0x02,0x00,0x00,
0xf9,0x00,0x02,0x00,0x0a,0x03,0x00,0x00,0xf8,0x00,0x02,0x00,0x0a,0x03,0x00,0x00,
0xf5,0x00,0x07,0x00,0x06,0x00,0x00,0x00,0xf3,0x04,0x00,0x00,0xea,0x04,0x00,0x00,
0xf8,0x02,0x00,0x00,0x28,0x03,0x00,0x00,0x00,0x03,0x00,0x00,0xa9,0x00,0x06,0x00,
0x06,0x00,0x00,0x00,0xf8,0x04,0x00,0x00,0xff,0x02,0x00,0x00,0xfb,0x02,0x00,0x00,
0xec,0x04,0x00,0x00,0x50,0x00,0x05,0x00,0x2c,0x01,0x00,0x00,0xf9,0x04,0x00,0x00,
0xff,0x02,0x00,0x00,0xff,0x02,0x00,0x00,0xa9,0x00,0x06,0x00,0x25,0x00,0x00,0x00,
0xfa,0x04,0x00,0x00,0xf9,0x04,0x00,0x00,0xf4,0x02,0x00,0x00,0xeb,0x04,0x00,0x00,
0xf9,0x00,0x02,0x00,0x0b,0x03,0x00,0x00,0xf8,0x00,0x02,0x00,0x0b,0x03,0x00,0x00,
0xf5,0x00,0x07,0x00,0x06,0x00,0x00,0x00,0xf6,0x04,0x00,0x00,0xec,0x04,0x00,0x00,
0xef,0x02,0x00,0x00,0xf8,0x04,0x00,0x00,0x0a,0x03,0x00,0x00,0xf5,0x00,0x07,0x00,
0x25,0x00,0x00,0x00,0xf4,0x04,0x00,0x00,0xeb,0x04,0x00,0x00,0xef,0x02,0x00,0x00,
0xfa,0x04,0x00,0x00,0x0a,0x03,0x00,0x00,0xf5,0x00,0x07,0x00,0x06,0x00,0x00,0x00,
0xf2,0x04,0x00,0x00,0xea,0x04,0x00,0x00,0xef,0x02,0x00,0x00,0xf3,0x04,0x00,0x00,
0x0a,0x03,0x00,0x00,0xf9,0x00,0x02,0x00,0x0c,0x03,0x00,0x00,0xf8,0x00,0x02,0x00,
0x0c,0x03,0x00,0x00,0x80,0x00,0x05,0x00,0x24,0x00,0x00,0x00,0x0e,0x03,0x00,0x00,
0xe9,0x04,0x00,0x00,0x59,0x01,0x00,0x00,0xf9,0x00,0x02,0x00,0xeb,0x02,0x00,0x00,
0xf8,0x00,0x02,0x00,0x0f,0x03,0x00,0x00,0x3d,0x00,0x04,0x00,0xc3,0x00,0x00,0x00,
0x38,0x03,0x00,0x00,0xd5,0x00,0x00,0x00,0x5f,0x00,0x07,0x00,0x29,0x00,0x00,0x00,
0x3a,0x03,0x00,0x00,0x38,0x03,0x00,0x00,0xeb,0x04,0x00,0x00,0x02,0x00,0x00,0x00,
0xab,0x00,0x00,0x00,0x4f,0x00,0x07,0x00,0x12,0x00,0x00,0x00,0x3b,0x03,0x00,0x00,
0x3a,0x03,0x00,0x00,0x3a,0x03,0x00,0x00,0x00,0x00,0x00,0x00,0x01,0x00,0x00,0x00,
0x41,0x00,0x05,0x00,0xb8,0x00,0x00,0x00,0x42,0x03,0x00,0x00,0xaa,0x00,0x00,0x00,
0xb7,0x00,0x00,0x00,0x3d,0x00,0x04,0x00,0x12,0x00,0x00,0x00,0x43,0x03,0x00,0x00,
0x42,0x03,0x00,0x00,0x85,0x00,0x05,0x00,0x12,0x00,0x00,0x00,0x3e,0x03,0x00,0x00,
0x3b,0x03,0x00,0x00,0x43,0x03,0x00,0x00,0x41,0x00,0x05,0x00,0xb2,0x00,0x00,0x00,
0xa5,0x03,0x00,0x00,0xaa,0x00,0x00,0x00,0xb1,0x00,0x00,0x00,0x3d,0x00,0x04,0x00,
0x29,0x00,0x00,0x00,0xa6,0x03,0x00,0x00,0xa5,0x03,0x00,0x00,0x51,0x00,0x05,0x00,
0x06,0x00,0x00,0x00,0x9d,0x03,0x00,0x00,0xa6,0x03,0x00,0x00,0x01,0x00,0x00,0x00,
0x51,0x00,0x05,0x00,0x06,0x00,0x00,0x00,0xa0,0x03,0x00,0x00,0xa6,0x03,0x00,0x00,
0x00,0x00,0x00,0x00,0x83,0x00,0x05,0x00,0x06,0x00,0x00,0x00,0xa1,0x03,0x00,0x00,
0xec,0x04,0x00,0x00,0xa0,0x03,0x00,0x00,0x88,0x00,0x05,0x00,0x06,0x00,0x00,0x00,
0xa2,0x03,0x00,0x00,0x9d,0x03,0x00,0x00,0xa1,0x03,0x00,0x00,0x41,0x00,0x05,0x00,
0xbe,0x00,0x00,0x00,0xa9,0x03,0x00,0x00,0xaa,0x00,0x00,0x00,0xbd,0x00,0x00,0x00,
0x3d,0x00,0x04,0x00,0x06,0x00,0x00,0x00,0xaa,0x03,0x00,0x00,0xa9,0x03,0x00,0x00,
0x85,0x00,0x05,0x00,0x06,0x00,0x00,0x00,0x97,0x03,0x00,0x00,0xa2,0x03,0x00,0x00,
0xaa,0x03,0x00,0x00,0x0c,0x00,0x07,0x00,0x06,0x00,0x00,0x00,0xaf,0x03,0x00,0x00,
0x01,0x00,0x00,0x00,0x25,0x00,0x00,0x00,0x97,0x03,0x00,0x00,0x84,0x01,0x00,0x00,
0x85,0x00,0x05,0x00,0x06,0x00,0x00,0x00,0xb7,0x03,0x00,0x00,0xaf,0x03,0x00,0x00,
0xe3,0x04,0x00,0x00,0x0c,0x00,0x08,0x00,0x06,0x00,0x00,0x00,0xbd,0x03,0x00,0x00,
0x01,0x00,0x00,0x00,0x2b,0x00,0x00,0x00,0xb7,0x03,0x00,0x00,0x95,0x00,0x00,0x00,
0x96,0x00,0x00,0x00,0x0c,0x00,0x08,0x00,0x06,0x00,0x00,0x00,0xc3,0x03,0x00,0x00,
0x01,0x00,0x00,0x00,0x2e,0x00,0x00,0x00,0x0a,0x01,0x00,0x00,0x0b,0x01,0x00,0x00,
0xbd,0x03,0x00,0x00,0x85,0x00,0x05,0x00,0x12,0x00,0x00,0x00,0xc7,0x03,0x00,0x00,
0x3e,0x03,0x00,0x00,0x1a,0x01,0x00,0x00,0x0c,0x00,0x06,0x00,0x06,0x00,0x00,0x00,
0xc8,0x03,0x00,0x00,0x01,0x00,0x00,0x00,0x42,0x00,0x00,0x00,0xc7,0x03,0x00,0x00,
0xba,0x00,0x05,0x00,0x61,0x00,0x00,0x00,0x61,0x03,0x00,0x00,0xc8,0x03,0x00,0x00,
0xc3,0x03,0x00,0x00,0xa9,0x00,0x06,0x00,0x06,0x00,0x00,0x00,0x62,0x03,0x00,0x00,
0x61,0x03,0x00,0x00,0x96,0x00,0x00,0x00,0x95,0x00,0x00,0x00,0x8e,0x00,0x05,0x00,
0x12,0x00,0x00,0x00,0x64,0x03,0x00,0x00,0x3e,0x03,0x00,0x00,0x62,0x03,0x00,0x00,
0x6f,0x00,0x04,0x00,0x12,0x00,0x00,0x00,0x66,0x03,0x00,0x00,0x7d,0x02,0x00,0x00,
0x81,0x00,0x05,0x00,0x12,0x00,0x00,0x00,0x68,0x03,0x00,0x00,0x66,0x03,0x00,0x00,
0x4a,0x01,0x00,0x00,0x41,0x00,0x05,0x00,0xac,0x00,0x00,0x00,0xcb,0x03,0x00,0x00,
0xaa,0x00,0x00,0x00,0xab,0x00,0x00,0x00,0x3d,0x00,0x04,0x00,0x25,0x00,0x00,0x00,
0xcc,0x03,0x00,0x00,0xcb,0x03,0x00,0x00,0x6f,0x00,0x04,0x00,0x12,0x00,0x00,0x00,
0x6a,0x03,0x00,0x00,0xcc,0x03,0x00,0x00,0x88,0x00,0x05,0x00,0x12,0x00,0x00,0x00,
0x6b,0x03,0x00,0x00,0x68,0x03,0x00,0x00,0x6a,0x03,0x00,0x00,0x81,0x00,0x05,0x00,
0x12,0x00,0x00,0x00,0x6e,0x03,0x00,0x00,0x6b,0x03,0x00,0x00,0x64,0x03,0x00,0x00,
0x0c,0x00,0x08,0x00,0x12,0x00,0x00,0x00,0xdb,0x03,0x00,0x00,0x01,0x00,0x00,0x00,
0x32,0x00,0x00,0x00,0x6e,0x03,0x00,0x00,0x6a,0x03,0x00,0x00,0xe7,0x04,0x00,0x00,
0x0c,0x00,0x06,0x00,0x12,0x00,0x00,0x00,0xdd,0x03,0x00,0x00,0x01,0x00,0x00,0x00,
0x08,0x00,0x00,0x00,0xdb,0x03,0x00,0x00,0x6e,0x00,0x04,0x00,0x25,0x00,0x00,0x00,
0xde,0x03,0x00,0x00,0xdd,0x03,0x00,0x00,0x0c,0x00,0x06,0x00,0x12,0x00,0x00,0x00,
0x06,0x04,0x00,0x00,0x01,0x00,0x00,0x00,0x0a,0x00,0x00,0x00,0xdb,0x03,0x00,0x00,
0x51,0x00,0x05,0x00,0x06,0x00,0x00,0x00,0xe7,0x03,0x00,0x00,0x06,0x04,0x00,0x00,
0x00,0x00,0x00,0x00,0x83,0x00,0x05,0x00,0x06,0x00,0x00,0x00,0xe8,0x03,0x00,0x00,
0x96,0x00,0x00,0x00,0xe7,0x03,0x00,0x00,0x51,0x00,0x05,0x00,0x06,0x00,0x00,0x00,
0xea,0x03,0x00,0x00,0x06,0x04,0x00,0x00,0x01,0x00,0x00,0x00,0x83,0x00,0x05,0x00,
0x06,0x00,0x00,0x00,0xeb,0x03,0x00,0x00,0x96,0x00,0x00,0x00,0xea,0x03,0x00,0x00,
0x85,0x00,0x05,0x00,0x06,0x00,0x00,0x00,0xec,0x03,0x00,0x00,0xe8,0x03,0x00,0x00,
0xeb,0x03,0x00,0x00,0x85,0x00,0x05,0x00,0x06,0x00,0x00,0x00,0xf3,0x03,0x00,0x00,
0xe7,0x03,0x00,0x00,0xeb,0x03,0x00,0x00,0x85,0x00,0x05,0x00,0x06,0x00,0x00,0x00,
0xfa,0x03,0x00,0x00,0xe8,0x03,0x00,0x00,0xea,0x03,0x00,0x00,0x85,0x00,0x05,0x00,
0x06,0x00,0x00,0x00,0x00,0x04,0x00,0x00,0xe7,0x03,0x00,0x00,0xea,0x03,0x00,0x00,
0x50,0x00,0x07,0x00,0x70,0x00,0x00,0x00,0xd6,0x04,0x00,0x00,0xec,0x03,0x00,0x00,
0xf3,0x03,0x00,0x00,0xfa,0x03,0x00,0x00,0x00,0x04,0x00,0x00,0x3e,0x00,0x03,0x00,
0x88,0x04,0x00,0x00,0xe5,0x04,0x00,0x00,0x3e,0x00,0x03,0x00,0x89,0x04,0x00,0x00,
0xd6,0x04,0x00,0x00,0xf9,0x00,0x02,0x00,0x72,0x03,0x00,0x00,0xf8,0x00,0x02,0x00,
0x72,0x03,0x00,0x00,0xf5,0x00,0x07,0x00,0x24,0x00,0x00,0x00,0xed,0x04,0x00,0x00,
0xab,0x00,0x00,0x00,0x0f,0x03,0x00,0x00,0x8f,0x03,0x00,0x00,0x8d,0x03,0x00,0x00,
0xb1,0x00,0x05,0x00,0x61,0x00,0x00,0x00,0x75,0x03,0x00,0x00,0xed,0x04,0x00,0x00,
0xae,0x01,0x00,0x00,0xf6,0x00,0x04,0x00,0x90,0x03,0x00,0x00,0x8d,0x03,0x00,0x00,
0x00,0x00,0x00,0x00,0xfa,0x00,0x04,0x00,0x75,0x03,0x00,0x00,0x76,0x03,0x00,0x00,
0x90,0x03,0x00,0x00,0xf8,0x00,0x02,0x00,0x76,0x03,0x00,0x00,0x41,0x00,0x05,0x00,
0x33,0x00,0x00,0x00,0x8e,0x04,0x00,0x00,0x88,0x04,0x00,0x00,0xed,0x04,0x00,0x00,
0x3d,0x00,0x04,0x00,0x25,0x00,0x00,0x00,0x79,0x03,0x00,0x00,0x8e,0x04,0x00,0x00,
0x41,0x00,0x05,0x00,0x07,0x00,0x00,0x00,0x8f,0x04,0x00,0x00,0x89,0x04,0x00,0x00,
0xed,0x04,0x00,0x00,0x3d,0x00,0x04,0x00,0x06,0x00,0x00,0x00,0x7c,0x03,0x00,0x00,
0x8f,0x04,0x00,0x00,0xba,0x00,0x05,0x00,0x61,0x00,0x00,0x00,0x7e,0x03,0x00,0x00,
0x7c,0x03,0x00,0x00,0xb9,0x01,0x00,0x00,0xf7,0x00,0x03,0x00,0x8c,0x03,0x00,0x00,
0x00,0x00,0x00,0x00,0xfa,0x00,0x04,0x00,0x7e,0x03,0x00,0x00,0x7f,0x03,0x00,0x00,
0x8c,0x03,0x00,0x00,0xf8,0x00,0x02,0x00,0x7f,0x03,0x00,0x00,0x80,0x00,0x05,0x00,
0x25,0x00,0x00,0x00,0x83,0x03,0x00,0x00,0xde,0x03,0x00,0x00,0x79,0x03,0x00,0x00,
0x7c,0x00,0x04,0x00,0x28,0x01,0x00,0x00,0x0e,0x04,0x00,0x00,0x83,0x03,0x00,0x00,
0x7c,0x00,0x04,0x00,0x28,0x01,0x00,0x00,0x10,0x04,0x00,0x00,0xcc,0x03,0x00,0x00,
0xb0,0x00,0x05,0x00,0x2c,0x01,0x00,0x00,0x11,0x04,0x00,0x00,0x0e,0x04,0x00,0x00,
0x10,0x04,0x00,0x00,0x9b,0x00,0x04,0x00,0x61,0x00,0x00,0x00,0x12,0x04,0x00,0x00,
0x11,0x04,0x00,0x00,0xf7,0x00,0x03,0x00,0x8b,0x03,0x00,0x00,0x00,0x00,0x00,0x00,
0xfa,0x00,0x04,0x00,0x12,0x04,0x00,0x00,0x87,0x03,0x00,0x00,0x8b,0x03,0x00,0x00,
0xf8,0x00,0x02,0x00,0x87,0x03,0x00,0x00,0x7c,0x00,0x04,0x00,0x6d,0x00,0x00,0x00,
0x16,0x04,0x00,0x00,0xec,0x04,0x00,0x00,0x3c,0x00,0x06,0x00,0xf6,0x00,0x00,0x00,
0x19,0x04,0x00,0x00,0xf3,0x00,0x00,0x00,0x83,0x03,0x00,0x00,0xc9,0x00,0x00,0x00,
0xef,0x00,0x07,0x00,0x6d,0x00,0x00,0x00,0x1a,0x04,0x00,0x00,0x19,0x04,0x00,0x00,
0xf8,0x00,0x00,0x00,0xc9,0x00,0x00,0x00,0x16,0x04,0x00,0x00,0xf9,0x00,0x02,0x00,
0x8b,0x03,0x00,0x00,0xf8,0x00,0x02,0x00,0x8b,0x03,0x00,0x00,0xf9,0x00,0x02,0x00,
0x8c,0x03,0x00,0x00,0xf8,0x00,0x02,0x00,0x8c,0x03,0x00,0x00,0xf9,0x00,0x02,0x00,
0x8d,0x03,0x00,0x00,0xf8,0x00,0x02,0x00,0x8d,0x03,0x00,0x00,0x80,0x00,0x05,0x00,
0x24,0x00,0x00,0x00,0x8f,0x03,0x00,0x00,0xed,0x04,0x00,0x00,0x59,0x01,0x00,0x00,
0xf9,0x00,0x02,0x00,0x72,0x03,0x00,0x00,0xf8,0x00,0x02,0x00,0x90,0x03,0x00,0x00,
0x3d,0x00,0x04,0x00,0x01,0x01,0x00,0x00,0x1c,0x04,0x00,0x00,0x03,0x01,0x00,0x00,
0x51,0x00,0x05,0x00,0x06,0x00,0x00,0x00,0x1f,0x04,0x00,0x00,0x3e,0x03,0x00,0x00,
0x00,0x00,0x00,0x00,0x51,0x00,0x05,0x00,0x06,0x00,0x00,0x00,0x20,0x04,0x00,0x00,
0x3e,0x03,0x00,0x00,0x01,0x00,0x00,0x00,0x50,0x00,0x07,0x00,0x29,0x00,0x00,0x00,
0x21,0x04,0x00,0x00,0x1f,0x04,0x00,0x00,0x20,0x04,0x00,0x00,0x95,0x00,0x00,0x00,
0x95,0x00,0x00,0x00,0x63,0x00,0x04,0x00,0x1c,0x04,0x00,0x00,0x7d,0x02,0x00,0x00,
0x21,0x04,0x00,0x00,0x3d,0x00,0x04,0x00,0xfa,0x00,0x00,0x00,0x23,0x04,0x00,0x00,
0xfc,0x00,0x00,0x00,0x50,0x00,0x07,0x00,0x29,0x00,0x00,0x00,0x26,0x04,0x00,0x00,
0xec,0x04,0x00,0x00,0x95,0x00,0x00,0x00,0x95,0x00,0x00,0x00,0x95,0x00,0x00,0x00,
0x63,0x00,0x04,0x00,0x23,0x04,0x00,0x00,0x7d,0x02,0x00,0x00,0x26,0x04,0x00,0x00,
0x83,0x00,0x05,0x00,0x06,0x00,0x00,0x00,0x37,0x04,0x00,0x00,0xea,0x04,0x00,0x00,
0xa0,0x03,0x00,0x00,0x88,0x00,0x05,0x00,0x06,0x00,0x00,0x00,0x38,0x04,0x00,0x00,
0x9d,0x03,0x00,0x00,0x37,0x04,0x00,0x00,0x85,0x00,0x05,0x00,0x06,0x00,0x00,0x00,
0x2d,0x04,0x00,0x00,0x38,0x04,0x00,0x00,0xaa,0x03,0x00,0x00,0x0c,0x00,0x07,0x00,
0x06,0x00,0x00,0x00,0x45,0x04,0x00,0x00,0x01,0x00,0x00,0x00,0x25,0x00,0x00,0x00,
0x2d,0x04,0x00,0x00,0x84,0x01,0x00,0x00,0x3d,0x00,0x04,0x00,0xe1,0x00,0x00,0x00,
0x47,0x04,0x00,0x00,0xe3,0x00,0x00,0x00,0x50,0x00,0x07,0x00,0x29,0x00,0x00,0x00,
0x4a,0x04,0x00,0x00,0x45,0x04,0x00,0x00,0x95,0x00,0x00,0x00,0x95,0x00,0x00,0x00,
0x95,0x00,0x00,0x00,0x63,0x00,0x04,0x00,0x47,0x04,0x00,0x00,0x7d,0x02,0x00,0x00,
0x4a,0x04,0x00,0x00,0x3d,0x00,0x04,0x00,0xc3,0x00,0x00,0x00,0x5b,0x04,0x00,0x00,
0xcd,0x00,0x00,0x00,0x5f,0x00,0x07,0x00,0x29,0x00,0x00,0x00,0x5d,0x04,0x00,0x00,
0x5b,0x04,0x00,0x00,0x7d,0x02,0x00,0x00,0x02,0x00,0x00,0x00,0xab,0x00,0x00,0x00,
0x4f,0x00,0x08,0x00,0x1d,0x00,0x00,0x00,0x5e,0x04,0x00,0x00,0x5d,0x04,0x00,0x00,
0x5d,0x04,0x00,0x00,0x00,0x00,0x00,0x00,0x01,0x00,0x00,0x00,0x02,0x00,0x00,0x00,
0x0c,0x00,0x07,0x00,0x1d,0x00,0x00,0x00,0x63,0x04,0x00,0x00,0x01,0x00,0x00,0x00,
0x28,0x00,0x00,0x00,0x38,0x02,0x00,0x00,0x5e,0x04,0x00,0x00,0x94,0x00,0x05,0x00,
0x06,0x00,0x00,0x00,0x67,0x04,0x00,0x00,0x63,0x04,0x00,0x00,0x23,0x01,0x00,0x00,
0x3d,0x00,0x04,0x00,0xe1,0x00,0x00,0x00,0x69,0x04,0x00,0x00,0xe8,0x00,0x00,0x00,
0x50,0x00,0x07,0x00,0x29,0x00,0x00,0x00,0x6c,0x04,0x00,0x00,0x67,0x04,0x00,0x00,
0x95,0x00,0x00,0x00,0x95,0x00,0x00,0x00,0x95,0x00,0x00,0x00,0x63,0x00,0x04,0x00,
0x69,0x04,0x00,0x00,0x7d,0x02,0x00,0x00,0x6c,0x04,0x00,0x00,0xfd,0x00,0x01,0x00,
0x38,0x00,0x01,0x00
};

// ffx_fsr3upscaler_prepare_inputs_pass_wave64_431a83bd66ea806fd1845836eb9a5ffb.h.
// Auto generated by FidelityFX-SC.

static const char* g_ffx_fsr3upscaler_prepare_inputs_pass_wave64_431a83bd66ea806fd1845836eb9a5ffb_CBVResourceNames[] = {  "cbFSR3Upscaler", };
static const uint32_t g_ffx_fsr3upscaler_prepare_inputs_pass_wave64_431a83bd66ea806fd1845836eb9a5ffb_CBVResourceBindings[] = {  8, };
static const uint32_t g_ffx_fsr3upscaler_prepare_inputs_pass_wave64_431a83bd66ea806fd1845836eb9a5ffb_CBVResourceCounts[] = {  1, };
static const uint32_t g_ffx_fsr3upscaler_prepare_inputs_pass_wave64_431a83bd66ea806fd1845836eb9a5ffb_CBVResourceSets[] = {  0, };

static const char* g_ffx_fsr3upscaler_prepare_inputs_pass_wave64_431a83bd66ea806fd1845836eb9a5ffb_TextureSRVResourceNames[] = {  "r_input_motion_vectors", "r_input_depth", "r_input_color_jittered", };
static const uint32_t g_ffx_fsr3upscaler_prepare_inputs_pass_wave64_431a83bd66ea806fd1845836eb9a5ffb_TextureSRVResourceBindings[] = {  0, 1, 2, };
static const uint32_t g_ffx_fsr3upscaler_prepare_inputs_pass_wave64_431a83bd66ea806fd1845836eb9a5ffb_TextureSRVResourceCounts[] = {  1, 1, 1, };
static const uint32_t g_ffx_fsr3upscaler_prepare_inputs_pass_wave64_431a83bd66ea806fd1845836eb9a5ffb_TextureSRVResourceSets[] = {  0, 0, 0, };

static const char* g_ffx_fsr3upscaler_prepare_inputs_pass_wave64_431a83bd66ea806fd1845836eb9a5ffb_TextureUAVResourceNames[] = {  "rw_dilated_motion_vectors", "rw_dilated_depth", "rw_reconstructed_previous_nearest_depth", "rw_farthest_depth", "rw_current_luma", };
static const uint32_t g_ffx_fsr3upscaler_prepare_inputs_pass_wave64_431a83bd66ea806fd1845836eb9a5ffb_TextureUAVResourceBindings[] = {  3, 4, 5, 6, 7, };
static const uint32_t g_ffx_fsr3upscaler_prepare_inputs_pass_wave64_431a83bd66ea806fd1845836eb9a5ffb_TextureUAVResourceCounts[] = {  1, 1, 1, 1, 1, };
static const uint32_t g_ffx_fsr3upscaler_prepare_inputs_pass_wave64_431a83bd66ea806fd1845836eb9a5ffb_TextureUAVResourceSets[] = {  0, 0, 0, 0, 0, };

static const uint32_t g_ffx_fsr3upscaler_prepare_inputs_pass_wave64_431a83bd66ea806fd1845836eb9a5ffb_size = 7316;

static const unsigned char g_ffx_fsr3upscaler_prepare_inputs_pass_wave64_431a83bd66ea806fd1845836eb9a5ffb_data[] = {
0x03,0x02,0x23,0x07,0x00,0x05,0x01,0x00,0x0b,0x00,0x08,0x00,0x04,0x05,0x00,0x00,
0x00,0x00,0x00,0x00,0x11,0x00,0x02,0x00,0x01,0x00,0x00,0x00,0x11,0x00,0x02,0x00,
0x31,0x00,0x00,0x00,0x0b,0x00,0x06,0x00,0x01,0x00,0x00,0x00,0x47,0x4c,0x53,0x4c,
0x2e,0x73,0x74,0x64,0x2e,0x34,0x35,0x30,0x00,0x00,0x00,0x00,0x0e,0x00,0x03,0x00,
0x00,0x00,0x00,0x00,0x01,0x00,0x00,0x00,0x0f,0x00,0x0f,0x00,0x05,0x00,0x00,0x00,
0x04,0x00,0x00,0x00,0x6d,0x61,0x69,0x6e,0x00,0x00,0x00,0x00,0xb3,0x00,0x00,0x00,
0xce,0x00,0x00,0x00,0xd6,0x00,0x00,0x00,0xde,0x00,0x00,0x00,0xec,0x00,0x00,0x00,
0xf1,0x00,0x00,0x00,0xfc,0x00,0x00,0x00,0x05,0x01,0x00,0x00,0x0c,0x01,0x00,0x00,
0x83,0x02,0x00,0x00,0x10,0x00,0x06,0x00,0x04,0x00,0x00,0x00,0x11,0x00,0x00,0x00,
0x08,0x00,0x00,0x00,0x08,0x00,0x00,0x00,0x01,0x00,0x00,0x00,0x03,0x00,0x03,0x00,
0x02,0x00,0x00,0x00,0xc2,0x01,0x00,0x00,0x04,0x00,0x0b,0x00,0x47,0x4c,0x5f,0x45,
0x58,0x54,0x5f,0x73,0x61,0x6d,0x70,0x6c,0x65,0x72,0x6c,0x65,0x73,0x73,0x5f,0x74,
0x65,0x78,0x74,0x75,0x72,0x65,0x5f,0x66,0x75,0x6e,0x63,0x74,0x69,0x6f,0x6e,0x73,
0x00,0x00,0x00,0x00,0x04,0x00,0x0b,0x00,0x47,0x4c,0x5f,0x45,0x58,0x54,0x5f,0x73,
0x68,0x61,0x64,0x65,0x72,0x5f,0x65,0x78,0x70,0x6c,0x69,0x63,0x69,0x74,0x5f,0x61,
0x72,0x69,0x74,0x68,0x6d,0x65,0x74,0x69,0x63,0x5f,0x74,0x79,0x70,0x65,0x73,0x00,
0x04,0x00,0x0a,0x00,0x47,0x4c,0x5f,0x47,0x4f,0x4f,0x47,0x4c,0x45,0x5f,0x63,0x70,
0x70,0x5f,0x73,0x74,0x79,0x6c,0x65,0x5f,0x6c,0x69,0x6e,0x65,0x5f,0x64,0x69,0x72,
0x65,0x63,0x74,0x69,0x76,0x65,0x00,0x00,0x04,0x00,0x08,0x00,0x47,0x4c,0x5f,0x47,
0x4f,0x4f,0x47,0x4c,0x45,0x5f,0x69,0x6e,0x63,0x6c,0x75,0x64,0x65,0x5f,0x64,0x69,
0x72,0x65,0x63,0x74,0x69,0x76,0x65,0x00,0x05,0x00,0x04,0x00,0x04,0x00,0x00,0x00,
0x6d,0x61,0x69,0x6e,0x00,0x00,0x00,0x00,0x05,0x00,0x07,0x00,0xb1,0x00,0x00,0x00,
0x63,0x62,0x46,0x53,0x52,0x33,0x55,0x50,0x53,0x43,0x41,0x4c,0x45,0x52,0x5f,0x74,
0x00,0x00,0x00,0x00,0x06,0x00,0x06,0x00,0xb1,0x00,0x00,0x00,0x00,0x00,0x00,0x00,
0x69,0x52,0x65,0x6e,0x64,0x65,0x72,0x53,0x69,0x7a,0x65,0x00,0x06,0x00,0x0a,0x00,
0xb1,0x00,0x00,0x00,0x01,0x00,0x00,0x00,0x69,0x50,0x72,0x65,0x76,0x69,0x6f,0x75,
0x73,0x46,0x72,0x61,0x6d,0x65,0x52,0x65,0x6e,0x64,0x65,0x72,0x53,0x69,0x7a,0x65,
0x00,0x00,0x00,0x00,0x06,0x00,0x07,0x00,0xb1,0x00,0x00,0x00,0x02,0x00,0x00,0x00,
0x69,0x55,0x70,0x73,0x63,0x61,0x6c,0x65,0x53,0x69,0x7a,0x65,0x00,0x00,0x00,0x00,
0x06,0x00,0x0a,0x00,0xb1,0x00,0x00,0x00,0x03,0x00,0x00,0x00,0x69,0x50,0x72,0x65,
0x76,0x69,0x6f,0x75,0x73,0x46,0x72,0x61,0x6d,0x65,0x55,0x70,0x73,0x63,0x61,0x6c,
0x65,0x53,0x69,0x7a,0x65,0x00,0x00,0x00,0x06,0x00,0x07,0x00,0xb1,0x00,0x00,0x00,
0x04,0x00,0x00,0x00,0x69,0x4d,0x61,0x78,0x52,0x65,0x6e,0x64,0x65,0x72,0x53,0x69,
0x7a,0x65,0x00,0x00,0x06,0x00,0x07,0x00,0xb1,0x00,0x00,0x00,0x05,0x00,0x00,0x00,
0x69,0x4d,0x61,0x78,0x55,0x70,0x73,0x63,0x61,0x6c,0x65,0x53,0x69,0x7a,0x65,0x00,
0x06,0x00,0x08,0x00,0xb1,0x00,0x00,0x00,0x06,0x00,0x00,0x00,0x66,0x44,0x65,0x76,
0x69,0x63,0x65,0x54,0x6f,0x56,0x69,0x65,0x77,0x44,0x65,0x70,0x74,0x68,0x00,0x00,
0x06,0x00,0x05,0x00,0xb1,0x00,0x00,0x00,0x07,0x00,0x00,0x00,0x66,0x4a,0x69,0x74,
0x74,0x65,0x72,0x00,0x06,0x00,0x09,0x00,0xb1,0x00,0x00,0x00,0x08,0x00,0x00,0x00,
0x66,0x50,0x72,0x65,0x76,0x69,0x6f,0x75,0x73,0x46,0x72,0x61,0x6d,0x65,0x4a,0x69,
0x74,0x74,0x65,0x72,0x00,0x00,0x00,0x00,0x06,0x00,0x08,0x00,0xb1,0x00,0x00,0x00,
0x09,0x00,0x00,0x00,0x66,0x4d,0x6f,0x74,0x69,0x6f,0x6e,0x56,0x65,0x63,0x74,0x6f,
0x72,0x53,0x63,0x61,0x6c,0x65,0x00,0x00,0x06,0x00,0x08,0x00,0xb1,0x00,0x00,0x00,
0x0a,0x00,0x00,0x00,0x66,0x44,0x6f,0x77,0x6e,0x73,0x63,0x61,0x6c,0x65,0x46,0x61,
0x63,0x74,0x6f,0x72,0x00,0x00,0x00,0x00,0x06,0x00,0x0b,0x00,0xb1,0x00,0x00,0x00,
0x0b,0x00,0x00,0x00,0x66,0x4d,0x6f,0x74,0x69,0x6f,0x6e,0x56,0x65,0x63,0x74,0x6f,
0x72,0x4a,0x69,0x74,0x74,0x65,0x72,0x43,0x61,0x6e,0x63,0x65,0x6c,0x6c,0x61,0x74,
0x69,0x6f,0x6e,0x00,0x06,0x00,0x06,0x00,0xb1,0x00,0x00,0x00,0x0c,0x00,0x00,0x00,
0x66,0x54,0x61,0x6e,0x48,0x61,0x6c,0x66,0x46,0x4f,0x56,0x00,0x06,0x00,0x09,0x00,
0xb1,0x00,0x00,0x00,0x0d,0x00,0x00,0x00,0x66,0x4a,0x69,0x74,0x74,0x65,0x72,0x53,
0x65,0x71,0x75,0x65,0x6e,0x63,0x65,0x4c,0x65,0x6e,0x67,0x74,0x68,0x00,0x00,0x00,
0x06,0x00,0x06,0x00,0xb1,0x00,0x00,0x00,0x0e,0x00,0x00,0x00,0x66,0x44,0x65,0x6c,
0x74,0x61,0x54,0x69,0x6d,0x65,0x00,0x00,0x06,0x00,0x08,0x00,0xb1,0x00,0x00,0x00,
0x0f,0x00,0x00,0x00,0x66,0x44,0x65,0x6c,0x74,0x61,0x50,0x72,0x65,0x45,0x78,0x70,
0x6f,0x73,0x75,0x72,0x65,0x00,0x00,0x00,0x06,0x00,0x0a,0x00,0xb1,0x00,0x00,0x00,
0x10,0x00,0x00,0x00,0x66,0x56,0x69,0x65,0x77,0x53,0x70,0x61,0x63,0x65,0x54,0x6f,
0x4d,0x65,0x74,0x65,0x72,0x73,0x46,0x61,0x63,0x74,0x6f,0x72,0x00,0x00,0x00,0x00,
0x06,0x00,0x06,0x00,0xb1,0x00,0x00,0x00,0x11,0x00,0x00,0x00,0x66,0x46,0x72,0x61,
0x6d,0x65,0x49,0x6e,0x64,0x65,0x78,0x00,0x06,0x00,0x07,0x00,0xb1,0x00,0x00,0x00,
0x12,0x00,0x00,0x00,0x66,0x56,0x65,0x6c,0x6f,0x63,0x69,0x74,0x79,0x46,0x61,0x63,
0x74,0x6f,0x72,0x00,0x06,0x00,0x08,0x00,0xb1,0x00,0x00,0x00,0x13,0x00,0x00,0x00,
0x66,0x52,0x65,0x61,0x63,0x74,0x69,0x76,0x65,0x6e,0x65,0x73,0x73,0x53,0x63,0x61,
0x6c,0x65,0x00,0x00,0x06,0x00,0x08,0x00,0xb1,0x00,0x00,0x00,0x14,0x00,0x00,0x00,
0x66,0x53,0x68,0x61,0x64,0x69,0x6e,0x67,0x43,0x68,0x61,0x6e,0x67,0x65,0x53,0x63,
0x61,0x6c,0x65,0x00,0x06,0x00,0x0a,0x00,0xb1,0x00,0x00,0x00,0x15,0x00,0x00,0x00,
0x66,0x41,0x63,0x63,0x75,0x6d,0x75,0x6c,0x61,0x74,0x69,0x6f,0x6e,0x41,0x64,0x64,
0x65,0x64,0x50,0x65,0x72,0x46,0x72,0x61,0x6d,0x65,0x00,0x00,0x06,0x00,0x0b,0x00,
0xb1,0x00,0x00,0x00,0x16,0x00,0x00,0x00,0x66,0x4d,0x69,0x6e,0x44,0x69,0x73,0x6f,
0x63,0x63,0x6c,0x75,0x73,0x69,0x6f,0x6e,0x41,0x63,0x63,0x75,0x6d,0x75,0x6c,0x61,
0x74,0x69,0x6f,0x6e,0x00,0x00,0x00,0x00,0x05,0x00,0x06,0x00,0xb3,0x00,0x00,0x00,
0x63,0x62,0x46,0x53,0x52,0x33,0x55,0x70,0x73,0x63,0x61,0x6c,0x65,0x72,0x00,0x00,
0x05,0x00,0x06,0x00,0xce,0x00,0x00,0x00,0x72,0x5f,0x69,0x6e,0x70,0x75,0x74,0x5f,
0x64,0x65,0x70,0x74,0x68,0x00,0x00,0x00,0x05,0x00,0x08,0x00,0xd6,0x00,0x00,0x00,
0x72,0x5f,0x69,0x6e,0x70,0x75,0x74,0x5f,0x63,0x6f,0x6c,0x6f,0x72,0x5f,0x6a,0x69,
0x74,0x74,0x65,0x72,0x65,0x64,0x00,0x00,0x05,0x00,0x08,0x00,0xde,0x00,0x00,0x00,
0x72,0x5f,0x69,0x6e,0x70,0x75,0x74,0x5f,0x6d,0x6f,0x74,0x69,0x6f,0x6e,0x5f,0x76,
0x65,0x63,0x74,0x6f,0x72,0x73,0x00,0x00,0x05,0x00,0x07,0x00,0xec,0x00,0x00,0x00,
0x72,0x77,0x5f,0x66,0x61,0x72,0x74,0x68,0x65,0x73,0x74,0x5f,0x64,0x65,0x70,0x74,
0x68,0x00,0x00,0x00,0x05,0x00,0x06,0x00,0xf1,0x00,0x00,0x00,0x72,0x77,0x5f,0x63,
0x75,0x72,0x72,0x65,0x6e,0x74,0x5f,0x6c,0x75,0x6d,0x61,0x00,0x05,0x00,0x0c,0x00,
0xfc,0x00,0x00,0x00,0x72,0x77,0x5f,0x72,0x65,0x63,0x6f,0x6e,0x73,0x74,0x72,0x75,
0x63,0x74,0x65,0x64,0x5f,0x70,0x72,0x65,0x76,0x69,0x6f,0x75,0x73,0x5f,0x6e,0x65,
0x61,0x72,0x65,0x73,0x74,0x5f,0x64,0x65,0x70,0x74,0x68,0x00,0x05,0x00,0x07,0x00,
0x05,0x01,0x00,0x00,0x72,0x77,0x5f,0x64,0x69,0x6c,0x61,0x74,0x65,0x64,0x5f,0x64,
0x65,0x70,0x74,0x68,0x00,0x00,0x00,0x00,0x05,0x00,0x09,0x00,0x0c,0x01,0x00,0x00,
0x72,0x77,0x5f,0x64,0x69,0x6c,0x61,0x74,0x65,0x64,0x5f,0x6d,0x6f,0x74,0x69,0x6f,
0x6e,0x5f,0x76,0x65,0x63,0x74,0x6f,0x72,0x73,0x00,0x00,0x00,0x05,0x00,0x08,0x00,
0x83,0x02,0x00,0x00,0x67,0x6c,0x5f,0x47,0x6c,0x6f,0x62,0x61,0x6c,0x49,0x6e,0x76,
0x6f,0x63,0x61,0x74,0x69,0x6f,0x6e,0x49,0x44,0x00,0x00,0x00,0x48,0x00,0x05,0x00,
0xb1,0x00,0x00,0x00,0x00,0x00,0x00,0x00,0x23,0x00,0x00,0x00,0x00,0x00,0x00,0x00,
0x48,0x00,0x05,0x00,0xb1,0x00,0x00,0x00,0x01,0x00,0x00,0x00,0x23,0x00,0x00,0x00,
0x08,0x00,0x00,0x00,0x48,0x00,0x05,0x00,0xb1,0x00,0x00,0x00,0x02,0x00,0x00,0x00,
0x23,0x00,0x00,0x00,0x10,0x00,0x00,0x00,0x48,0x00,0x05,0x00,0xb1,0x00,0x00,0x00,
0x03,0x00,0x00,0x00,0x23,0x00,0x00,0x00,0x18,0x00,0x00,0x00,0x48,0x00,0x05,0x00,
0xb1,0x00,0x00,0x00,0x04,0x00,0x00,0x00,0x23,0x00,0x00,0x00,0x20,0x00,0x00,0x00,
0x48,0x00,0x05,0x00,0xb1,0x00,0x00,0x00,0x05,0x00,0x00,0x00,0x23,0x00,0x00,0x00,
0x28,0x00,0x00,0x00,0x48,0x00,0x05,0x00,0xb1,0x00,0x00,0x00,0x06,0x00,0x00,0x00,
0x23,0x00,0x00,0x00,0x30,0x00,0x00,0x00,0x48,0x00,0x05,0x00,0xb1,0x00,0x00,0x00,
0x07,0x00,0x00,0x00,0x23,0x00,0x00,0x00,0x40,0x00,0x00,0x00,0x48,0x00,0x05,0x00,
0xb1,0x00,0x00,0x00,0x08,0x00,0x00,0x00,0x23,0x00,0x00,0x00,0x48,0x00,0x00,0x00,
0x48,0x00,0x05,0x00,0xb1,0x00,0x00,0x00,0x09,0x00,0x00,0x00,0x23,0x00,0x00,0x00,
0x50,0x00,0x00,0x00,0x48,0x00,0x05,0x00,0xb1,0x00,0x00,0x00,0x0a,0x00,0x00,0x00,
0x23,0x00,0x00,0x00,0x58,0x00,0x00,0x00,0x48,0x00,0x05,0x00,0xb1,0x00,0x00,0x00,
0x0b,0x00,0x00,0x00,0x23,0x00,0x00,0x00,0x60,0x00,0x00,0x00,0x48,0x00,0x05,0x00,
0xb1,0x00,0x00,0x00,0x0c,0x00,0x00,0x00,0x23,0x00,0x00,0x00,0x68,0x00,0x00,0x00,
0x48,0x00,0x05,0x00,0xb1,0x00,0x00,0x00,0x0d,0x00,0x00,0x00,0x23,0x00,0x00,0x00,
0x6c,0x00,0x00,0x00,0x48,0x00,0x05,0x00,0xb1,0x00,0x00,0x00,0x0e,0x00,0x00,0x00,
0x23,0x00,0x00,0x00,0x70,0x00,0x00,0x00,0x48,0x00,0x05,0x00,0xb1,0x00,0x00,0x00,
0x0f,0x00,0x00,0x00,0x23,0x00,0x00,0x00,0x74,0x00,0x00,0x00,0x48,0x00,0x05,0x00,
0xb1,0x00,0x00,0x00,0x10,0x00,0x00,0x00,0x23,0x00,0x00,0x00,0x78,0x00,0x00,0x00,
0x48,0x00,0x05,0x00,0xb1,0x00,0x00,0x00,0x11,0x00,0x00,0x00,0x23,0x00,0x00,0x00,
0x7c,0x00,0x00,0x00,0x48,0x00,0x05,0x00,0xb1,0x00,0x00,0x00,0x12,0x00,0x00,0x00,
0x23,0x00,0x00,0x00,0x80,0x00,0x00,0x00,0x48,0x00,0x05,0x00,0xb1,0x00,0x00,0x00,
0x13,0x00,0x00,0x00,0x23,0x00,0x00,0x00,0x84,0x00,0x00,0x00,0x48,0x00,0x05,0x00,
0xb1,0x00,0x00,0x00,0x14,0x00,0x00,0x00,0x23,0x00,0x00,0x00,0x88,0x00,0x00,0x00,
0x48,0x00,0x05,0x00,0xb1,0x00,0x00,0x00,0x15,0x00,0x00,0x00,0x23,0x00,0x00,0x00,
0x8c,0x00,0x00,0x00,0x48,0x00,0x05,0x00,0xb1,0x00,0x00,0x00,0x16,0x00,0x00,0x00,
0x23,0x00,0x00,0x00,0x90,0x00,0x00,0x00,0x47,0x00,0x03,0x00,0xb1,0x00,0x00,0x00,
0x02,0x00,0x00,0x00,0x47,0x00,0x04,0x00,0xb3,0x00,0x00,0x00,0x22,0x00,0x00,0x00,
0x00,0x00,0x00,0x00,0x47,0x00,0x04,0x00,0xb3,0x00,0x00,0x00,0x21,0x00,0x00,0x00,
0x08,0x00,0x00,0x00,0x47,0x00,0x04,0x00,0xce,0x00,0x00,0x00,0x22,0x00,0x00,0x00,
0x00,0x00,0x00,0x00,0x47,0x00,0x04,0x00,0xce,0x00,0x00,0x00,0x21,0x00,0x00,0x00,
0x01,0x00,0x00,0x00,0x47,0x00,0x04,0x00,0xd6,0x00,0x00,0x00,0x22,0x00,0x00,0x00,
0x00,0x00,0x00,0x00,0x47,0x00,0x04,0x00,0xd6,0x00,0x00,0x00,0x21,0x00,0x00,0x00,
0x02,0x00,0x00,0x00,0x47,0x00,0x04,0x00,0xde,0x00,0x00,0x00,0x22,0x00,0x00,0x00,
0x00,0x00,0x00,0x00,0x47,0x00,0x04,0x00,0xde,0x00,0x00,0x00,0x21,0x00,0x00,0x00,
0x00,0x00,0x00,0x00,0x47,0x00,0x04,0x00,0xec,0x00,0x00,0x00,0x22,0x00,0x00,0x00,
0x00,0x00,0x00,0x00,0x47,0x00,0x04,0x00,0xec,0x00,0x00,0x00,0x21,0x00,0x00,0x00,
0x06,0x00,0x00,0x00,0x47,0x00,0x04,0x00,0xf1,0x00,0x00,0x00,0x22,0x00,0x00,0x00,
0x00,0x00,0x00,0x00,0x47,0x00,0x04,0x00,0xf1,0x00,0x00,0x00,0x21,0x00,0x00,0x00,
0x07,0x00,0x00,0x00,0x47,0x00,0x04,0x00,0xfc,0x00,0x00,0x00,0x22,0x00,0x00,0x00,
0x00,0x00,0x00,0x00,0x47,0x00,0x04,0x00,0xfc,0x00,0x00,0x00,0x21,0x00,0x00,0x00,
0x05,0x00,0x00,0x00,0x47,0x00,0x04,0x00,0x05,0x01,0x00,0x00,0x22,0x00,0x00,0x00,
0x00,0x00,0x00,0x00,0x47,0x00,0x04,0x00,0x05,0x01,0x00,0x00,0x21,0x00,0x00,0x00,
0x04,0x00,0x00,0x00,0x47,0x00,0x03,0x00,0x05,0x01,0x00,0x00,0x19,0x00,0x00,0x00,
0x47,0x00,0x04,0x00,0x0c,0x01,0x00,0x00,0x22,0x00,0x00,0x00,0x00,0x00,0x00,0x00,
0x47,0x00,0x04,0x00,0x0c,0x01,0x00,0x00,0x21,0x00,0x00,0x00,0x03,0x00,0x00,0x00,
0x47,0x00,0x03,0x00,0x0c,0x01,0x00,0x00,0x19,0x00,0x00,0x00,0x47,0x00,0x04,0x00,
0x83,0x02,0x00,0x00,0x0b,0x00,0x00,0x00,0x1c,0x00,0x00,0x00,0x47,0x00,0x04,0x00,
0x97,0x02,0x00,0x00,0x0b,0x00,0x00,0x00,0x19,0x00,0x00,0x00,0x47,0x00,0x03,0x00,
0xcd,0x02,0x00,0x00,0x18,0x00,0x00,0x00,0x47,0x00,0x03,0x00,0xd2,0x02,0x00,0x00,
0x18,0x00,0x00,0x00,0x13,0x00,0x02,0x00,0x02,0x00,0x00,0x00,0x21,0x00,0x03,0x00,
0x03,0x00,0x00,0x00,0x02,0x00,0x00,0x00,0x16,0x00,0x03,0x00,0x06,0x00,0x00,0x00,
0x20,0x00,0x00,0x00,0x20,0x00,0x04,0x00,0x07,0x00,0x00,0x00,0x07,0x00,0x00,0x00,
0x06,0x00,0x00,0x00,0x17,0x00,0x04,0x00,0x12,0x00,0x00,0x00,0x06,0x00,0x00,0x00,
0x02,0x00,0x00,0x00,0x17,0x00,0x04,0x00,0x21,0x00,0x00,0x00,0x06,0x00,0x00,0x00,
0x03,0x00,0x00,0x00,0x15,0x00,0x04,0x00,0x28,0x00,0x00,0x00,0x20,0x00,0x00,0x00,
0x01,0x00,0x00,0x00,0x17,0x00,0x04,0x00,0x29,0x00,0x00,0x00,0x28,0x00,0x00,0x00,
0x02,0x00,0x00,0x00,0x17,0x00,0x04,0x00,0x2d,0x00,0x00,0x00,0x06,0x00,0x00,0x00,
0x04,0x00,0x00,0x00,0x20,0x00,0x04,0x00,0x37,0x00,0x00,0x00,0x07,0x00,0x00,0x00,
0x29,0x00,0x00,0x00,0x14,0x00,0x02,0x00,0x65,0x00,0x00,0x00,0x15,0x00,0x04,0x00,
0x71,0x00,0x00,0x00,0x20,0x00,0x00,0x00,0x00,0x00,0x00,0x00,0x2b,0x00,0x04,0x00,
0x71,0x00,0x00,0x00,0x72,0x00,0x00,0x00,0x04,0x00,0x00,0x00,0x1c,0x00,0x04,0x00,
0x73,0x00,0x00,0x00,0x29,0x00,0x00,0x00,0x72,0x00,0x00,0x00,0x1c,0x00,0x04,0x00,
0x74,0x00,0x00,0x00,0x06,0x00,0x00,0x00,0x72,0x00,0x00,0x00,0x2b,0x00,0x04,0x00,
0x06,0x00,0x00,0x00,0x99,0x00,0x00,0x00,0x00,0x00,0x00,0x00,0x2b,0x00,0x04,0x00,
0x06,0x00,0x00,0x00,0x9a,0x00,0x00,0x00,0x00,0x00,0x80,0x3f,0x1e,0x00,0x19,0x00,
0xb1,0x00,0x00,0x00,0x29,0x00,0x00,0x00,0x29,0x00,0x00,0x00,0x29,0x00,0x00,0x00,
0x29,0x00,0x00,0x00,0x29,0x00,0x00,0x00,0x29,0x00,0x00,0x00,0x2d,0x00,0x00,0x00,
0x12,0x00,0x00,0x00,0x12,0x00,0x00,0x00,0x12,0x00,0x00,0x00,0x12,0x00,0x00,0x00,
0x12,0x00,0x00,0x00,0x06,0x00,0x00,0x00,0x06,0x00,0x00,0x00,0x06,0x00,0x00,0x00,
0x06,0x00,0x00,0x00,0x06,0x00,0x00,0x00,0x06,0x00,0x00,0x00,0x06,0x00,0x00,0x00,
0x06,0x00,0x00,0x00,0x06,0x00,0x00,0x00,0x06,0x00,0x00,0x00,0x06,0x00,0x00,0x00,
0x20,0x00,0x04,0x00,0xb2,0x00,0x00,0x00,0x02,0x00,0x00,0x00,0xb1,0x00,0x00,0x00,
0x3b,0x00,0x04,0x00,0xb2,0x00,0x00,0x00,0xb3,0x00,0x00,0x00,0x02,0x00,0x00,0x00,
0x2b,0x00,0x04,0x00,0x28,0x00,0x00,0x00,0xb4,0x00,0x00,0x00,0x00,0x00,0x00,0x00,
0x20,0x00,0x04,0x00,0xb5,0x00,0x00,0x00,0x02,0x00,0x00,0x00,0x29,0x00,0x00,0x00,
0x2b,0x00,0x04,0x00,0x28,0x00,0x00,0x00,0xba,0x00,0x00,0x00,0x06,0x00,0x00,0x00,
0x20,0x00,0x04,0x00,0xbb,0x00,0x00,0x00,0x02,0x00,0x00,0x00,0x2d,0x00,0x00,0x00,
0x2b,0x00,0x04,0x00,0x28,0x00,0x00,0x00,0xc0,0x00,0x00,0x00,0x09,0x00,0x00,0x00,
0x20,0x00,0x04,0x00,0xc1,0x00,0x00,0x00,0x02,0x00,0x00,0x00,0x12,0x00,0x00,0x00,
0x2b,0x00,0x04,0x00,0x28,0x00,0x00,0x00,0xc6,0x00,0x00,0x00,0x10,0x00,0x00,0x00,
0x20,0x00,0x04,0x00,0xc7,0x00,0x00,0x00,0x02,0x00,0x00,0x00,0x06,0x00,0x00,0x00,
0x19,0x00,0x09,0x00,0xcc,0x00,0x00,0x00,0x06,0x00,0x00,0x00,0x01,0x00,0x00,0x00,
0x00,0x00,0x00,0x00,0x00,0x00,0x00,0x00,0x00,0x00,0x00,0x00,0x01,0x00,0x00,0x00,
0x00,0x00,0x00,0x00,0x20,0x00,0x04,0x00,0xcd,0x00,0x00,0x00,0x00,0x00,0x00,0x00,
0xcc,0x00,0x00,0x00,0x3b,0x00,0x04,0x00,0xcd,0x00,0x00,0x00,0xce,0x00,0x00,0x00,
0x00,0x00,0x00,0x00,0x2b,0x00,0x04,0x00,0x71,0x00,0x00,0x00,0xd2,0x00,0x00,0x00,
0x00,0x00,0x00,0x00,0x3b,0x00,0x04,0x00,0xcd,0x00,0x00,0x00,0xd6,0x00,0x00,0x00,
0x00,0x00,0x00,0x00,0x3b,0x00,0x04,0x00,0xcd,0x00,0x00,0x00,0xde,0x00,0x00,0x00,
0x00,0x00,0x00,0x00,0x19,0x00,0x09,0x00,0xea,0x00,0x00,0x00,0x06,0x00,0x00,0x00,
0x01,0x00,0x00,0x00,0x00,0x00,0x00,0x00,0x00,0x00,0x00,0x00,0x00,0x00,0x00,0x00,
0x02,0x00,0x00,0x00,0x09,0x00,0x00,0x00,0x20,0x00,0x04,0x00,0xeb,0x00,0x00,0x00,
0x00,0x00,0x00,0x00,0xea,0x00,0x00,0x00,0x3b,0x00,0x04,0x00,0xeb,0x00,0x00,0x00,
0xec,0x00,0x00,0x00,0x00,0x00,0x00,0x00,0x3b,0x00,0x04,0x00,0xeb,0x00,0x00,0x00,
0xf1,0x00,0x00,0x00,0x00,0x00,0x00,0x00,0x19,0x00,0x09,0x00,0xfa,0x00,0x00,0x00,
0x71,0x00,0x00,0x00,0x01,0x00,0x00,0x00,0x00,0x00,0x00,0x00,0x00,0x00,0x00,0x00,
0x00,0x00,0x00,0x00,0x02,0x00,0x00,0x00,0x21,0x00,0x00,0x00,0x20,0x00,0x04,0x00,
0xfb,0x00,0x00,0x00,0x00,0x00,0x00,0x00,0xfa,0x00,0x00,0x00,0x3b,0x00,0x04,0x00,
0xfb,0x00,0x00,0x00,0xfc,0x00,0x00,0x00,0x00,0x00,0x00,0x00,0x20,0x00,0x04,0x00,
0xff,0x00,0x00,0x00,0x0b,0x00,0x00,0x00,0x71,0x00,0x00,0x00,0x2b,0x00,0x04,0x00,
0x71,0x00,0x00,0x00,0x01,0x01,0x00,0x00,0x01,0x00,0x00,0x00,0x19,0x00,0x09,0x00,
0x03,0x01,0x00,0x00,0x06,0x00,0x00,0x00,0x01,0x00,0x00,0x00,0x00,0x00,0x00,0x00,
0x00,0x00,0x00,0x00,0x00,0x00,0x00,0x00,0x02,0x00,0x00,0x00,0x03,0x00,0x00,0x00,
0x20,0x00,0x04,0x00,0x04,0x01,0x00,0x00,0x00,0x00,0x00,0x00,0x03,0x01,0x00,0x00,
0x3b,0x00,0x04,0x00,0x04,0x01,0x00,0x00,0x05,0x01,0x00,0x00,0x00,0x00,0x00,0x00,
0x19,0x00,0x09,0x00,0x0a,0x01,0x00,0x00,0x06,0x00,0x00,0x00,0x01,0x00,0x00,0x00,
0x00,0x00,0x00,0x00,0x00,0x00,0x00,0x00,0x00,0x00,0x00,0x00,0x02,0x00,0x00,0x00,
0x07,0x00,0x00,0x00,0x20,0x00,0x04,0x00,0x0b,0x01,0x00,0x00,0x00,0x00,0x00,0x00,
0x0a,0x01,0x00,0x00,0x3b,0x00,0x04,0x00,0x0b,0x01,0x00,0x00,0x0c,0x01,0x00,0x00,
0x00,0x00,0x00,0x00,0x2b,0x00,0x04,0x00,0x06,0x00,0x00,0x00,0x13,0x01,0x00,0x00,
0x00,0x00,0x80,0x3e,0x2b,0x00,0x04,0x00,0x06,0x00,0x00,0x00,0x14,0x01,0x00,0x00,
0x00,0x00,0x40,0x3f,0x2b,0x00,0x04,0x00,0x06,0x00,0x00,0x00,0x21,0x01,0x00,0x00,
0x00,0x00,0x70,0x45,0x2b,0x00,0x04,0x00,0x06,0x00,0x00,0x00,0x22,0x01,0x00,0x00,
0x00,0x00,0x07,0x45,0x2c,0x00,0x05,0x00,0x12,0x00,0x00,0x00,0x23,0x01,0x00,0x00,
0x21,0x01,0x00,0x00,0x22,0x01,0x00,0x00,0x2b,0x00,0x04,0x00,0x06,0x00,0x00,0x00,
0x29,0x01,0x00,0x00,0xd0,0xb3,0x59,0x3e,0x2b,0x00,0x04,0x00,0x06,0x00,0x00,0x00,
0x2a,0x01,0x00,0x00,0x59,0x17,0x37,0x3f,0x2b,0x00,0x04,0x00,0x06,0x00,0x00,0x00,
0x2b,0x01,0x00,0x00,0x98,0xdd,0x93,0x3d,0x2c,0x00,0x06,0x00,0x21,0x00,0x00,0x00,
0x2c,0x01,0x00,0x00,0x29,0x01,0x00,0x00,0x2a,0x01,0x00,0x00,0x2b,0x01,0x00,0x00,
0x17,0x00,0x04,0x00,0x31,0x01,0x00,0x00,0x71,0x00,0x00,0x00,0x02,0x00,0x00,0x00,
0x17,0x00,0x04,0x00,0x35,0x01,0x00,0x00,0x65,0x00,0x00,0x00,0x02,0x00,0x00,0x00,
0x2b,0x00,0x04,0x00,0x06,0x00,0x00,0x00,0x52,0x01,0x00,0x00,0x00,0x00,0x00,0x3f,
0x2c,0x00,0x05,0x00,0x12,0x00,0x00,0x00,0x53,0x01,0x00,0x00,0x52,0x01,0x00,0x00,
0x52,0x01,0x00,0x00,0x2c,0x00,0x05,0x00,0x29,0x00,0x00,0x00,0x60,0x01,0x00,0x00,
0xb4,0x00,0x00,0x00,0xb4,0x00,0x00,0x00,0x2b,0x00,0x04,0x00,0x28,0x00,0x00,0x00,
0x62,0x01,0x00,0x00,0x01,0x00,0x00,0x00,0x2c,0x00,0x05,0x00,0x29,0x00,0x00,0x00,
0x63,0x01,0x00,0x00,0x62,0x01,0x00,0x00,0xb4,0x00,0x00,0x00,0x2c,0x00,0x05,0x00,
0x29,0x00,0x00,0x00,0x65,0x01,0x00,0x00,0xb4,0x00,0x00,0x00,0x62,0x01,0x00,0x00,
0x2c,0x00,0x05,0x00,0x29,0x00,0x00,0x00,0x68,0x01,0x00,0x00,0x62,0x01,0x00,0x00,
0x62,0x01,0x00,0x00,0x2b,0x00,0x04,0x00,0x06,0x00,0x00,0x00,0x8d,0x01,0x00,0x00,
0x00,0xe0,0x7f,0x47,0x2b,0x00,0x04,0x00,0x28,0x00,0x00,0x00,0xb7,0x01,0x00,0x00,
0x04,0x00,0x00,0x00,0x2b,0x00,0x04,0x00,0x06,0x00,0x00,0x00,0xc2,0x01,0x00,0x00,
0x68,0xe8,0x1f,0x3a,0x2b,0x00,0x04,0x00,0x71,0x00,0x00,0x00,0xe3,0x01,0x00,0x00,
0x09,0x00,0x00,0x00,0x1c,0x00,0x04,0x00,0xe4,0x01,0x00,0x00,0x29,0x00,0x00,0x00,
0xe3,0x01,0x00,0x00,0x2b,0x00,0x04,0x00,0x28,0x00,0x00,0x00,0xe5,0x01,0x00,0x00,
0xff,0xff,0xff,0xff,0x2c,0x00,0x05,0x00,0x29,0x00,0x00,0x00,0xe6,0x01,0x00,0x00,
0xb4,0x00,0x00,0x00,0xe5,0x01,0x00,0x00,0x2c,0x00,0x05,0x00,0x29,0x00,0x00,0x00,
0xe7,0x01,0x00,0x00,0xe5,0x01,0x00,0x00,0xb4,0x00,0x00,0x00,0x2c,0x00,0x05,0x00,
0x29,0x00,0x00,0x00,0xe8,0x01,0x00,0x00,0xe5,0x01,0x00,0x00,0x62,0x01,0x00,0x00,
0x2c,0x00,0x05,0x00,0x29,0x00,0x00,0x00,0xe9,0x01,0x00,0x00,0xe5,0x01,0x00,0x00,
0xe5,0x01,0x00,0x00,0x2c,0x00,0x05,0x00,0x29,0x00,0x00,0x00,0xea,0x01,0x00,0x00,
0x62,0x01,0x00,0x00,0xe5,0x01,0x00,0x00,0x2c,0x00,0x0c,0x00,0xe4,0x01,0x00,0x00,
0xeb,0x01,0x00,0x00,0x60,0x01,0x00,0x00,0x63,0x01,0x00,0x00,0x65,0x01,0x00,0x00,
0xe6,0x01,0x00,0x00,0xe7,0x01,0x00,0x00,0xe8,0x01,0x00,0x00,0x68,0x01,0x00,0x00,
0xe9,0x01,0x00,0x00,0xea,0x01,0x00,0x00,0x20,0x00,0x04,0x00,0xed,0x01,0x00,0x00,
0x07,0x00,0x00,0x00,0xe4,0x01,0x00,0x00,0x1c,0x00,0x04,0x00,0xf2,0x01,0x00,0x00,
0x06,0x00,0x00,0x00,0xe3,0x01,0x00,0x00,0x20,0x00,0x04,0x00,0xf3,0x01,0x00,0x00,
0x07,0x00,0x00,0x00,0xf2,0x01,0x00,0x00,0x2c,0x00,0x06,0x00,0x21,0x00,0x00,0x00,
0x41,0x02,0x00,0x00,0x99,0x00,0x00,0x00,0x99,0x00,0x00,0x00,0x99,0x00,0x00,0x00,
0x17,0x00,0x04,0x00,0x81,0x02,0x00,0x00,0x71,0x00,0x00,0x00,0x03,0x00,0x00,0x00,
0x20,0x00,0x04,0x00,0x82,0x02,0x00,0x00,0x01,0x00,0x00,0x00,0x81,0x02,0x00,0x00,
0x3b,0x00,0x04,0x00,0x82,0x02,0x00,0x00,0x83,0x02,0x00,0x00,0x01,0x00,0x00,0x00,
0x2b,0x00,0x04,0x00,0x71,0x00,0x00,0x00,0x96,0x02,0x00,0x00,0x08,0x00,0x00,0x00,
0x2c,0x00,0x06,0x00,0x81,0x02,0x00,0x00,0x97,0x02,0x00,0x00,0x96,0x02,0x00,0x00,
0x96,0x02,0x00,0x00,0x01,0x01,0x00,0x00,0x20,0x00,0x04,0x00,0x76,0x04,0x00,0x00,
0x07,0x00,0x00,0x00,0x73,0x00,0x00,0x00,0x20,0x00,0x04,0x00,0x78,0x04,0x00,0x00,
0x07,0x00,0x00,0x00,0x74,0x00,0x00,0x00,0x2b,0x00,0x04,0x00,0x06,0x00,0x00,0x00,
0xec,0x04,0x00,0x00,0x0a,0xd7,0x23,0x3c,0x2c,0x00,0x07,0x00,0x73,0x00,0x00,0x00,
0xee,0x04,0x00,0x00,0x60,0x01,0x00,0x00,0x63,0x01,0x00,0x00,0x65,0x01,0x00,0x00,
0x68,0x01,0x00,0x00,0x2b,0x00,0x04,0x00,0x06,0x00,0x00,0x00,0xef,0x04,0x00,0x00,
0x00,0x00,0x00,0xbf,0x2c,0x00,0x05,0x00,0x12,0x00,0x00,0x00,0xf0,0x04,0x00,0x00,
0xef,0x04,0x00,0x00,0xef,0x04,0x00,0x00,0x36,0x00,0x05,0x00,0x02,0x00,0x00,0x00,
0x04,0x00,0x00,0x00,0x00,0x00,0x00,0x00,0x03,0x00,0x00,0x00,0xf8,0x00,0x02,0x00,
0x05,0x00,0x00,0x00,0x3b,0x00,0x04,0x00,0x78,0x04,0x00,0x00,0x92,0x04,0x00,0x00,
0x07,0x00,0x00,0x00,0x3b,0x00,0x04,0x00,0x76,0x04,0x00,0x00,0x91,0x04,0x00,0x00,
0x07,0x00,0x00,0x00,0x3b,0x00,0x05,0x00,0xed,0x01,0x00,0x00,0xcd,0x02,0x00,0x00,
0x07,0x00,0x00,0x00,0xeb,0x01,0x00,0x00,0x3b,0x00,0x04,0x00,0xf3,0x01,0x00,0x00,
0xce,0x02,0x00,0x00,0x07,0x00,0x00,0x00,0x3b,0x00,0x05,0x00,0xed,0x01,0x00,0x00,
0xd2,0x02,0x00,0x00,0x07,0x00,0x00,0x00,0xeb,0x01,0x00,0x00,0x3d,0x00,0x04,0x00,
0x81,0x02,0x00,0x00,0x84,0x02,0x00,0x00,0x83,0x02,0x00,0x00,0x4f,0x00,0x07,0x00,
0x31,0x01,0x00,0x00,0x85,0x02,0x00,0x00,0x84,0x02,0x00,0x00,0x84,0x02,0x00,0x00,
0x00,0x00,0x00,0x00,0x01,0x00,0x00,0x00,0x7c,0x00,0x04,0x00,0x29,0x00,0x00,0x00,
0x86,0x02,0x00,0x00,0x85,0x02,0x00,0x00,0x3e,0x00,0x03,0x00,0xcd,0x02,0x00,0x00,
0xeb,0x01,0x00,0x00,0x3e,0x00,0x03,0x00,0xd2,0x02,0x00,0x00,0xeb,0x01,0x00,0x00,
0xf9,0x00,0x02,0x00,0xda,0x02,0x00,0x00,0xf8,0x00,0x02,0x00,0xda,0x02,0x00,0x00,
0xf5,0x00,0x07,0x00,0x28,0x00,0x00,0x00,0xf1,0x04,0x00,0x00,0xb4,0x00,0x00,0x00,
0x05,0x00,0x00,0x00,0xea,0x02,0x00,0x00,0xde,0x02,0x00,0x00,0xb1,0x00,0x05,0x00,
0x65,0x00,0x00,0x00,0xdd,0x02,0x00,0x00,0xf1,0x04,0x00,0x00,0xc0,0x00,0x00,0x00,
0xf6,0x00,0x04,0x00,0xeb,0x02,0x00,0x00,0xde,0x02,0x00,0x00,0x00,0x00,0x00,0x00,
0xfa,0x00,0x04,0x00,0xdd,0x02,0x00,0x00,0xde,0x02,0x00,0x00,0xeb,0x02,0x00,0x00,
0xf8,0x00,0x02,0x00,0xde,0x02,0x00,0x00,0x41,0x00,0x05,0x00,0x37,0x00,0x00,0x00,
0xe1,0x02,0x00,0x00,0xcd,0x02,0x00,0x00,0xf1,0x04,0x00,0x00,0x3d,0x00,0x04,0x00,
0x29,0x00,0x00,0x00,0xe2,0x02,0x00,0x00,0xe1,0x02,0x00,0x00,0x80,0x00,0x05,0x00,
0x29,0x00,0x00,0x00,0xe3,0x02,0x00,0x00,0x86,0x02,0x00,0x00,0xe2,0x02,0x00,0x00,
0x3d,0x00,0x04,0x00,0xcc,0x00,0x00,0x00,0x1c,0x03,0x00,0x00,0xce,0x00,0x00,0x00,
0x5f,0x00,0x07,0x00,0x2d,0x00,0x00,0x00,0x1e,0x03,0x00,0x00,0x1c,0x03,0x00,0x00,
0xe3,0x02,0x00,0x00,0x02,0x00,0x00,0x00,0xb4,0x00,0x00,0x00,0x51,0x00,0x05,0x00,
0x06,0x00,0x00,0x00,0x1f,0x03,0x00,0x00,0x1e,0x03,0x00,0x00,0x00,0x00,0x00,0x00,
0x41,0x00,0x05,0x00,0x07,0x00,0x00,0x00,0xe7,0x02,0x00,0x00,0xce,0x02,0x00,0x00,
0xf1,0x04,0x00,0x00,0x3e,0x00,0x03,0x00,0xe7,0x02,0x00,0x00,0x1f,0x03,0x00,0x00,
0x80,0x00,0x05,0x00,0x28,0x00,0x00,0x00,0xea,0x02,0x00,0x00,0xf1,0x04,0x00,0x00,
0x62,0x01,0x00,0x00,0xf9,0x00,0x02,0x00,0xda,0x02,0x00,0x00,0xf8,0x00,0x02,0x00,
0xeb,0x02,0x00,0x00,0x41,0x00,0x05,0x00,0x07,0x00,0x00,0x00,0xee,0x02,0x00,0x00,
0xce,0x02,0x00,0x00,0xb4,0x00,0x00,0x00,0x3d,0x00,0x04,0x00,0x06,0x00,0x00,0x00,
0xef,0x02,0x00,0x00,0xee,0x02,0x00,0x00,0x3d,0x00,0x04,0x00,0x06,0x00,0x00,0x00,
0xf2,0x02,0x00,0x00,0xee,0x02,0x00,0x00,0xf9,0x00,0x02,0x00,0xf4,0x02,0x00,0x00,
0xf8,0x00,0x02,0x00,0xf4,0x02,0x00,0x00,0xf5,0x00,0x07,0x00,0x06,0x00,0x00,0x00,
0xf5,0x04,0x00,0x00,0xef,0x02,0x00,0x00,0xeb,0x02,0x00,0x00,0xff,0x04,0x00,0x00,
0x15,0x03,0x00,0x00,0xf5,0x00,0x07,0x00,0x29,0x00,0x00,0x00,0xf4,0x04,0x00,0x00,
0x86,0x02,0x00,0x00,0xeb,0x02,0x00,0x00,0xfd,0x04,0x00,0x00,0x15,0x03,0x00,0x00,
0xf5,0x00,0x07,0x00,0x06,0x00,0x00,0x00,0xf3,0x04,0x00,0x00,0xf2,0x02,0x00,0x00,
0xeb,0x02,0x00,0x00,0xfb,0x04,0x00,0x00,0x15,0x03,0x00,0x00,0xf5,0x00,0x07,0x00,
0x28,0x00,0x00,0x00,0xf2,0x04,0x00,0x00,0x62,0x01,0x00,0x00,0xeb,0x02,0x00,0x00,
0x17,0x03,0x00,0x00,0x15,0x03,0x00,0x00,0xb1,0x00,0x05,0x00,0x65,0x00,0x00,0x00,
0xf7,0x02,0x00,0x00,0xf2,0x04,0x00,0x00,0xc0,0x00,0x00,0x00,0xf6,0x00,0x04,0x00,
0x18,0x03,0x00,0x00,0x15,0x03,0x00,0x00,0x00,0x00,0x00,0x00,0xfa,0x00,0x04,0x00,
0xf7,0x02,0x00,0x00,0xf8,0x02,0x00,0x00,0x18,0x03,0x00,0x00,0xf8,0x00,0x02,0x00,
0xf8,0x02,0x00,0x00,0x41,0x00,0x05,0x00,0x37,0x00,0x00,0x00,0xfb,0x02,0x00,0x00,
0xd2,0x02,0x00,0x00,0xf2,0x04,0x00,0x00,0x3d,0x00,0x04,0x00,0x29,0x00,0x00,0x00,
0xfc,0x02,0x00,0x00,0xfb,0x02,0x00,0x00,0x80,0x00,0x05,0x00,0x29,0x00,0x00,0x00,
0xfd,0x02,0x00,0x00,0x86,0x02,0x00,0x00,0xfc,0x02,0x00,0x00,0x41,0x00,0x05,0x00,
0xb5,0x00,0x00,0x00,0x22,0x03,0x00,0x00,0xb3,0x00,0x00,0x00,0xb4,0x00,0x00,0x00,
0x3d,0x00,0x04,0x00,0x29,0x00,0x00,0x00,0x23,0x03,0x00,0x00,0x22,0x03,0x00,0x00,
0x7c,0x00,0x04,0x00,0x31,0x01,0x00,0x00,0x28,0x03,0x00,0x00,0xfd,0x02,0x00,0x00,
0x7c,0x00,0x04,0x00,0x31,0x01,0x00,0x00,0x2a,0x03,0x00,0x00,0x23,0x03,0x00,0x00,
0xb0,0x00,0x05,0x00,0x35,0x01,0x00,0x00,0x2b,0x03,0x00,0x00,0x28,0x03,0x00,0x00,
0x2a,0x03,0x00,0x00,0x9b,0x00,0x04,0x00,0x65,0x00,0x00,0x00,0x2c,0x03,0x00,0x00,
0x2b,0x03,0x00,0x00,0xf7,0x00,0x03,0x00,0x14,0x03,0x00,0x00,0x00,0x00,0x00,0x00,
0xfa,0x00,0x04,0x00,0x2c,0x03,0x00,0x00,0x01,0x03,0x00,0x00,0x14,0x03,0x00,0x00,
0xf8,0x00,0x02,0x00,0x01,0x03,0x00,0x00,0x41,0x00,0x05,0x00,0x07,0x00,0x00,0x00,
0x03,0x03,0x00,0x00,0xce,0x02,0x00,0x00,0xf2,0x04,0x00,0x00,0x3d,0x00,0x04,0x00,
0x06,0x00,0x00,0x00,0x04,0x03,0x00,0x00,0x03,0x03,0x00,0x00,0xb8,0x00,0x05,0x00,
0x65,0x00,0x00,0x00,0x08,0x03,0x00,0x00,0x04,0x03,0x00,0x00,0xf5,0x04,0x00,0x00,
0xf7,0x00,0x03,0x00,0x13,0x03,0x00,0x00,0x00,0x00,0x00,0x00,0xfa,0x00,0x04,0x00,
0x08,0x03,0x00,0x00,0x09,0x03,0x00,0x00,0x13,0x03,0x00,0x00,0xf8,0x00,0x02,0x00,
0x09,0x03,0x00,0x00,0x0c,0x00,0x07,0x00,0x06,0x00,0x00,0x00,0x31,0x03,0x00,0x00,
0x01,0x00,0x00,0x00,0x28,0x00,0x00,0x00,0xf3,0x04,0x00,0x00,0x04,0x03,0x00,0x00,
0xf9,0x00,0x02,0x00,0x13,0x03,0x00,0x00,0xf8,0x00,0x02,0x00,0x13,0x03,0x00,0x00,
0xf5,0x00,0x07,0x00,0x06,0x00,0x00,0x00,0xfc,0x04,0x00,0x00,0xf3,0x04,0x00,0x00,
0x01,0x03,0x00,0x00,0x31,0x03,0x00,0x00,0x09,0x03,0x00,0x00,0xa9,0x00,0x06,0x00,
0x06,0x00,0x00,0x00,0x01,0x05,0x00,0x00,0x08,0x03,0x00,0x00,0x04,0x03,0x00,0x00,
0xf5,0x04,0x00,0x00,0x50,0x00,0x05,0x00,0x35,0x01,0x00,0x00,0x02,0x05,0x00,0x00,
0x08,0x03,0x00,0x00,0x08,0x03,0x00,0x00,0xa9,0x00,0x06,0x00,0x29,0x00,0x00,0x00,
0x03,0x05,0x00,0x00,0x02,0x05,0x00,0x00,0xfd,0x02,0x00,0x00,0xf4,0x04,0x00,0x00,
0xf9,0x00,0x02,0x00,0x14,0x03,0x00,0x00,0xf8,0x00,0x02,0x00,0x14,0x03,0x00,0x00,
0xf5,0x00,0x07,0x00,0x06,0x00,0x00,0x00,0xff,0x04,0x00,0x00,0xf5,0x04,0x00,0x00,
0xf8,0x02,0x00,0x00,0x01,0x05,0x00,0x00,0x13,0x03,0x00,0x00,0xf5,0x00,0x07,0x00,
0x29,0x00,0x00,0x00,0xfd,0x04,0x00,0x00,0xf4,0x04,0x00,0x00,0xf8,0x02,0x00,0x00,
0x03,0x05,0x00,0x00,0x13,0x03,0x00,0x00,0xf5,0x00,0x07,0x00,0x06,0x00,0x00,0x00,
0xfb,0x04,0x00,0x00,0xf3,0x04,0x00,0x00,0xf8,0x02,0x00,0x00,0xfc,0x04,0x00,0x00,
0x13,0x03,0x00,0x00,0xf9,0x00,0x02,0x00,0x15,0x03,0x00,0x00,0xf8,0x00,0x02,0x00,
0x15,0x03,0x00,0x00,0x80,0x00,0x05,0x00,0x28,0x00,0x00,0x00,0x17,0x03,0x00,0x00,
0xf2,0x04,0x00,0x00,0x62,0x01,0x00,0x00,0xf9,0x00,0x02,0x00,0xf4,0x02,0x00,0x00,
0xf8,0x00,0x02,0x00,0x18,0x03,0x00,0x00,0x3d,0x00,0x04,0x00,0xcc,0x00,0x00,0x00,
0x41,0x03,0x00,0x00,0xde,0x00,0x00,0x00,0x5f,0x00,0x07,0x00,0x2d,0x00,0x00,0x00,
0x43,0x03,0x00,0x00,0x41,0x03,0x00,0x00,0xf4,0x04,0x00,0x00,0x02,0x00,0x00,0x00,
0xb4,0x00,0x00,0x00,0x4f,0x00,0x07,0x00,0x12,0x00,0x00,0x00,0x44,0x03,0x00,0x00,
0x43,0x03,0x00,0x00,0x43,0x03,0x00,0x00,0x00,0x00,0x00,0x00,0x01,0x00,0x00,0x00,
0x41,0x00,0x05,0x00,0xc1,0x00,0x00,0x00,0x4b,0x03,0x00,0x00,0xb3,0x00,0x00,0x00,
0xc0,0x00,0x00,0x00,0x3d,0x00,0x04,0x00,0x12,0x00,0x00,0x00,0x4c,0x03,0x00,0x00,
0x4b,0x03,0x00,0x00,0x85,0x00,0x05,0x00,0x12,0x00,0x00,0x00,0x47,0x03,0x00,0x00,
0x44,0x03,0x00,0x00,0x4c,0x03,0x00,0x00,0x41,0x00,0x05,0x00,0xbb,0x00,0x00,0x00,
0xae,0x03,0x00,0x00,0xb3,0x00,0x00,0x00,0xba,0x00,0x00,0x00,0x3d,0x00,0x04,0x00,
0x2d,0x00,0x00,0x00,0xaf,0x03,0x00,0x00,0xae,0x03,0x00,0x00,0x51,0x00,0x05,0x00,
0x06,0x00,0x00,0x00,0xa6,0x03,0x00,0x00,0xaf,0x03,0x00,0x00,0x01,0x00,0x00,0x00,
0x51,0x00,0x05,0x00,0x06,0x00,0x00,0x00,0xa9,0x03,0x00,0x00,0xaf,0x03,0x00,0x00,
0x00,0x00,0x00,0x00,0x83,0x00,0x05,0x00,0x06,0x00,0x00,0x00,0xaa,0x03,0x00,0x00,
0xf5,0x04,0x00,0x00,0xa9,0x03,0x00,0x00,0x88,0x00,0x05,0x00,0x06,0x00,0x00,0x00,
0xab,0x03,0x00,0x00,0xa6,0x03,0x00,0x00,0xaa,0x03,0x00,0x00,0x41,0x00,0x05,0x00,
0xc7,0x00,0x00,0x00,0xb2,0x03,0x00,0x00,0xb3,0x00,0x00,0x00,0xc6,0x00,0x00,0x00,
0x3d,0x00,0x04,0x00,0x06,0x00,0x00,0x00,0xb3,0x03,0x00,0x00,0xb2,0x03,0x00,0x00,
0x85,0x00,0x05,0x00,0x06,0x00,0x00,0x00,0xa0,0x03,0x00,0x00,0xab,0x03,0x00,0x00,
0xb3,0x03,0x00,0x00,0x0c,0x00,0x07,0x00,0x06,0x00,0x00,0x00,0xb8,0x03,0x00,0x00,
0x01,0x00,0x00,0x00,0x25,0x00,0x00,0x00,0xa0,0x03,0x00,0x00,0x8d,0x01,0x00,0x00,
0x85,0x00,0x05,0x00,0x06,0x00,0x00,0x00,0xc0,0x03,0x00,0x00,0xb8,0x03,0x00,0x00,
0xec,0x04,0x00,0x00,0x0c,0x00,0x08,0x00,0x06,0x00,0x00,0x00,0xc6,0x03,0x00,0x00,
0x01,0x00,0x00,0x00,0x2b,0x00,0x00,0x00,0xc0,0x03,0x00,0x00,0x99,0x00,0x00,0x00,
0x9a,0x00,0x00,0x00,0x0c,0x00,0x08,0x00,0x06,0x00,0x00,0x00,0xcc,0x03,0x00,0x00,
0x01,0x00,0x00,0x00,0x2e,0x00,0x00,0x00,0x13,0x01,0x00,0x00,0x14,0x01,0x00,0x00,
0xc6,0x03,0x00,0x00,0x85,0x00,0x05,0x00,0x12,0x00,0x00,0x00,0xd0,0x03,0x00,0x00,
0x47,0x03,0x00,0x00,0x23,0x01,0x00,0x00,0x0c,0x00,0x06,0x00,0x06,0x00,0x00,0x00,
0xd1,0x03,0x00,0x00,0x01,0x00,0x00,0x00,0x42,0x00,0x00,0x00,0xd0,0x03,0x00,0x00,
0xba,0x00,0x05,0x00,0x65,0x00,0x00,0x00,0x6a,0x03,0x00,0x00,0xd1,0x03,0x00,0x00,
0xcc,0x03,0x00,0x00,0xa9,0x00,0x06,0x00,0x06,0x00,0x00,0x00,0x6b,0x03,0x00,0x00,
0x6a,0x03,0x00,0x00,0x9a,0x00,0x00,0x00,0x99,0x00,0x00,0x00,0x8e,0x00,0x05,0x00,
0x12,0x00,0x00,0x00,0x6d,0x03,0x00,0x00,0x47,0x03,0x00,0x00,0x6b,0x03,0x00,0x00,
0x6f,0x00,0x04,0x00,0x12,0x00,0x00,0x00,0x6f,0x03,0x00,0x00,0x86,0x02,0x00,0x00,
0x81,0x00,0x05,0x00,0x12,0x00,0x00,0x00,0x71,0x03,0x00,0x00,0x6f,0x03,0x00,0x00,
0x53,0x01,0x00,0x00,0x41,0x00,0x05,0x00,0xb5,0x00,0x00,0x00,0xd4,0x03,0x00,0x00,
0xb3,0x00,0x00,0x00,0xb4,0x00,0x00,0x00,0x3d,0x00,0x04,0x00,0x29,0x00,0x00,0x00,
0xd5,0x03,0x00,0x00,0xd4,0x03,0x00,0x00,0x6f,0x00,0x04,0x00,0x12,0x00,0x00,0x00,
0x73,0x03,0x00,0x00,0xd5,0x03,0x00,0x00,0x88,0x00,0x05,0x00,0x12,0x00,0x00,0x00,
0x74,0x03,0x00,0x00,0x71,0x03,0x00,0x00,0x73,0x03,0x00,0x00,0x81,0x00,0x05,0x00,
0x12,0x00,0x00,0x00,0x77,0x03,0x00,0x00,0x74,0x03,0x00,0x00,0x6d,0x03,0x00,0x00,
0x0c,0x00,0x08,0x00,0x12,0x00,0x00,0x00,0xe4,0x03,0x00,0x00,0x01,0x00,0x00,0x00,
0x32,0x00,0x00,0x00,0x77,0x03,0x00,0x00,0x73,0x03,0x00,0x00,0xf0,0x04,0x00,0x00,
0x0c,0x00,0x06,0x00,0x12,0x00,0x00,0x00,0xe6,0x03,0x00,0x00,0x01,0x00,0x00,0x00,
0x08,0x00,0x00,0x00,0xe4,0x03,0x00,0x00,0x6e,0x00,0x04,0x00,0x29,0x00,0x00,0x00,
0xe7,0x03,0x00,0x00,0xe6,0x03,0x00,0x00,0x0c,0x00,0x06,0x00,0x12,0x00,0x00,0x00,
0x0f,0x04,0x00,0x00,0x01,0x00,0x00,0x00,0x0a,0x00,0x00,0x00,0xe4,0x03,0x00,0x00,
0x51,0x00,0x05,0x00,0x06,0x00,0x00,0x00,0xf0,0x03,0x00,0x00,0x0f,0x04,0x00,0x00,
0x00,0x00,0x00,0x00,0x83,0x00,0x05,0x00,0x06,0x00,0x00,0x00,0xf1,0x03,0x00,0x00,
0x9a,0x00,0x00,0x00,0xf0,0x03,0x00,0x00,0x51,0x00,0x05,0x00,0x06,0x00,0x00,0x00,
0xf3,0x03,0x00,0x00,0x0f,0x04,0x00,0x00,0x01,0x00,0x00,0x00,0x83,0x00,0x05,0x00,
0x06,0x00,0x00,0x00,0xf4,0x03,0x00,0x00,0x9a,0x00,0x00,0x00,0xf3,0x03,0x00,0x00,
0x85,0x00,0x05,0x00,0x06,0x00,0x00,0x00,0xf5,0x03,0x00,0x00,0xf1,0x03,0x00,0x00,
0xf4,0x03,0x00,0x00,0x85,0x00,0x05,0x00,0x06,0x00,0x00,0x00,0xfc,0x03,0x00,0x00,
0xf0,0x03,0x00,0x00,0xf4,0x03,0x00,0x00,0x85,0x00,0x05,0x00,0x06,0x00,0x00,0x00,
0x03,0x04,0x00,0x00,0xf1,0x03,0x00,0x00,0xf3,0x03,0x00,0x00,0x85,0x00,0x05,0x00,
0x06,0x00,0x00,0x00,0x09,0x04,0x00,0x00,0xf0,0x03,0x00,0x00,0xf3,0x03,0x00,0x00,
0x50,0x00,0x07,0x00,0x74,0x00,0x00,0x00,0xdf,0x04,0x00,0x00,0xf5,0x03,0x00,0x00,
0xfc,0x03,0x00,0x00,0x03,0x04,0x00,0x00,0x09,0x04,0x00,0x00,0x3e,0x00,0x03,0x00,
0x91,0x04,0x00,0x00,0xee,0x04,0x00,0x00,0x3e,0x00,0x03,0x00,0x92,0x04,0x00,0x00,
0xdf,0x04,0x00,0x00,0xf9,0x00,0x02,0x00,0x7b,0x03,0x00,0x00,0xf8,0x00,0x02,0x00,
0x7b,0x03,0x00,0x00,0xf5,0x00,0x07,0x00,0x28,0x00,0x00,0x00,0xf6,0x04,0x00,0x00,
0xb4,0x00,0x00,0x00,0x18,0x03,0x00,0x00,0x98,0x03,0x00,0x00,0x96,0x03,0x00,0x00,
0xb1,0x00,0x05,0x00,0x65,0x00,0x00,0x00,0x7e,0x03,0x00,0x00,0xf6,0x04,0x00,0x00,
0xb7,0x01,0x00,0x00,0xf6,0x00,0x04,0x00,0x99,0x03,0x00,0x00,0x96,0x03,0x00,0x00,
0x00,0x00,0x00,0x00,0xfa,0x00,0x04,0x00,0x7e,0x03,0x00,0x00,0x7f,0x03,0x00,0x00,
0x99,0x03,0x00,0x00,0xf8,0x00,0x02,0x00,0x7f,0x03,0x00,0x00,0x41,0x00,0x05,0x00,
0x37,0x00,0x00,0x00,0x97,0x04,0x00,0x00,0x91,0x04,0x00,0x00,0xf6,0x04,0x00,0x00,
0x3d,0x00,0x04,0x00,0x29,0x00,0x00,0x00,0x82,0x03,0x00,0x00,0x97,0x04,0x00,0x00,
0x41,0x00,0x05,0x00,0x07,0x00,0x00,0x00,0x98,0x04,0x00,0x00,0x92,0x04,0x00,0x00,
0xf6,0x04,0x00,0x00,0x3d,0x00,0x04,0x00,0x06,0x00,0x00,0x00,0x85,0x03,0x00,0x00,
0x98,0x04,0x00,0x00,0xba,0x00,0x05,0x00,0x65,0x00,0x00,0x00,0x87,0x03,0x00,0x00,
0x85,0x03,0x00,0x00,0xc2,0x01,0x00,0x00,0xf7,0x00,0x03,0x00,0x95,0x03,0x00,0x00,
0x00,0x00,0x00,0x00,0xfa,0x00,0x04,0x00,0x87,0x03,0x00,0x00,0x88,0x03,0x00,0x00,
0x95,0x03,0x00,0x00,0xf8,0x00,0x02,0x00,0x88,0x03,0x00,0x00,0x80,0x00,0x05,0x00,
0x29,0x00,0x00,0x00,0x8c,0x03,0x00,0x00,0xe7,0x03,0x00,0x00,0x82,0x03,0x00,0x00,
0x7c,0x00,0x04,0x00,0x31,0x01,0x00,0x00,0x17,0x04,0x00,0x00,0x8c,0x03,0x00,0x00,
0x7c,0x00,0x04,0x00,0x31,0x01,0x00,0x00,0x19,0x04,0x00,0x00,0xd5,0x03,0x00,0x00,
0xb0,0x00,0x05,0x00,0x35,0x01,0x00,0x00,0x1a,0x04,0x00,0x00,0x17,0x04,0x00,0x00,
0x19,0x04,0x00,0x00,0x9b,0x00,0x04,0x00,0x65,0x00,0x00,0x00,0x1b,0x04,0x00,0x00,
0x1a,0x04,0x00,0x00,0xf7,0x00,0x03,0x00,0x94,0x03,0x00,0x00,0x00,0x00,0x00,0x00,
0xfa,0x00,0x04,0x00,0x1b,0x04,0x00,0x00,0x90,0x03,0x00,0x00,0x94,0x03,0x00,0x00,
0xf8,0x00,0x02,0x00,0x90,0x03,0x00,0x00,0x7c,0x00,0x04,0x00,0x71,0x00,0x00,0x00,
0x1f,0x04,0x00,0x00,0xf5,0x04,0x00,0x00,0x3c,0x00,0x06,0x00,0xff,0x00,0x00,0x00,
0x22,0x04,0x00,0x00,0xfc,0x00,0x00,0x00,0x8c,0x03,0x00,0x00,0xd2,0x00,0x00,0x00,
0xed,0x00,0x07,0x00,0x71,0x00,0x00,0x00,0x23,0x04,0x00,0x00,0x22,0x04,0x00,0x00,
0x01,0x01,0x00,0x00,0xd2,0x00,0x00,0x00,0x1f,0x04,0x00,0x00,0xf9,0x00,0x02,0x00,
0x94,0x03,0x00,0x00,0xf8,0x00,0x02,0x00,0x94,0x03,0x00,0x00,0xf9,0x00,0x02,0x00,
0x95,0x03,0x00,0x00,0xf8,0x00,0x02,0x00,0x95,0x03,0x00,0x00,0xf9,0x00,0x02,0x00,
0x96,0x03,0x00,0x00,0xf8,0x00,0x02,0x00,0x96,0x03,0x00,0x00,0x80,0x00,0x05,0x00,
0x28,0x00,0x00,0x00,0x98,0x03,0x00,0x00,0xf6,0x04,0x00,0x00,0x62,0x01,0x00,0x00,
0xf9,0x00,0x02,0x00,0x7b,0x03,0x00,0x00,0xf8,0x00,0x02,0x00,0x99,0x03,0x00,0x00,
0x3d,0x00,0x04,0x00,0x0a,0x01,0x00,0x00,0x25,0x04,0x00,0x00,0x0c,0x01,0x00,0x00,
0x51,0x00,0x05,0x00,0x06,0x00,0x00,0x00,0x28,0x04,0x00,0x00,0x47,0x03,0x00,0x00,
0x00,0x00,0x00,0x00,0x51,0x00,0x05,0x00,0x06,0x00,0x00,0x00,0x29,0x04,0x00,0x00,
0x47,0x03,0x00,0x00,0x01,0x00,0x00,0x00,0x50,0x00,0x07,0x00,0x2d,0x00,0x00,0x00,
0x2a,0x04,0x00,0x00,0x28,0x04,0x00,0x00,0x29,0x04,0x00,0x00,0x99,0x00,0x00,0x00,
0x99,0x00,0x00,0x00,0x63,0x00,0x04,0x00,0x25,0x04,0x00,0x00,0x86,0x02,0x00,0x00,
0x2a,0x04,0x00,0x00,0x3d,0x00,0x04,0x00,0x03,0x01,0x00,0x00,0x2c,0x04,0x00,0x00,
0x05,0x01,0x00,0x00,0x50,0x00,0x07,0x00,0x2d,0x00,0x00,0x00,0x2f,0x04,0x00,0x00,
0xf5,0x04,0x00,0x00,0x99,0x00,0x00,0x00,0x99,0x00,0x00,0x00,0x99,0x00,0x00,0x00,
0x63,0x00,0x04,0x00,0x2c,0x04,0x00,0x00,0x86,0x02,0x00,0x00,0x2f,0x04,0x00,0x00,
0x83,0x00,0x05,0x00,0x06,0x00,0x00,0x00,0x40,0x04,0x00,0x00,0xf3,0x04,0x00,0x00,
0xa9,0x03,0x00,0x00,0x88,0x00,0x05,0x00,0x06,0x00,0x00,0x00,0x41,0x04,0x00,0x00,
0xa6,0x03,0x00,0x00,0x40,0x04,0x00,0x00,0x85,0x00,0x05,0x00,0x06,0x00,0x00,0x00,
0x36,0x04,0x00,0x00,0x41,0x04,0x00,0x00,0xb3,0x03,0x00,0x00,0x0c,0x00,0x07,0x00,
0x06,0x00,0x00,0x00,0x4e,0x04,0x00,0x00,0x01,0x00,0x00,0x00,0x25,0x00,0x00,0x00,
0x36,0x04,0x00,0x00,0x8d,0x01,0x00,0x00,0x3d,0x00,0x04,0x00,0xea,0x00,0x00,0x00,
0x50,0x04,0x00,0x00,0xec,0x00,0x00,0x00,0x50,0x00,0x07,0x00,0x2d,0x00,0x00,0x00,
0x53,0x04,0x00,0x00,0x4e,0x04,0x00,0x00,0x99,0x00,0x00,0x00,0x99,0x00,0x00,0x00,
0x99,0x00,0x00,0x00,0x63,0x00,0x04,0x00,0x50,0x04,0x00,0x00,0x86,0x02,0x00,0x00,
0x53,0x04,0x00,0x00,0x3d,0x00,0x04,0x00,0xcc,0x00,0x00,0x00,0x64,0x04,0x00,0x00,
0xd6,0x00,0x00,0x00,0x5f,0x00,0x07,0x00,0x2d,0x00,0x00,0x00,0x66,0x04,0x00,0x00,
0x64,0x04,0x00,0x00,0x86,0x02,0x00,0x00,0x02,0x00,0x00,0x00,0xb4,0x00,0x00,0x00,
0x4f,0x00,0x08,0x00,0x21,0x00,0x00,0x00,0x67,0x04,0x00,0x00,0x66,0x04,0x00,0x00,
0x66,0x04,0x00,0x00,0x00,0x00,0x00,0x00,0x01,0x00,0x00,0x00,0x02,0x00,0x00,0x00,
0x0c,0x00,0x07,0x00,0x21,0x00,0x00,0x00,0x6c,0x04,0x00,0x00,0x01,0x00,0x00,0x00,
0x28,0x00,0x00,0x00,0x41,0x02,0x00,0x00,0x67,0x04,0x00,0x00,0x94,0x00,0x05,0x00,
0x06,0x00,0x00,0x00,0x70,0x04,0x00,0x00,0x6c,0x04,0x00,0x00,0x2c,0x01,0x00,0x00,
0x3d,0x00,0x04,0x00,0xea,0x00,0x00,0x00,0x72,0x04,0x00,0x00,0xf1,0x00,0x00,0x00,
0x50,0x00,0x07,0x00,0x2d,0x00,0x00,0x00,0x75,0x04,0x00,0x00,0x70,0x04,0x00,0x00,
0x99,0x00,0x00,0x00,0x99,0x00,0x00,0x00,0x99,0x00,0x00,0x00,0x63,0x00,0x04,0x00,
0x72,0x04,0x00,0x00,0x86,0x02,0x00,0x00,0x75,0x04,0x00,0x00,0xfd,0x00,0x01,0x00,
0x38,0x00,0x01,0x00
};

// ffx_fsr3upscaler_prepare_inputs_pass_wave64_6619e0b8c65786c786e04962420180d3.h.
// Auto generated by FidelityFX-SC.

static const char* g_ffx_fsr3upscaler_prepare_inputs_pass_wave64_6619e0b8c65786c786e04962420180d3_CBVResourceNames[] = {  "cbFSR3Upscaler", };
static const uint32_t g_ffx_fsr3upscaler_prepare_inputs_pass_wave64_6619e0b8c65786c786e04962420180d3_CBVResourceBindings[] = {  8, };
static const uint32_t g_ffx_fsr3upscaler_prepare_inputs_pass_wave64_6619e0b8c65786c786e04962420180d3_CBVResourceCounts[] = {  1, };
static const uint32_t g_ffx_fsr3upscaler_prepare_inputs_pass_wave64_6619e0b8c65786c786e04962420180d3_CBVResourceSets[] = {  0, };

static const char* g_ffx_fsr3upscaler_prepare_inputs_pass_wave64_6619e0b8c65786c786e04962420180d3_TextureSRVResourceNames[] = {  "r_input_motion_vectors", "r_input_depth", "r_input_color_jittered", };
static const uint32_t g_ffx_fsr3upscaler_prepare_inputs_pass_wave64_6619e0b8c65786c786e04962420180d3_TextureSRVResourceBindings[] = {  0, 1, 2, };
static const uint32_t g_ffx_fsr3upscaler_prepare_inputs_pass_wave64_6619e0b8c65786c786e04962420180d3_TextureSRVResourceCounts[] = {  1, 1, 1, };
static const uint32_t g_ffx_fsr3upscaler_prepare_inputs_pass_wave64_6619e0b8c65786c786e04962420180d3_TextureSRVResourceSets[] = {  0, 0, 0, };

static const char* g_ffx_fsr3upscaler_prepare_inputs_pass_wave64_6619e0b8c65786c786e04962420180d3_TextureUAVResourceNames[] = {  "rw_dilated_motion_vectors", "rw_dilated_depth", "rw_reconstructed_previous_nearest_depth", "rw_farthest_depth", "rw_current_luma", };
static const uint32_t g_ffx_fsr3upscaler_prepare_inputs_pass_wave64_6619e0b8c65786c786e04962420180d3_TextureUAVResourceBindings[] = {  3, 4, 5, 6, 7, };
static const uint32_t g_ffx_fsr3upscaler_prepare_inputs_pass_wave64_6619e0b8c65786c786e04962420180d3_TextureUAVResourceCounts[] = {  1, 1, 1, 1, 1, };
static const uint32_t g_ffx_fsr3upscaler_prepare_inputs_pass_wave64_6619e0b8c65786c786e04962420180d3_TextureUAVResourceSets[] = {  0, 0, 0, 0, 0, };

static const uint32_t g_ffx_fsr3upscaler_prepare_inputs_pass_wave64_6619e0b8c65786c786e04962420180d3_size = 7652;

static const unsigned char g_ffx_fsr3upscaler_prepare_inputs_pass_wave64_6619e0b8c65786c786e04962420180d3_data[] = {
0x03,0x02,0x23,0x07,0x00,0x05,0x01,0x00,0x0b,0x00,0x08,0x00,0x80,0x05,0x00,0x00,
0x00,0x00,0x00,0x00,0x11,0x00,0x02,0x00,0x01,0x00,0x00,0x00,0x11,0x00,0x02,0x00,
0x31,0x00,0x00,0x00,0x0b,0x00,0x06,0x00,0x01,0x00,0x00,0x00,0x47,0x4c,0x53,0x4c,
0x2e,0x73,0x74,0x64,0x2e,0x34,0x35,0x30,0x00,0x00,0x00,0x00,0x0e,0x00,0x03,0x00,
0x00,0x00,0x00,0x00,0x01,0x00,0x00,0x00,0x0f,0x00,0x0f,0x00,0x05,0x00,0x00,0x00,
0x04,0x00,0x00,0x00,0x6d,0x61,0x69,0x6e,0x00,0x00,0x00,0x00,0xb4,0x00,0x00,0x00,
0xde,0x00,0x00,0x00,0xe6,0x00,0x00,0x00,0xee,0x00,0x00,0x00,0xff,0x00,0x00,0x00,
0x04,0x01,0x00,0x00,0x0f,0x01,0x00,0x00,0x18,0x01,0x00,0x00,0x1f,0x01,0x00,0x00,
0xaf,0x02,0x00,0x00,0x10,0x00,0x06,0x00,0x04,0x00,0x00,0x00,0x11,0x00,0x00,0x00,
0x08,0x00,0x00,0x00,0x08,0x00,0x00,0x00,0x01,0x00,0x00,0x00,0x03,0x00,0x03,0x00,
0x02,0x00,0x00,0x00,0xc2,0x01,0x00,0x00,0x04,0x00,0x0b,0x00,0x47,0x4c,0x5f,0x45,
0x58,0x54,0x5f,0x73,0x61,0x6d,0x70,0x6c,0x65,0x72,0x6c,0x65,0x73,0x73,0x5f,0x74,
0x65,0x78,0x74,0x75,0x72,0x65,0x5f,0x66,0x75,0x6e,0x63,0x74,0x69,0x6f,0x6e,0x73,
0x00,0x00,0x00,0x00,0x04,0x00,0x0b,0x00,0x47,0x4c,0x5f,0x45,0x58,0x54,0x5f,0x73,
0x68,0x61,0x64,0x65,0x72,0x5f,0x65,0x78,0x70,0x6c,0x69,0x63,0x69,0x74,0x5f,0x61,
0x72,0x69,0x74,0x68,0x6d,0x65,0x74,0x69,0x63,0x5f,0x74,0x79,0x70,0x65,0x73,0x00,
0x04,0x00,0x0a,0x00,0x47,0x4c,0x5f,0x47,0x4f,0x4f,0x47,0x4c,0x45,0x5f,0x63,0x70,
0x70,0x5f,0x73,0x74,0x79,0x6c,0x65,0x5f,0x6c,0x69,0x6e,0x65,0x5f,0x64,0x69,0x72,
0x65,0x63,0x74,0x69,0x76,0x65,0x00,0x00,0x04,0x00,0x08,0x00,0x47,0x4c,0x5f,0x47,
0x4f,0x4f,0x47,0x4c,0x45,0x5f,0x69,0x6e,0x63,0x6c,0x75,0x64,0x65,0x5f,0x64,0x69,
0x72,0x65,0x63,0x74,0x69,0x76,0x65,0x00,0x05,0x00,0x04,0x00,0x04,0x00,0x00,0x00,
0x6d,0x61,0x69,0x6e,0x00,0x00,0x00,0x00,0x05,0x00,0x07,0x00,0xb2,0x00,0x00,0x00,
0x63,0x62,0x46,0x53,0x52,0x33,0x55,0x50,0x53,0x43,0x41,0x4c,0x45,0x52,0x5f,0x74,
0x00,0x00,0x00,0x00,0x06,0x00,0x06,0x00,0xb2,0x00,0x00,0x00,0x00,0x00,0x00,0x00,
0x69,0x52,0x65,0x6e,0x64,0x65,0x72,0x53,0x69,0x7a,0x65,0x00,0x06,0x00,0x0a,0x00,
0xb2,0x00,0x00,0x00,0x01,0x00,0x00,0x00,0x69,0x50,0x72,0x65,0x76,0x69,0x6f,0x75,
0x73,0x46,0x72,0x61,0x6d,0x65,0x52,0x65,0x6e,0x64,0x65,0x72,0x53,0x69,0x7a,0x65,
0x00,0x00,0x00,0x00,0x06,0x00,0x07,0x00,0xb2,0x00,0x00,0x00,0x02,0x00,0x00,0x00,
0x69,0x55,0x70,0x73,0x63,0x61,0x6c,0x65,0x53,0x69,0x7a,0x65,0x00,0x00,0x00,0x00,
0x06,0x00,0x0a,0x00,0xb2,0x00,0x00,0x00,0x03,0x00,0x00,0x00,0x69,0x50,0x72,0x65,
0x76,0x69,0x6f,0x75,0x73,0x46,0x72,0x61,0x6d,0x65,0x55,0x70,0x73,0x63,0x61,0x6c,
0x65,0x53,0x69,0x7a,0x65,0x00,0x00,0x00,0x06,0x00,0x07,0x00,0xb2,0x00,0x00,0x00,
0x04,0x00,0x00,0x00,0x69,0x4d,0x61,0x78,0x52,0x65,0x6e,0x64,0x65,0x72,0x53,0x69,
0x7a,0x65,0x00,0x00,0x06,0x00,0x07,0x00,0xb2,0x00,0x00,0x00,0x05,0x00,0x00,0x00,
0x69,0x4d,0x61,0x78,0x55,0x70,0x73,0x63,0x61,0x6c,0x65,0x53,0x69,0x7a,0x65,0x00,
0x06,0x00,0x08,0x00,0xb2,0x00,0x00,0x00,0x06,0x00,0x00,0x00,0x66,0x44,0x65,0x76,
0x69,0x63,0x65,0x54,0x6f,0x56,0x69,0x65,0x77,0x44,0x65,0x70,0x74,0x68,0x00,0x00,
0x06,0x00,0x05,0x00,0xb2,0x00,0x00,0x00,0x07,0x00,0x00,0x00,0x66,0x4a,0x69,0x74,
0x74,0x65,0x72,0x00,0x06,0x00,0x09,0x00,0xb2,0x00,0x00,0x00,0x08,0x00,0x00,0x00,
0x66,0x50,0x72,0x65,0x76,0x69,0x6f,0x75,0x73,0x46,0x72,0x61,0x6d,0x65,0x4a,0x69,
0x74,0x74,0x65,0x72,0x00,0x00,0x00,0x00,0x06,0x00,0x08,0x00,0xb2,0x00,0x00,0x00,
0x09,0x00,0x00,0x00,0x66,0x4d,0x6f,0x74,0x69,0x6f,0x6e,0x56,0x65,0x63,0x74,0x6f,
0x72,0x53,0x63,0x61,0x6c,0x65,0x00,0x00,0x06,0x00,0x08,0x00,0xb2,0x00,0x00,0x00,
0x0a,0x00,0x00,0x00,0x66,0x44,0x6f,0x77,0x6e,0x73,0x63,0x61,0x6c,0x65,0x46,0x61,
0x63,0x74,0x6f,0x72,0x00,0x00,0x00,0x00,0x06,0x00,0x0b,0x00,0xb2,0x00,0x00,0x00,
0x0b,0x00,0x00,0x00,0x66,0x4d,0x6f,0x74,0x69,0x6f,0x6e,0x56,0x65,0x63,0x74,0x6f,
0x72,0x4a,0x69,0x74,0x74,0x65,0x72,0x43,0x61,0x6e,0x63,0x65,0x6c,0x6c,0x61,0x74,
0x69,0x6f,0x6e,0x00,0x06,0x00,0x06,0x00,0xb2,0x00,0x00,0x00,0x0c,0x00,0x00,0x00,
0x66,0x54,0x61,0x6e,0x48,0x61,0x6c,0x66,0x46,0x4f,0x56,0x00,0x06,0x00,0x09,0x00,
0xb2,0x00,0x00,0x00,0x0d,0x00,0x00,0x00,0x66,0x4a,0x69,0x74,0x74,0x65,0x72,0x53,
0x65,0x71,0x75,0x65,0x6e,0x63,0x65,0x4c,0x65,0x6e,0x67,0x74,0x68,0x00,0x00,0x00,
0x06,0x00,0x06,0x00,0xb2,0x00,0x00,0x00,0x0e,0x00,0x00,0x00,0x66,0x44,0x65,0x6c,
0x74,0x61,0x54,0x69,0x6d,0x65,0x00,0x00,0x06,0x00,0x08,0x00,0xb2,0x00,0x00,0x00,
0x0f,0x00,0x00,0x00,0x66,0x44,0x65,0x6c,0x74,0x61,0x50,0x72,0x65,0x45,0x78,0x70,
0x6f,0x73,0x75,0x72,0x65,0x00,0x00,0x00,0x06,0x00,0x0a,0x00,0xb2,0x00,0x00,0x00,
0x10,0x00,0x00,0x00,0x66,0x56,0x69,0x65,0x77,0x53,0x70,0x61,0x63,0x65,0x54,0x6f,
0x4d,0x65,0x74,0x65,0x72,0x73,0x46,0x61,0x63,0x74,0x6f,0x72,0x00,0x00,0x00,0x00,
0x06,0x00,0x06,0x00,0xb2,0x00,0x00,0x00,0x11,0x00,0x00,0x00,0x66,0x46,0x72,0x61,
0x6d,0x65,0x49,0x6e,0x64,0x65,0x78,0x00,0x06,0x00,0x07,0x00,0xb2,0x00,0x00,0x00,
0x12,0x00,0x00,0x00,0x66,0x56,0x65,0x6c,0x6f,0x63,0x69,0x74,0x79,0x46,0x61,0x63,
0x74,0x6f,0x72,0x00,0x06,0x00,0x08,0x00,0xb2,0x00,0x00,0x00,0x13,0x00,0x00,0x00,
0x66,0x52,0x65,0x61,0x63,0x74,0x69,0x76,0x65,0x6e,0x65,0x73,0x73,0x53,0x63,0x61,
0x6c,0x65,0x00,0x00,0x06,0x00,0x08,0x00,0xb2,0x00,0x00,0x00,0x14,0x00,0x00,0x00,
0x66,0x53,0x68,0x61,0x64,0x69,0x6e,0x67,0x43,0x68,0x61,0x6e,0x67,0x65,0x53,0x63,
0x61,0x6c,0x65,0x00,0x06,0x00,0x0a,0x00,0xb2,0x00,0x00,0x00,0x15,0x00,0x00,0x00,
0x66,0x41,0x63,0x63,0x75,0x6d,0x75,0x6c,0x61,0x74,0x69,0x6f,0x6e,0x41,0x64,0x64,
0x65,0x64,0x50,0x65,0x72,0x46,0x72,0x61,0x6d,0x65,0x00,0x00,0x06,0x00,0x0b,0x00,
0xb2,0x00,0x00,0x00,0x16,0x00,0x00,0x00,0x66,0x4d,0x69,0x6e,0x44,0x69,0x73,0x6f,
0x63,0x63,0x6c,0x75,0x73,0x69,0x6f,0x6e,0x41,0x63,0x63,0x75,0x6d,0x75,0x6c,0x61,
0x74,0x69,0x6f,0x6e,0x00,0x00,0x00,0x00,0x05,0x00,0x06,0x00,0xb4,0x00,0x00,0x00,
0x63,0x62,0x46,0x53,0x52,0x33,0x55,0x70,0x73,0x63,0x61,0x6c,0x65,0x72,0x00,0x00,
0x05,0x00,0x06,0x00,0xde,0x00,0x00,0x00,0x72,0x5f,0x69,0x6e,0x70,0x75,0x74,0x5f,
0x64,0x65,0x70,0x74,0x68,0x00,0x00,0x00,0x05,0x00,0x08,0x00,0xe6,0x00,0x00,0x00,
0x72,0x5f,0x69,0x6e,0x70,0x75,0x74,0x5f,0x63,0x6f,0x6c,0x6f,0x72,0x5f,0x6a,0x69,
0x74,0x74,0x65,0x72,0x65,0x64,0x00,0x00,0x05,0x00,0x08,0x00,0xee,0x00,0x00,0x00,
0x72,0x5f,0x69,0x6e,0x70,0x75,0x74,0x5f,0x6d,0x6f,0x74,0x69,0x6f,0x6e,0x5f,0x76,
0x65,0x63,0x74,0x6f,0x72,0x73,0x00,0x00,0x05,0x00,0x07,0x00,0xff,0x00,0x00,0x00,
0x72,0x77,0x5f,0x66,0x61,0x72,0x74,0x68,0x65,0x73,0x74,0x5f,0x64,0x65,0x70,0x74,
0x68,0x00,0x00,0x00,0x05,0x00,0x06,0x00,0x04,0x01,0x00,0x00,0x72,0x77,0x5f,0x63,
0x75,0x72,0x72,0x65,0x6e,0x74,0x5f,0x6c,0x75,0x6d,0x61,0x00,0x05,0x00,0x0c,0x00,
0x0f,0x01,0x00,0x00,0x72,0x77,0x5f,0x72,0x65,0x63,0x6f,0x6e,0x73,0x74,0x72,0x75,
0x63,0x74,0x65,0x64,0x5f,0x70,0x72,0x65,0x76,0x69,0x6f,0x75,0x73,0x5f,0x6e,0x65,
0x61,0x72,0x65,0x73,0x74,0x5f,0x64,0x65,0x70,0x74,0x68,0x00,0x05,0x00,0x07,0x00,
0x18,0x01,0x00,0x00,0x72,0x77,0x5f,0x64,0x69,0x6c,0x61,0x74,0x65,0x64,0x5f,0x64,
0x65,0x70,0x74,0x68,0x00,0x00,0x00,0x00,0x05,0x00,0x09,0x00,0x1f,0x01,0x00,0x00,
0x72,0x77,0x5f,0x64,0x69,0x6c,0x61,0x74,0x65,0x64,0x5f,0x6d,0x6f,0x74,0x69,0x6f,
0x6e,0x5f,0x76,0x65,0x63,0x74,0x6f,0x72,0x73,0x00,0x00,0x00,0x05,0x00,0x08,0x00,
0xaf,0x02,0x00,0x00,0x67,0x6c,0x5f,0x47,0x6c,0x6f,0x62,0x61,0x6c,0x49,0x6e,0x76,
0x6f,0x63,0x61,0x74,0x69,0x6f,0x6e,0x49,0x44,0x00,0x00,0x00,0x48,0x00,0x05,0x00,
0xb2,0x00,0x00,0x00,0x00,0x00,0x00,0x00,0x23,0x00,0x00,0x00,0x00,0x00,0x00,0x00,
0x48,0x00,0x05,0x00,0xb2,0x00,0x00,0x00,0x01,0x00,0x00,0x00,0x23,0x00,0x00,0x00,
0x08,0x00,0x00,0x00,0x48,0x00,0x05,0x00,0xb2,0x00,0x00,0x00,0x02,0x00,0x00,0x00,
0x23,0x00,0x00,0x00,0x10,0x00,0x00,0x00,0x48,0x00,0x05,0x00,0xb2,0x00,0x00,0x00,
0x03,0x00,0x00,0x00,0x23,0x00,0x00,0x00,0x18,0x00,0x00,0x00,0x48,0x00,0x05,0x00,
0xb2,0x00,0x00,0x00,0x04,0x00,0x00,0x00,0x23,0x00,0x00,0x00,0x20,0x00,0x00,0x00,
0x48,0x00,0x05,0x00,0xb2,0x00,0x00,0x00,0x05,0x00,0x00,0x00,0x23,0x00,0x00,0x00,
0x28,0x00,0x00,0x00,0x48,0x00,0x05,0x00,0xb2,0x00,0x00,0x00,0x06,0x00,0x00,0x00,
0x23,0x00,0x00,0x00,0x30,0x00,0x00,0x00,0x48,0x00,0x05,0x00,0xb2,0x00,0x00,0x00,
0x07,0x00,0x00,0x00,0x23,0x00,0x00,0x00,0x40,0x00,0x00,0x00,0x48,0x00,0x05,0x00,
0xb2,0x00,0x00,0x00,0x08,0x00,0x00,0x00,0x23,0x00,0x00,0x00,0x48,0x00,0x00,0x00,
0x48,0x00,0x05,0x00,0xb2,0x00,0x00,0x00,0x09,0x00,0x00,0x00,0x23,0x00,0x00,0x00,
0x50,0x00,0x00,0x00,0x48,0x00,0x05,0x00,0xb2,0x00,0x00,0x00,0x0a,0x00,0x00,0x00,
0x23,0x00,0x00,0x00,0x58,0x00,0x00,0x00,0x48,0x00,0x05,0x00,0xb2,0x00,0x00,0x00,
0x0b,0x00,0x00,0x00,0x23,0x00,0x00,0x00,0x60,0x00,0x00,0x00,0x48,0x00,0x05,0x00,
0xb2,0x00,0x00,0x00,0x0c,0x00,0x00,0x00,0x23,0x00,0x00,0x00,0x68,0x00,0x00,0x00,
0x48,0x00,0x05,0x00,0xb2,0x00,0x00,0x00,0x0d,0x00,0x00,0x00,0x23,0x00,0x00,0x00,
0x6c,0x00,0x00,0x00,0x48,0x00,0x05,0x00,0xb2,0x00,0x00,0x00,0x0e,0x00,0x00,0x00,
0x23,0x00,0x00,0x00,0x70,0x00,0x00,0x00,0x48,0x00,0x05,0x00,0xb2,0x00,0x00,0x00,
0x0f,0x00,0x00,0x00,0x23,0x00,0x00,0x00,0x74,0x00,0x00,0x00,0x48,0x00,0x05,0x00,
0xb2,0x00,0x00,0x00,0x10,0x00,0x00,0x00,0x23,0x00,0x00,0x00,0x78,0x00,0x00,0x00,
0x48,0x00,0x05,0x00,0xb2,0x00,0x00,0x00,0x11,0x00,0x00,0x00,0x23,0x00,0x00,0x00,
0x7c,0x00,0x00,0x00,0x48,0x00,0x05,0x00,0xb2,0x00,0x00,0x00,0x12,0x00,0x00,0x00,
0x23,0x00,0x00,0x00,0x80,0x00,0x00,0x00,0x48,0x00,0x05,0x00,0xb2,0x00,0x00,0x00,
0x13,0x00,0x00,0x00,0x23,0x00,0x00,0x00,0x84,0x00,0x00,0x00,0x48,0x00,0x05,0x00,
0xb2,0x00,0x00,0x00,0x14,0x00,0x00,0x00,0x23,0x00,0x00,0x00,0x88,0x00,0x00,0x00,
0x48,0x00,0x05,0x00,0xb2,0x00,0x00,0x00,0x15,0x00,0x00,0x00,0x23,0x00,0x00,0x00,
0x8c,0x00,0x00,0x00,0x48,0x00,0x05,0x00,0xb2,0x00,0x00,0x00,0x16,0x00,0x00,0x00,
0x23,0x00,0x00,0x00,0x90,0x00,0x00,0x00,0x47,0x00,0x03,0x00,0xb2,0x00,0x00,0x00,
0x02,0x00,0x00,0x00,0x47,0x00,0x04,0x00,0xb4,0x00,0x00,0x00,0x22,0x00,0x00,0x00,
0x00,0x00,0x00,0x00,0x47,0x00,0x04,0x00,0xb4,0x00,0x00,0x00,0x21,0x00,0x00,0x00,
0x08,0x00,0x00,0x00,0x47,0x00,0x04,0x00,0xde,0x00,0x00,0x00,0x22,0x00,0x00,0x00,
0x00,0x00,0x00,0x00,0x47,0x00,0x04,0x00,0xde,0x00,0x00,0x00,0x21,0x00,0x00,0x00,
0x01,0x00,0x00,0x00,0x47,0x00,0x04,0x00,0xe6,0x00,0x00,0x00,0x22,0x00,0x00,0x00,
0x00,0x00,0x00,0x00,0x47,0x00,0x04,0x00,0xe6,0x00,0x00,0x00,0x21,0x00,0x00,0x00,
0x02,0x00,0x00,0x00,0x47,0x00,0x04,0x00,0xee,0x00,0x00,0x00,0x22,0x00,0x00,0x00,
0x00,0x00,0x00,0x00,0x47,0x00,0x04,0x00,0xee,0x00,0x00,0x00,0x21,0x00,0x00,0x00,
0x00,0x00,0x00,0x00,0x47,0x00,0x04,0x00,0xff,0x00,0x00,0x00,0x22,0x00,0x00,0x00,
0x00,0x00,0x00,0x00,0x47,0x00,0x04,0x00,0xff,0x00,0x00,0x00,0x21,0x00,0x00,0x00,
0x06,0x00,0x00,0x00,0x47,0x00,0x04,0x00,0x04,0x01,0x00,0x00,0x22,0x00,0x00,0x00,
0x00,0x00,0x00,0x00,0x47,0x00,0x04,0x00,0x04,0x01,0x00,0x00,0x21,0x00,0x00,0x00,
0x07,0x00,0x00,0x00,0x47,0x00,0x04,0x00,0x0f,0x01,0x00,0x00,0x22,0x00,0x00,0x00,
0x00,0x00,0x00,0x00,0x47,0x00,0x04,0x00,0x0f,0x01,0x00,0x00,0x21,0x00,0x00,0x00,
0x05,0x00,0x00,0x00,0x47,0x00,0x04,0x00,0x18,0x01,0x00,0x00,0x22,0x00,0x00,0x00,
0x00,0x00,0x00,0x00,0x47,0x00,0x04,0x00,0x18,0x01,0x00,0x00,0x21,0x00,0x00,0x00,
0x04,0x00,0x00,0x00,0x47,0x00,0x03,0x00,0x18,0x01,0x00,0x00,0x19,0x00,0x00,0x00,
0x47,0x00,0x04,0x00,0x1f,0x01,0x00,0x00,0x22,0x00,0x00,0x00,0x00,0x00,0x00,0x00,
0x47,0x00,0x04,0x00,0x1f,0x01,0x00,0x00,0x21,0x00,0x00,0x00,0x03,0x00,0x00,0x00,
0x47,0x00,0x03,0x00,0x1f,0x01,0x00,0x00,0x19,0x00,0x00,0x00,0x47,0x00,0x04,0x00,
0xaf,0x02,0x00,0x00,0x0b,0x00,0x00,0x00,0x1c,0x00,0x00,0x00,0x47,0x00,0x04,0x00,
0xc3,0x02,0x00,0x00,0x0b,0x00,0x00,0x00,0x19,0x00,0x00,0x00,0x47,0x00,0x03,0x00,
0xf9,0x02,0x00,0x00,0x18,0x00,0x00,0x00,0x47,0x00,0x03,0x00,0xfe,0x02,0x00,0x00,
0x18,0x00,0x00,0x00,0x13,0x00,0x02,0x00,0x02,0x00,0x00,0x00,0x21,0x00,0x03,0x00,
0x03,0x00,0x00,0x00,0x02,0x00,0x00,0x00,0x16,0x00,0x03,0x00,0x06,0x00,0x00,0x00,
0x20,0x00,0x00,0x00,0x20,0x00,0x04,0x00,0x07,0x00,0x00,0x00,0x07,0x00,0x00,0x00,
0x06,0x00,0x00,0x00,0x17,0x00,0x04,0x00,0x12,0x00,0x00,0x00,0x06,0x00,0x00,0x00,
0x02,0x00,0x00,0x00,0x17,0x00,0x04,0x00,0x1d,0x00,0x00,0x00,0x06,0x00,0x00,0x00,
0x03,0x00,0x00,0x00,0x15,0x00,0x04,0x00,0x24,0x00,0x00,0x00,0x20,0x00,0x00,0x00,
0x01,0x00,0x00,0x00,0x17,0x00,0x04,0x00,0x25,0x00,0x00,0x00,0x24,0x00,0x00,0x00,
0x02,0x00,0x00,0x00,0x17,0x00,0x04,0x00,0x2e,0x00,0x00,0x00,0x06,0x00,0x00,0x00,
0x04,0x00,0x00,0x00,0x20,0x00,0x04,0x00,0x39,0x00,0x00,0x00,0x07,0x00,0x00,0x00,
0x25,0x00,0x00,0x00,0x14,0x00,0x02,0x00,0x67,0x00,0x00,0x00,0x15,0x00,0x04,0x00,
0x77,0x00,0x00,0x00,0x20,0x00,0x00,0x00,0x00,0x00,0x00,0x00,0x2b,0x00,0x04,0x00,
0x77,0x00,0x00,0x00,0x78,0x00,0x00,0x00,0x04,0x00,0x00,0x00,0x1c,0x00,0x04,0x00,
0x79,0x00,0x00,0x00,0x25,0x00,0x00,0x00,0x78,0x00,0x00,0x00,0x1c,0x00,0x04,0x00,
0x7a,0x00,0x00,0x00,0x06,0x00,0x00,0x00,0x78,0x00,0x00,0x00,0x2b,0x00,0x04,0x00,
0x06,0x00,0x00,0x00,0x9f,0x00,0x00,0x00,0x00,0x00,0x00,0x00,0x2b,0x00,0x04,0x00,
0x06,0x00,0x00,0x00,0xa0,0x00,0x00,0x00,0x00,0x00,0x80,0x3f,0x1e,0x00,0x19,0x00,
0xb2,0x00,0x00,0x00,0x25,0x00,0x00,0x00,0x25,0x00,0x00,0x00,0x25,0x00,0x00,0x00,
0x25,0x00,0x00,0x00,0x25,0x00,0x00,0x00,0x25,0x00,0x00,0x00,0x2e,0x00,0x00,0x00,
0x12,0x00,0x00,0x00,0x12,0x00,0x00,0x00,0x12,0x00,0x00,0x00,0x12,0x00,0x00,0x00,
0x12,0x00,0x00,0x00,0x06,0x00,0x00,0x00,0x06,0x00,0x00,0x00,0x06,0x00,0x00,0x00,
0x06,0x00,0x00,0x00,0x06,0x00,0x00,0x00,0x06,0x00,0x00,0x00,0x06,0x00,0x00,0x00,
0x06,0x00,0x00,0x00,0x06,0x00,0x00,0x00,0x06,0x00,0x00,0x00,0x06,0x00,0x00,0x00,
0x20,0x00,0x04,0x00,0xb3,0x00,0x00,0x00,0x02,0x00,0x00,0x00,0xb2,0x00,0x00,0x00,
0x3b,0x00,0x04,0x00,0xb3,0x00,0x00,0x00,0xb4,0x00,0x00,0x00,0x02,0x00,0x00,0x00,
0x2b,0x00,0x04,0x00,0x24,0x00,0x00,0x00,0xb5,0x00,0x00,0x00,0x00,0x00,0x00,0x00,
0x20,0x00,0x04,0x00,0xb6,0x00,0x00,0x00,0x02,0x00,0x00,0x00,0x25,0x00,0x00,0x00,
0x2b,0x00,0x04,0x00,0x24,0x00,0x00,0x00,0xbb,0x00,0x00,0x00,0x02,0x00,0x00,0x00,
0x2b,0x00,0x04,0x00,0x24,0x00,0x00,0x00,0xc0,0x00,0x00,0x00,0x07,0x00,0x00,0x00,
0x20,0x00,0x04,0x00,0xc1,0x00,0x00,0x00,0x02,0x00,0x00,0x00,0x12,0x00,0x00,0x00,
0x2b,0x00,0x04,0x00,0x24,0x00,0x00,0x00,0xc6,0x00,0x00,0x00,0x06,0x00,0x00,0x00,
0x20,0x00,0x04,0x00,0xc7,0x00,0x00,0x00,0x02,0x00,0x00,0x00,0x2e,0x00,0x00,0x00,
0x2b,0x00,0x04,0x00,0x24,0x00,0x00,0x00,0xcc,0x00,0x00,0x00,0x09,0x00,0x00,0x00,
0x2b,0x00,0x04,0x00,0x24,0x00,0x00,0x00,0xd1,0x00,0x00,0x00,0x0b,0x00,0x00,0x00,
0x2b,0x00,0x04,0x00,0x24,0x00,0x00,0x00,0xd6,0x00,0x00,0x00,0x10,0x00,0x00,0x00,
0x20,0x00,0x04,0x00,0xd7,0x00,0x00,0x00,0x02,0x00,0x00,0x00,0x06,0x00,0x00,0x00,
0x19,0x00,0x09,0x00,0xdc,0x00,0x00,0x00,0x06,0x00,0x00,0x00,0x01,0x00,0x00,0x00,
0x00,0x00,0x00,0x00,0x00,0x00,0x00,0x00,0x00,0x00,0x00,0x00,0x01,0x00,0x00,0x00,
0x00,0x00,0x00,0x00,0x20,0x00,0x04,0x00,0xdd,0x00,0x00,0x00,0x00,0x00,0x00,0x00,
0xdc,0x00,0x00,0x00,0x3b,0x00,0x04,0x00,0xdd,0x00,0x00,0x00,0xde,0x00,0x00,0x00,
0x00,0x00,0x00,0x00,0x2b,0x00,0x04,0x00,0x77,0x00,0x00,0x00,0xe2,0x00,0x00,0x00,
0x00,0x00,0x00,0x00,0x3b,0x00,0x04,0x00,0xdd,0x00,0x00,0x00,0xe6,0x00,0x00,0x00,
0x00,0x00,0x00,0x00,0x3b,0x00,0x04,0x00,0xdd,0x00,0x00,0x00,0xee,0x00,0x00,0x00,
0x00,0x00,0x00,0x00,0x19,0x00,0x09,0x00,0xfd,0x00,0x00,0x00,0x06,0x00,0x00,0x00,
0x01,0x00,0x00,0x00,0x00,0x00,0x00,0x00,0x00,0x00,0x00,0x00,0x00,0x00,0x00,0x00,
0x02,0x00,0x00,0x00,0x09,0x00,0x00,0x00,0x20,0x00,0x04,0x00,0xfe,0x00,0x00,0x00,
0x00,0x00,0x00,0x00,0xfd,0x00,0x00,0x00,0x3b,0x00,0x04,0x00,0xfe,0x00,0x00,0x00,
0xff,0x00,0x00,0x00,0x00,0x00,0x00,0x00,0x3b,0x00,0x04,0x00,0xfe,0x00,0x00,0x00,
0x04,0x01,0x00,0x00,0x00,0x00,0x00,0x00,0x19,0x00,0x09,0x00,0x0d,0x01,0x00,0x00,
0x77,0x00,0x00,0x00,0x01,0x00,0x00,0x00,0x00,0x00,0x00,0x00,0x00,0x00,0x00,0x00,
0x00,0x00,0x00,0x00,0x02,0x00,0x00,0x00,0x21,0x00,0x00,0x00,0x20,0x00,0x04,0x00,
0x0e,0x01,0x00,0x00,0x00,0x00,0x00,0x00,0x0d,0x01,0x00,0x00,0x3b,0x00,0x04,0x00,
0x0e,0x01,0x00,0x00,0x0f,0x01,0x00,0x00,0x00,0x00,0x00,0x00,0x20,0x00,0x04,0x00,
0x12,0x01,0x00,0x00,0x0b,0x00,0x00,0x00,0x77,0x00,0x00,0x00,0x2b,0x00,0x04,0x00,
0x77,0x00,0x00,0x00,0x14,0x01,0x00,0x00,0x01,0x00,0x00,0x00,0x19,0x00,0x09,0x00,
0x16,0x01,0x00,0x00,0x06,0x00,0x00,0x00,0x01,0x00,0x00,0x00,0x00,0x00,0x00,0x00,
0x00,0x00,0x00,0x00,0x00,0x00,0x00,0x00,0x02,0x00,0x00,0x00,0x03,0x00,0x00,0x00,
0x20,0x00,0x04,0x00,0x17,0x01,0x00,0x00,0x00,0x00,0x00,0x00,0x16,0x01,0x00,0x00,
0x3b,0x00,0x04,0x00,0x17,0x01,0x00,0x00,0x18,0x01,0x00,0x00,0x00,0x00,0x00,0x00,
0x19,0x00,0x09,0x00,0x1d,0x01,0x00,0x00,0x06,0x00,0x00,0x00,0x01,0x00,0x00,0x00,
0x00,0x00,0x00,0x00,0x00,0x00,0x00,0x00,0x00,0x00,0x00,0x00,0x02,0x00,0x00,0x00,
0x07,0x00,0x00,0x00,0x20,0x00,0x04,0x00,0x1e,0x01,0x00,0x00,0x00,0x00,0x00,0x00,
0x1d,0x01,0x00,0x00,0x3b,0x00,0x04,0x00,0x1e,0x01,0x00,0x00,0x1f,0x01,0x00,0x00,
0x00,0x00,0x00,0x00,0x2b,0x00,0x04,0x00,0x06,0x00,0x00,0x00,0x26,0x01,0x00,0x00,
0x00,0x00,0x80,0x3e,0x2b,0x00,0x04,0x00,0x06,0x00,0x00,0x00,0x27,0x01,0x00,0x00,
0x00,0x00,0x40,0x3f,0x2b,0x00,0x04,0x00,0x06,0x00,0x00,0x00,0x34,0x01,0x00,0x00,
0x00,0x00,0x70,0x45,0x2b,0x00,0x04,0x00,0x06,0x00,0x00,0x00,0x35,0x01,0x00,0x00,
0x00,0x00,0x07,0x45,0x2c,0x00,0x05,0x00,0x12,0x00,0x00,0x00,0x36,0x01,0x00,0x00,
0x34,0x01,0x00,0x00,0x35,0x01,0x00,0x00,0x2b,0x00,0x04,0x00,0x06,0x00,0x00,0x00,
0x3c,0x01,0x00,0x00,0xd0,0xb3,0x59,0x3e,0x2b,0x00,0x04,0x00,0x06,0x00,0x00,0x00,
0x3d,0x01,0x00,0x00,0x59,0x17,0x37,0x3f,0x2b,0x00,0x04,0x00,0x06,0x00,0x00,0x00,
0x3e,0x01,0x00,0x00,0x98,0xdd,0x93,0x3d,0x2c,0x00,0x06,0x00,0x1d,0x00,0x00,0x00,
0x3f,0x01,0x00,0x00,0x3c,0x01,0x00,0x00,0x3d,0x01,0x00,0x00,0x3e,0x01,0x00,0x00,
0x17,0x00,0x04,0x00,0x44,0x01,0x00,0x00,0x77,0x00,0x00,0x00,0x02,0x00,0x00,0x00,
0x17,0x00,0x04,0x00,0x48,0x01,0x00,0x00,0x67,0x00,0x00,0x00,0x02,0x00,0x00,0x00,
0x2b,0x00,0x04,0x00,0x06,0x00,0x00,0x00,0x50,0x01,0x00,0x00,0x00,0x00,0x00,0x3f,
0x2c,0x00,0x05,0x00,0x12,0x00,0x00,0x00,0x7c,0x01,0x00,0x00,0x50,0x01,0x00,0x00,
0x50,0x01,0x00,0x00,0x2c,0x00,0x05,0x00,0x25,0x00,0x00,0x00,0x88,0x01,0x00,0x00,
0xb5,0x00,0x00,0x00,0xb5,0x00,0x00,0x00,0x2b,0x00,0x04,0x00,0x24,0x00,0x00,0x00,
0x8a,0x01,0x00,0x00,0x01,0x00,0x00,0x00,0x2c,0x00,0x05,0x00,0x25,0x00,0x00,0x00,
0x8b,0x01,0x00,0x00,0x8a,0x01,0x00,0x00,0xb5,0x00,0x00,0x00,0x2c,0x00,0x05,0x00,
0x25,0x00,0x00,0x00,0x8d,0x01,0x00,0x00,0xb5,0x00,0x00,0x00,0x8a,0x01,0x00,0x00,
0x2c,0x00,0x05,0x00,0x25,0x00,0x00,0x00,0x90,0x01,0x00,0x00,0x8a,0x01,0x00,0x00,
0x8a,0x01,0x00,0x00,0x2b,0x00,0x04,0x00,0x06,0x00,0x00,0x00,0xb5,0x01,0x00,0x00,
0x00,0xe0,0x7f,0x47,0x2b,0x00,0x04,0x00,0x24,0x00,0x00,0x00,0xdf,0x01,0x00,0x00,
0x04,0x00,0x00,0x00,0x2b,0x00,0x04,0x00,0x06,0x00,0x00,0x00,0xea,0x01,0x00,0x00,
0x68,0xe8,0x1f,0x3a,0x2b,0x00,0x04,0x00,0x77,0x00,0x00,0x00,0x0b,0x02,0x00,0x00,
0x09,0x00,0x00,0x00,0x1c,0x00,0x04,0x00,0x0c,0x02,0x00,0x00,0x25,0x00,0x00,0x00,
0x0b,0x02,0x00,0x00,0x2b,0x00,0x04,0x00,0x24,0x00,0x00,0x00,0x0d,0x02,0x00,0x00,
0xff,0xff,0xff,0xff,0x2c,0x00,0x05,0x00,0x25,0x00,0x00,0x00,0x0e,0x02,0x00,0x00,
0xb5,0x00,0x00,0x00,0x0d,0x02,0x00,0x00,0x2c,0x00,0x05,0x00,0x25,0x00,0x00,0x00,
0x0f,0x02,0x00,0x00,0x0d,0x02,0x00,0x00,0xb5,0x00,0x00,0x00,0x2c,0x00,0x05,0x00,
0x25,0x00,0x00,0x00,0x10,0x02,0x00,0x00,0x0d,0x02,0x00,0x00,0x8a,0x01,0x00,0x00,
0x2c,0x00,0x05,0x00,0x25,0x00,0x00,0x00,0x11,0x02,0x00,0x00,0x0d,0x02,0x00,0x00,
0x0d,0x02,0x00,0x00,0x2c,0x00,0x05,0x00,0x25,0x00,0x00,0x00,0x12,0x02,0x00,0x00,
0x8a,0x01,0x00,0x00,0x0d,0x02,0x00,0x00,0x2c,0x00,0x0c,0x00,0x0c,0x02,0x00,0x00,
0x13,0x02,0x00,0x00,0x88,0x01,0x00,0x00,0x8b,0x01,0x00,0x00,0x8d,0x01,0x00,0x00,
0x0e,0x02,0x00,0x00,0x0f,0x02,0x00,0x00,0x10,0x02,0x00,0x00,0x90,0x01,0x00,0x00,
0x11,0x02,0x00,0x00,0x12,0x02,0x00,0x00,0x20,0x00,0x04,0x00,0x15,0x02,0x00,0x00,
0x07,0x00,0x00,0x00,0x0c,0x02,0x00,0x00,0x1c,0x00,0x04,0x00,0x1a,0x02,0x00,0x00,
0x06,0x00,0x00,0x00,0x0b,0x02,0x00,0x00,0x20,0x00,0x04,0x00,0x1b,0x02,0x00,0x00,
0x07,0x00,0x00,0x00,0x1a,0x02,0x00,0x00,0x2c,0x00,0x06,0x00,0x1d,0x00,0x00,0x00,
0x6d,0x02,0x00,0x00,0x9f,0x00,0x00,0x00,0x9f,0x00,0x00,0x00,0x9f,0x00,0x00,0x00,
0x17,0x00,0x04,0x00,0xad,0x02,0x00,0x00,0x77,0x00,0x00,0x00,0x03,0x00,0x00,0x00,
0x20,0x00,0x04,0x00,0xae,0x02,0x00,0x00,0x01,0x00,0x00,0x00,0xad,0x02,0x00,0x00,
0x3b,0x00,0x04,0x00,0xae,0x02,0x00,0x00,0xaf,0x02,0x00,0x00,0x01,0x00,0x00,0x00,
0x2b,0x00,0x04,0x00,0x77,0x00,0x00,0x00,0xc2,0x02,0x00,0x00,0x08,0x00,0x00,0x00,
0x2c,0x00,0x06,0x00,0xad,0x02,0x00,0x00,0xc3,0x02,0x00,0x00,0xc2,0x02,0x00,0x00,
0xc2,0x02,0x00,0x00,0x14,0x01,0x00,0x00,0x20,0x00,0x04,0x00,0xf1,0x04,0x00,0x00,
0x07,0x00,0x00,0x00,0x79,0x00,0x00,0x00,0x20,0x00,0x04,0x00,0xf3,0x04,0x00,0x00,
0x07,0x00,0x00,0x00,0x7a,0x00,0x00,0x00,0x2b,0x00,0x04,0x00,0x06,0x00,0x00,0x00,
0x68,0x05,0x00,0x00,0x0a,0xd7,0x23,0x3c,0x2c,0x00,0x07,0x00,0x79,0x00,0x00,0x00,
0x6a,0x05,0x00,0x00,0x88,0x01,0x00,0x00,0x8b,0x01,0x00,0x00,0x8d,0x01,0x00,0x00,
0x90,0x01,0x00,0x00,0x2b,0x00,0x04,0x00,0x06,0x00,0x00,0x00,0x6b,0x05,0x00,0x00,
0x00,0x00,0x00,0xbf,0x2c,0x00,0x05,0x00,0x12,0x00,0x00,0x00,0x6c,0x05,0x00,0x00,
0x6b,0x05,0x00,0x00,0x6b,0x05,0x00,0x00,0x36,0x00,0x05,0x00,0x02,0x00,0x00,0x00,
0x04,0x00,0x00,0x00,0x00,0x00,0x00,0x00,0x03,0x00,0x00,0x00,0xf8,0x00,0x02,0x00,
0x05,0x00,0x00,0x00,0x3b,0x00,0x04,0x00,0xf3,0x04,0x00,0x00,0x0d,0x05,0x00,0x00,
0x07,0x00,0x00,0x00,0x3b,0x00,0x04,0x00,0xf1,0x04,0x00,0x00,0x0c,0x05,0x00,0x00,
0x07,0x00,0x00,0x00,0x3b,0x00,0x05,0x00,0x15,0x02,0x00,0x00,0xf9,0x02,0x00,0x00,
0x07,0x00,0x00,0x00,0x13,0x02,0x00,0x00,0x3b,0x00,0x04,0x00,0x1b,0x02,0x00,0x00,
0xfa,0x02,0x00,0x00,0x07,0x00,0x00,0x00,0x3b,0x00,0x05,0x00,0x15,0x02,0x00,0x00,
0xfe,0x02,0x00,0x00,0x07,0x00,0x00,0x00,0x13,0x02,0x00,0x00,0x3d,0x00,0x04,0x00,
0xad,0x02,0x00,0x00,0xb0,0x02,0x00,0x00,0xaf,0x02,0x00,0x00,0x4f,0x00,0x07,0x00,
0x44,0x01,0x00,0x00,0xb1,0x02,0x00,0x00,0xb0,0x02,0x00,0x00,0xb0,0x02,0x00,0x00,
0x00,0x00,0x00,0x00,0x01,0x00,0x00,0x00,0x7c,0x00,0x04,0x00,0x25,0x00,0x00,0x00,
0xb2,0x02,0x00,0x00,0xb1,0x02,0x00,0x00,0x3e,0x00,0x03,0x00,0xf9,0x02,0x00,0x00,
0x13,0x02,0x00,0x00,0x3e,0x00,0x03,0x00,0xfe,0x02,0x00,0x00,0x13,0x02,0x00,0x00,
0xf9,0x00,0x02,0x00,0x06,0x03,0x00,0x00,0xf8,0x00,0x02,0x00,0x06,0x03,0x00,0x00,
0xf5,0x00,0x07,0x00,0x24,0x00,0x00,0x00,0x6d,0x05,0x00,0x00,0xb5,0x00,0x00,0x00,
0x05,0x00,0x00,0x00,0x16,0x03,0x00,0x00,0x0a,0x03,0x00,0x00,0xb1,0x00,0x05,0x00,
0x67,0x00,0x00,0x00,0x09,0x03,0x00,0x00,0x6d,0x05,0x00,0x00,0xcc,0x00,0x00,0x00,
0xf6,0x00,0x04,0x00,0x17,0x03,0x00,0x00,0x0a,0x03,0x00,0x00,0x00,0x00,0x00,0x00,
0xfa,0x00,0x04,0x00,0x09,0x03,0x00,0x00,0x0a,0x03,0x00,0x00,0x17,0x03,0x00,0x00,
0xf8,0x00,0x02,0x00,0x0a,0x03,0x00,0x00,0x41,0x00,0x05,0x00,0x39,0x00,0x00,0x00,
0x0d,0x03,0x00,0x00,0xf9,0x02,0x00,0x00,0x6d,0x05,0x00,0x00,0x3d,0x00,0x04,0x00,
0x25,0x00,0x00,0x00,0x0e,0x03,0x00,0x00,0x0d,0x03,0x00,0x00,0x80,0x00,0x05,0x00,
0x25,0x00,0x00,0x00,0x0f,0x03,0x00,0x00,0xb2,0x02,0x00,0x00,0x0e,0x03,0x00,0x00,
0x3d,0x00,0x04,0x00,0xdc,0x00,0x00,0x00,0x48,0x03,0x00,0x00,0xde,0x00,0x00,0x00,
0x5f,0x00,0x07,0x00,0x2e,0x00,0x00,0x00,0x4a,0x03,0x00,0x00,0x48,0x03,0x00,0x00,
0x0f,0x03,0x00,0x00,0x02,0x00,0x00,0x00,0xb5,0x00,0x00,0x00,0x51,0x00,0x05,0x00,
0x06,0x00,0x00,0x00,0x4b,0x03,0x00,0x00,0x4a,0x03,0x00,0x00,0x00,0x00,0x00,0x00,
0x41,0x00,0x05,0x00,0x07,0x00,0x00,0x00,0x13,0x03,0x00,0x00,0xfa,0x02,0x00,0x00,
0x6d,0x05,0x00,0x00,0x3e,0x00,0x03,0x00,0x13,0x03,0x00,0x00,0x4b,0x03,0x00,0x00,
0x80,0x00,0x05,0x00,0x24,0x00,0x00,0x00,0x16,0x03,0x00,0x00,0x6d,0x05,0x00,0x00,
0x8a,0x01,0x00,0x00,0xf9,0x00,0x02,0x00,0x06,0x03,0x00,0x00,0xf8,0x00,0x02,0x00,
0x17,0x03,0x00,0x00,0x41,0x00,0x05,0x00,0x07,0x00,0x00,0x00,0x1a,0x03,0x00,0x00,
0xfa,0x02,0x00,0x00,0xb5,0x00,0x00,0x00,0x3d,0x00,0x04,0x00,0x06,0x00,0x00,0x00,
0x1b,0x03,0x00,0x00,0x1a,0x03,0x00,0x00,0x3d,0x00,0x04,0x00,0x06,0x00,0x00,0x00,
0x1e,0x03,0x00,0x00,0x1a,0x03,0x00,0x00,0xf9,0x00,0x02,0x00,0x20,0x03,0x00,0x00,
0xf8,0x00,0x02,0x00,0x20,0x03,0x00,0x00,0xf5,0x00,0x07,0x00,0x06,0x00,0x00,0x00,
0x71,0x05,0x00,0x00,0x1b,0x03,0x00,0x00,0x17,0x03,0x00,0x00,0x7b,0x05,0x00,0x00,
0x41,0x03,0x00,0x00,0xf5,0x00,0x07,0x00,0x25,0x00,0x00,0x00,0x70,0x05,0x00,0x00,
0xb2,0x02,0x00,0x00,0x17,0x03,0x00,0x00,0x79,0x05,0x00,0x00,0x41,0x03,0x00,0x00,
0xf5,0x00,0x07,0x00,0x06,0x00,0x00,0x00,0x6f,0x05,0x00,0x00,0x1e,0x03,0x00,0x00,
0x17,0x03,0x00,0x00,0x77,0x05,0x00,0x00,0x41,0x03,0x00,0x00,0xf5,0x00,0x07,0x00,
0x24,0x00,0x00,0x00,0x6e,0x05,0x00,0x00,0x8a,0x01,0x00,0x00,0x17,0x03,0x00,0x00,
0x43,0x03,0x00,0x00,0x41,0x03,0x00,0x00,0xb1,0x00,0x05,0x00,0x67,0x00,0x00,0x00,
0x23,0x03,0x00,0x00,0x6e,0x05,0x00,0x00,0xcc,0x00,0x00,0x00,0xf6,0x00,0x04,0x00,
0x44,0x03,0x00,0x00,0x41,0x03,0x00,0x00,0x00,0x00,0x00,0x00,0xfa,0x00,0x04,0x00,
0x23,0x03,0x00,0x00,0x24,0x03,0x00,0x00,0x44,0x03,0x00,0x00,0xf8,0x00,0x02,0x00,
0x24,0x03,0x00,0x00,0x41,0x00,0x05,0x00,0x39,0x00,0x00,0x00,0x27,0x03,0x00,0x00,
0xfe,0x02,0x00,0x00,0x6e,0x05,0x00,0x00,0x3d,0x00,0x04,0x00,0x25,0x00,0x00,0x00,
0x28,0x03,0x00,0x00,0x27,0x03,0x00,0x00,0x80,0x00,0x05,0x00,0x25,0x00,0x00,0x00,
0x29,0x03,0x00,0x00,0xb2,0x02,0x00,0x00,0x28,0x03,0x00,0x00,0x41,0x00,0x05,0x00,
0xb6,0x00,0x00,0x00,0x4e,0x03,0x00,0x00,0xb4,0x00,0x00,0x00,0xb5,0x00,0x00,0x00,
0x3d,0x00,0x04,0x00,0x25,0x00,0x00,0x00,0x4f,0x03,0x00,0x00,0x4e,0x03,0x00,0x00,
0x7c,0x00,0x04,0x00,0x44,0x01,0x00,0x00,0x54,0x03,0x00,0x00,0x29,0x03,0x00,0x00,
0x7c,0x00,0x04,0x00,0x44,0x01,0x00,0x00,0x56,0x03,0x00,0x00,0x4f,0x03,0x00,0x00,
0xb0,0x00,0x05,0x00,0x48,0x01,0x00,0x00,0x57,0x03,0x00,0x00,0x54,0x03,0x00,0x00,
0x56,0x03,0x00,0x00,0x9b,0x00,0x04,0x00,0x67,0x00,0x00,0x00,0x58,0x03,0x00,0x00,
0x57,0x03,0x00,0x00,0xf7,0x00,0x03,0x00,0x40,0x03,0x00,0x00,0x00,0x00,0x00,0x00,
0xfa,0x00,0x04,0x00,0x58,0x03,0x00,0x00,0x2d,0x03,0x00,0x00,0x40,0x03,0x00,0x00,
0xf8,0x00,0x02,0x00,0x2d,0x03,0x00,0x00,0x41,0x00,0x05,0x00,0x07,0x00,0x00,0x00,
0x2f,0x03,0x00,0x00,0xfa,0x02,0x00,0x00,0x6e,0x05,0x00,0x00,0x3d,0x00,0x04,0x00,
0x06,0x00,0x00,0x00,0x30,0x03,0x00,0x00,0x2f,0x03,0x00,0x00,0xba,0x00,0x05,0x00,
0x67,0x00,0x00,0x00,0x34,0x03,0x00,0x00,0x30,0x03,0x00,0x00,0x71,0x05,0x00,0x00,
0xf7,0x00,0x03,0x00,0x3f,0x03,0x00,0x00,0x00,0x00,0x00,0x00,0xfa,0x00,0x04,0x00,
0x34,0x03,0x00,0x00,0x35,0x03,0x00,0x00,0x3f,0x03,0x00,0x00,0xf8,0x00,0x02,0x00,
0x35,0x03,0x00,0x00,0x0c,0x00,0x07,0x00,0x06,0x00,0x00,0x00,0x5d,0x03,0x00,0x00,
0x01,0x00,0x00,0x00,0x25,0x00,0x00,0x00,0x6f,0x05,0x00,0x00,0x30,0x03,0x00,0x00,
0xf9,0x00,0x02,0x00,0x3f,0x03,0x00,0x00,0xf8,0x00,0x02,0x00,0x3f,0x03,0x00,0x00,
0xf5,0x00,0x07,0x00,0x06,0x00,0x00,0x00,0x78,0x05,0x00,0x00,0x6f,0x05,0x00,0x00,
0x2d,0x03,0x00,0x00,0x5d,0x03,0x00,0x00,0x35,0x03,0x00,0x00,0xa9,0x00,0x06,0x00,
0x06,0x00,0x00,0x00,0x7d,0x05,0x00,0x00,0x34,0x03,0x00,0x00,0x30,0x03,0x00,0x00,
0x71,0x05,0x00,0x00,0x50,0x00,0x05,0x00,0x48,0x01,0x00,0x00,0x7e,0x05,0x00,0x00,
0x34,0x03,0x00,0x00,0x34,0x03,0x00,0x00,0xa9,0x00,0x06,0x00,0x25,0x00,0x00,0x00,
0x7f,0x05,0x00,0x00,0x7e,0x05,0x00,0x00,0x29,0x03,0x00,0x00,0x70,0x05,0x00,0x00,
0xf9,0x00,0x02,0x00,0x40,0x03,0x00,0x00,0xf8,0x00,0x02,0x00,0x40,0x03,0x00,0x00,
0xf5,0x00,0x07,0x00,0x06,0x00,0x00,0x00,0x7b,0x05,0x00,0x00,0x71,0x05,0x00,0x00,
0x24,0x03,0x00,0x00,0x7d,0x05,0x00,0x00,0x3f,0x03,0x00,0x00,0xf5,0x00,0x07,0x00,
0x25,0x00,0x00,0x00,0x79,0x05,0x00,0x00,0x70,0x05,0x00,0x00,0x24,0x03,0x00,0x00,
0x7f,0x05,0x00,0x00,0x3f,0x03,0x00,0x00,0xf5,0x00,0x07,0x00,0x06,0x00,0x00,0x00,
0x77,0x05,0x00,0x00,0x6f,0x05,0x00,0x00,0x24,0x03,0x00,0x00,0x78,0x05,0x00,0x00,
0x3f,0x03,0x00,0x00,0xf9,0x00,0x02,0x00,0x41,0x03,0x00,0x00,0xf8,0x00,0x02,0x00,
0x41,0x03,0x00,0x00,0x80,0x00,0x05,0x00,0x24,0x00,0x00,0x00,0x43,0x03,0x00,0x00,
0x6e,0x05,0x00,0x00,0x8a,0x01,0x00,0x00,0xf9,0x00,0x02,0x00,0x20,0x03,0x00,0x00,
0xf8,0x00,0x02,0x00,0x44,0x03,0x00,0x00,0x6f,0x00,0x04,0x00,0x12,0x00,0x00,0x00,
0x95,0x03,0x00,0x00,0x70,0x05,0x00,0x00,0x81,0x00,0x05,0x00,0x12,0x00,0x00,0x00,
0x97,0x03,0x00,0x00,0x95,0x03,0x00,0x00,0x7c,0x01,0x00,0x00,0x41,0x00,0x05,0x00,
0xc1,0x00,0x00,0x00,0xa7,0x03,0x00,0x00,0xb4,0x00,0x00,0x00,0xc0,0x00,0x00,0x00,
0x3d,0x00,0x04,0x00,0x12,0x00,0x00,0x00,0xa8,0x03,0x00,0x00,0xa7,0x03,0x00,0x00,
0x83,0x00,0x05,0x00,0x12,0x00,0x00,0x00,0x99,0x03,0x00,0x00,0x97,0x03,0x00,0x00,
0xa8,0x03,0x00,0x00,0x41,0x00,0x05,0x00,0xb6,0x00,0x00,0x00,0xab,0x03,0x00,0x00,
0xb4,0x00,0x00,0x00,0xb5,0x00,0x00,0x00,0x3d,0x00,0x04,0x00,0x25,0x00,0x00,0x00,
0xac,0x03,0x00,0x00,0xab,0x03,0x00,0x00,0x6f,0x00,0x04,0x00,0x12,0x00,0x00,0x00,
0x9c,0x03,0x00,0x00,0xac,0x03,0x00,0x00,0x88,0x00,0x05,0x00,0x12,0x00,0x00,0x00,
0x9d,0x03,0x00,0x00,0x99,0x03,0x00,0x00,0x9c,0x03,0x00,0x00,0x41,0x00,0x05,0x00,
0xb6,0x00,0x00,0x00,0xaf,0x03,0x00,0x00,0xb4,0x00,0x00,0x00,0xbb,0x00,0x00,0x00,
0x3d,0x00,0x04,0x00,0x25,0x00,0x00,0x00,0xb0,0x03,0x00,0x00,0xaf,0x03,0x00,0x00,
0x6f,0x00,0x04,0x00,0x12,0x00,0x00,0x00,0x9f,0x03,0x00,0x00,0xb0,0x03,0x00,0x00,
0x85,0x00,0x05,0x00,0x12,0x00,0x00,0x00,0xa0,0x03,0x00,0x00,0x9d,0x03,0x00,0x00,
0x9f,0x03,0x00,0x00,0x0c,0x00,0x06,0x00,0x12,0x00,0x00,0x00,0xa2,0x03,0x00,0x00,
0x01,0x00,0x00,0x00,0x08,0x00,0x00,0x00,0xa0,0x03,0x00,0x00,0x6e,0x00,0x04,0x00,
0x25,0x00,0x00,0x00,0xa3,0x03,0x00,0x00,0xa2,0x03,0x00,0x00,0x3d,0x00,0x04,0x00,
0xdc,0x00,0x00,0x00,0xb5,0x03,0x00,0x00,0xee,0x00,0x00,0x00,0x5f,0x00,0x07,0x00,
0x2e,0x00,0x00,0x00,0xb7,0x03,0x00,0x00,0xb5,0x03,0x00,0x00,0xa3,0x03,0x00,0x00,
0x02,0x00,0x00,0x00,0xb5,0x00,0x00,0x00,0x4f,0x00,0x07,0x00,0x12,0x00,0x00,0x00,
0xb8,0x03,0x00,0x00,0xb7,0x03,0x00,0x00,0xb7,0x03,0x00,0x00,0x00,0x00,0x00,0x00,
0x01,0x00,0x00,0x00,0x41,0x00,0x05,0x00,0xc1,0x00,0x00,0x00,0xc2,0x03,0x00,0x00,
0xb4,0x00,0x00,0x00,0xcc,0x00,0x00,0x00,0x3d,0x00,0x04,0x00,0x12,0x00,0x00,0x00,
0xc3,0x03,0x00,0x00,0xc2,0x03,0x00,0x00,0x41,0x00,0x05,0x00,0xc1,0x00,0x00,0x00,
0xc6,0x03,0x00,0x00,0xb4,0x00,0x00,0x00,0xd1,0x00,0x00,0x00,0x3d,0x00,0x04,0x00,
0x12,0x00,0x00,0x00,0xc7,0x03,0x00,0x00,0xc6,0x03,0x00,0x00,0x7f,0x00,0x04,0x00,
0x12,0x00,0x00,0x00,0x67,0x05,0x00,0x00,0xc7,0x03,0x00,0x00,0x0c,0x00,0x08,0x00,
0x12,0x00,0x00,0x00,0xbe,0x03,0x00,0x00,0x01,0x00,0x00,0x00,0x32,0x00,0x00,0x00,
0xb8,0x03,0x00,0x00,0xc3,0x03,0x00,0x00,0x67,0x05,0x00,0x00,0x41,0x00,0x05,0x00,
0xc7,0x00,0x00,0x00,0x29,0x04,0x00,0x00,0xb4,0x00,0x00,0x00,0xc6,0x00,0x00,0x00,
0x3d,0x00,0x04,0x00,0x2e,0x00,0x00,0x00,0x2a,0x04,0x00,0x00,0x29,0x04,0x00,0x00,
0x51,0x00,0x05,0x00,0x06,0x00,0x00,0x00,0x21,0x04,0x00,0x00,0x2a,0x04,0x00,0x00,
0x01,0x00,0x00,0x00,0x51,0x00,0x05,0x00,0x06,0x00,0x00,0x00,0x24,0x04,0x00,0x00,
0x2a,0x04,0x00,0x00,0x00,0x00,0x00,0x00,0x83,0x00,0x05,0x00,0x06,0x00,0x00,0x00,
0x25,0x04,0x00,0x00,0x71,0x05,0x00,0x00,0x24,0x04,0x00,0x00,0x88,0x00,0x05,0x00,
0x06,0x00,0x00,0x00,0x26,0x04,0x00,0x00,0x21,0x04,0x00,0x00,0x25,0x04,0x00,0x00,
0x41,0x00,0x05,0x00,0xd7,0x00,0x00,0x00,0x2d,0x04,0x00,0x00,0xb4,0x00,0x00,0x00,
0xd6,0x00,0x00,0x00,0x3d,0x00,0x04,0x00,0x06,0x00,0x00,0x00,0x2e,0x04,0x00,0x00,
0x2d,0x04,0x00,0x00,0x85,0x00,0x05,0x00,0x06,0x00,0x00,0x00,0x1b,0x04,0x00,0x00,
0x26,0x04,0x00,0x00,0x2e,0x04,0x00,0x00,0x0c,0x00,0x07,0x00,0x06,0x00,0x00,0x00,
0x33,0x04,0x00,0x00,0x01,0x00,0x00,0x00,0x25,0x00,0x00,0x00,0x1b,0x04,0x00,0x00,
0xb5,0x01,0x00,0x00,0x85,0x00,0x05,0x00,0x06,0x00,0x00,0x00,0x3b,0x04,0x00,0x00,
0x33,0x04,0x00,0x00,0x68,0x05,0x00,0x00,0x0c,0x00,0x08,0x00,0x06,0x00,0x00,0x00,
0x41,0x04,0x00,0x00,0x01,0x00,0x00,0x00,0x2b,0x00,0x00,0x00,0x3b,0x04,0x00,0x00,
0x9f,0x00,0x00,0x00,0xa0,0x00,0x00,0x00,0x0c,0x00,0x08,0x00,0x06,0x00,0x00,0x00,
0x47,0x04,0x00,0x00,0x01,0x00,0x00,0x00,0x2e,0x00,0x00,0x00,0x26,0x01,0x00,0x00,
0x27,0x01,0x00,0x00,0x41,0x04,0x00,0x00,0x85,0x00,0x05,0x00,0x12,0x00,0x00,0x00,
0x4b,0x04,0x00,0x00,0xbe,0x03,0x00,0x00,0x36,0x01,0x00,0x00,0x0c,0x00,0x06,0x00,
0x06,0x00,0x00,0x00,0x4c,0x04,0x00,0x00,0x01,0x00,0x00,0x00,0x42,0x00,0x00,0x00,
0x4b,0x04,0x00,0x00,0xba,0x00,0x05,0x00,0x67,0x00,0x00,0x00,0xe5,0x03,0x00,0x00,
0x4c,0x04,0x00,0x00,0x47,0x04,0x00,0x00,0xa9,0x00,0x06,0x00,0x06,0x00,0x00,0x00,
0xe6,0x03,0x00,0x00,0xe5,0x03,0x00,0x00,0xa0,0x00,0x00,0x00,0x9f,0x00,0x00,0x00,
0x8e,0x00,0x05,0x00,0x12,0x00,0x00,0x00,0xe8,0x03,0x00,0x00,0xbe,0x03,0x00,0x00,
0xe6,0x03,0x00,0x00,0x6f,0x00,0x04,0x00,0x12,0x00,0x00,0x00,0xea,0x03,0x00,0x00,
0xb2,0x02,0x00,0x00,0x81,0x00,0x05,0x00,0x12,0x00,0x00,0x00,0xec,0x03,0x00,0x00,
0xea,0x03,0x00,0x00,0x7c,0x01,0x00,0x00,0x88,0x00,0x05,0x00,0x12,0x00,0x00,0x00,
0xef,0x03,0x00,0x00,0xec,0x03,0x00,0x00,0x9c,0x03,0x00,0x00,0x81,0x00,0x05,0x00,
0x12,0x00,0x00,0x00,0xf2,0x03,0x00,0x00,0xef,0x03,0x00,0x00,0xe8,0x03,0x00,0x00,
0x0c,0x00,0x08,0x00,0x12,0x00,0x00,0x00,0x5f,0x04,0x00,0x00,0x01,0x00,0x00,0x00,
0x32,0x00,0x00,0x00,0xf2,0x03,0x00,0x00,0x9c,0x03,0x00,0x00,0x6c,0x05,0x00,0x00,
0x0c,0x00,0x06,0x00,0x12,0x00,0x00,0x00,0x61,0x04,0x00,0x00,0x01,0x00,0x00,0x00,
0x08,0x00,0x00,0x00,0x5f,0x04,0x00,0x00,0x6e,0x00,0x04,0x00,0x25,0x00,0x00,0x00,
0x62,0x04,0x00,0x00,0x61,0x04,0x00,0x00,0x0c,0x00,0x06,0x00,0x12,0x00,0x00,0x00,
0x8a,0x04,0x00,0x00,0x01,0x00,0x00,0x00,0x0a,0x00,0x00,0x00,0x5f,0x04,0x00,0x00,
0x51,0x00,0x05,0x00,0x06,0x00,0x00,0x00,0x6b,0x04,0x00,0x00,0x8a,0x04,0x00,0x00,
0x00,0x00,0x00,0x00,0x83,0x00,0x05,0x00,0x06,0x00,0x00,0x00,0x6c,0x04,0x00,0x00,
0xa0,0x00,0x00,0x00,0x6b,0x04,0x00,0x00,0x51,0x00,0x05,0x00,0x06,0x00,0x00,0x00,
0x6e,0x04,0x00,0x00,0x8a,0x04,0x00,0x00,0x01,0x00,0x00,0x00,0x83,0x00,0x05,0x00,
0x06,0x00,0x00,0x00,0x6f,0x04,0x00,0x00,0xa0,0x00,0x00,0x00,0x6e,0x04,0x00,0x00,
0x85,0x00,0x05,0x00,0x06,0x00,0x00,0x00,0x70,0x04,0x00,0x00,0x6c,0x04,0x00,0x00,
0x6f,0x04,0x00,0x00,0x85,0x00,0x05,0x00,0x06,0x00,0x00,0x00,0x77,0x04,0x00,0x00,
0x6b,0x04,0x00,0x00,0x6f,0x04,0x00,0x00,0x85,0x00,0x05,0x00,0x06,0x00,0x00,0x00,
0x7e,0x04,0x00,0x00,0x6c,0x04,0x00,0x00,0x6e,0x04,0x00,0x00,0x85,0x00,0x05,0x00,
0x06,0x00,0x00,0x00,0x84,0x04,0x00,0x00,0x6b,0x04,0x00,0x00,0x6e,0x04,0x00,0x00,
0x50,0x00,0x07,0x00,0x7a,0x00,0x00,0x00,0x5a,0x05,0x00,0x00,0x70,0x04,0x00,0x00,
0x77,0x04,0x00,0x00,0x7e,0x04,0x00,0x00,0x84,0x04,0x00,0x00,0x3e,0x00,0x03,0x00,
0x0c,0x05,0x00,0x00,0x6a,0x05,0x00,0x00,0x3e,0x00,0x03,0x00,0x0d,0x05,0x00,0x00,
0x5a,0x05,0x00,0x00,0xf9,0x00,0x02,0x00,0xf6,0x03,0x00,0x00,0xf8,0x00,0x02,0x00,
0xf6,0x03,0x00,0x00,0xf5,0x00,0x07,0x00,0x24,0x00,0x00,0x00,0x72,0x05,0x00,0x00,
0xb5,0x00,0x00,0x00,0x44,0x03,0x00,0x00,0x13,0x04,0x00,0x00,0x11,0x04,0x00,0x00,
0xb1,0x00,0x05,0x00,0x67,0x00,0x00,0x00,0xf9,0x03,0x00,0x00,0x72,0x05,0x00,0x00,
0xdf,0x01,0x00,0x00,0xf6,0x00,0x04,0x00,0x14,0x04,0x00,0x00,0x11,0x04,0x00,0x00,
0x00,0x00,0x00,0x00,0xfa,0x00,0x04,0x00,0xf9,0x03,0x00,0x00,0xfa,0x03,0x00,0x00,
0x14,0x04,0x00,0x00,0xf8,0x00,0x02,0x00,0xfa,0x03,0x00,0x00,0x41,0x00,0x05,0x00,
0x39,0x00,0x00,0x00,0x12,0x05,0x00,0x00,0x0c,0x05,0x00,0x00,0x72,0x05,0x00,0x00,
0x3d,0x00,0x04,0x00,0x25,0x00,0x00,0x00,0xfd,0x03,0x00,0x00,0x12,0x05,0x00,0x00,
0x41,0x00,0x05,0x00,0x07,0x00,0x00,0x00,0x13,0x05,0x00,0x00,0x0d,0x05,0x00,0x00,
0x72,0x05,0x00,0x00,0x3d,0x00,0x04,0x00,0x06,0x00,0x00,0x00,0x00,0x04,0x00,0x00,
0x13,0x05,0x00,0x00,0xba,0x00,0x05,0x00,0x67,0x00,0x00,0x00,0x02,0x04,0x00,0x00,
0x00,0x04,0x00,0x00,0xea,0x01,0x00,0x00,0xf7,0x00,0x03,0x00,0x10,0x04,0x00,0x00,
0x00,0x00,0x00,0x00,0xfa,0x00,0x04,0x00,0x02,0x04,0x00,0x00,0x03,0x04,0x00,0x00,
0x10,0x04,0x00,0x00,0xf8,0x00,0x02,0x00,0x03,0x04,0x00,0x00,0x80,0x00,0x05,0x00,
0x25,0x00,0x00,0x00,0x07,0x04,0x00,0x00,0x62,0x04,0x00,0x00,0xfd,0x03,0x00,0x00,
0x7c,0x00,0x04,0x00,0x44,0x01,0x00,0x00,0x92,0x04,0x00,0x00,0x07,0x04,0x00,0x00,
0x7c,0x00,0x04,0x00,0x44,0x01,0x00,0x00,0x94,0x04,0x00,0x00,0xac,0x03,0x00,0x00,
0xb0,0x00,0x05,0x00,0x48,0x01,0x00,0x00,0x95,0x04,0x00,0x00,0x92,0x04,0x00,0x00,
0x94,0x04,0x00,0x00,0x9b,0x00,0x04,0x00,0x67,0x00,0x00,0x00,0x96,0x04,0x00,0x00,
0x95,0x04,0x00,0x00,0xf7,0x00,0x03,0x00,0x0f,0x04,0x00,0x00,0x00,0x00,0x00,0x00,
0xfa,0x00,0x04,0x00,0x96,0x04,0x00,0x00,0x0b,0x04,0x00,0x00,0x0f,0x04,0x00,0x00,
0xf8,0x00,0x02,0x00,0x0b,0x04,0x00,0x00,0x7c,0x00,0x04,0x00,0x77,0x00,0x00,0x00,
0x9a,0x04,0x00,0x00,0x71,0x05,0x00,0x00,0x3c,0x00,0x06,0x00,0x12,0x01,0x00,0x00,
0x9d,0x04,0x00,0x00,0x0f,0x01,0x00,0x00,0x07,0x04,0x00,0x00,0xe2,0x00,0x00,0x00,
0xef,0x00,0x07,0x00,0x77,0x00,0x00,0x00,0x9e,0x04,0x00,0x00,0x9d,0x04,0x00,0x00,
0x14,0x01,0x00,0x00,0xe2,0x00,0x00,0x00,0x9a,0x04,0x00,0x00,0xf9,0x00,0x02,0x00,
0x0f,0x04,0x00,0x00,0xf8,0x00,0x02,0x00,0x0f,0x04,0x00,0x00,0xf9,0x00,0x02,0x00,
0x10,0x04,0x00,0x00,0xf8,0x00,0x02,0x00,0x10,0x04,0x00,0x00,0xf9,0x00,0x02,0x00,
0x11,0x04,0x00,0x00,0xf8,0x00,0x02,0x00,0x11,0x04,0x00,0x00,0x80,0x00,0x05,0x00,
0x24,0x00,0x00,0x00,0x13,0x04,0x00,0x00,0x72,0x05,0x00,0x00,0x8a,0x01,0x00,0x00,
0xf9,0x00,0x02,0x00,0xf6,0x03,0x00,0x00,0xf8,0x00,0x02,0x00,0x14,0x04,0x00,0x00,
0x3d,0x00,0x04,0x00,0x1d,0x01,0x00,0x00,0xa0,0x04,0x00,0x00,0x1f,0x01,0x00,0x00,
0x51,0x00,0x05,0x00,0x06,0x00,0x00,0x00,0xa3,0x04,0x00,0x00,0xbe,0x03,0x00,0x00,
0x00,0x00,0x00,0x00,0x51,0x00,0x05,0x00,0x06,0x00,0x00,0x00,0xa4,0x04,0x00,0x00,
0xbe,0x03,0x00,0x00,0x01,0x00,0x00,0x00,0x50,0x00,0x07,0x00,0x2e,0x00,0x00,0x00,
0xa5,0x04,0x00,0x00,0xa3,0x04,0x00,0x00,0xa4,0x04,0x00,0x00,0x9f,0x00,0x00,0x00,
0x9f,0x00,0x00,0x00,0x63,0x00,0x04,0x00,0xa0,0x04,0x00,0x00,0xb2,0x02,0x00,0x00,
0xa5,0x04,0x00,0x00,0x3d,0x00,0x04,0x00,0x16,0x01,0x00,0x00,0xa7,0x04,0x00,0x00,
0x18,0x01,0x00,0x00,0x50,0x00,0x07,0x00,0x2e,0x00,0x00,0x00,0xaa,0x04,0x00,0x00,
0x71,0x05,0x00,0x00,0x9f,0x00,0x00,0x00,0x9f,0x00,0x00,0x00,0x9f,0x00,0x00,0x00,
0x63,0x00,0x04,0x00,0xa7,0x04,0x00,0x00,0xb2,0x02,0x00,0x00,0xaa,0x04,0x00,0x00,
0x83,0x00,0x05,0x00,0x06,0x00,0x00,0x00,0xbb,0x04,0x00,0x00,0x6f,0x05,0x00,0x00,
0x24,0x04,0x00,0x00,0x88,0x00,0x05,0x00,0x06,0x00,0x00,0x00,0xbc,0x04,0x00,0x00,
0x21,0x04,0x00,0x00,0xbb,0x04,0x00,0x00,0x85,0x00,0x05,0x00,0x06,0x00,0x00,0x00,
0xb1,0x04,0x00,0x00,0xbc,0x04,0x00,0x00,0x2e,0x04,0x00,0x00,0x0c,0x00,0x07,0x00,
0x06,0x00,0x00,0x00,0xc9,0x04,0x00,0x00,0x01,0x00,0x00,0x00,0x25,0x00,0x00,0x00,
0xb1,0x04,0x00,0x00,0xb5,0x01,0x00,0x00,0x3d,0x00,0x04,0x00,0xfd,0x00,0x00,0x00,
0xcb,0x04,0x00,0x00,0xff,0x00,0x00,0x00,0x50,0x00,0x07,0x00,0x2e,0x00,0x00,0x00,
0xce,0x04,0x00,0x00,0xc9,0x04,0x00,0x00,0x9f,0x00,0x00,0x00,0x9f,0x00,0x00,0x00,
0x9f,0x00,0x00,0x00,0x63,0x00,0x04,0x00,0xcb,0x04,0x00,0x00,0xb2,0x02,0x00,0x00,
0xce,0x04,0x00,0x00,0x3d,0x00,0x04,0x00,0xdc,0x00,0x00,0x00,0xdf,0x04,0x00,0x00,
0xe6,0x00,0x00,0x00,0x5f,0x00,0x07,0x00,0x2e,0x00,0x00,0x00,0xe1,0x04,0x00,0x00,
0xdf,0x04,0x00,0x00,0xb2,0x02,0x00,0x00,0x02,0x00,0x00,0x00,0xb5,0x00,0x00,0x00,
0x4f,0x00,0x08,0x00,0x1d,0x00,0x00,0x00,0xe2,0x04,0x00,0x00,0xe1,0x04,0x00,0x00,
0xe1,0x04,0x00,0x00,0x00,0x00,0x00,0x00,0x01,0x00,0x00,0x00,0x02,0x00,0x00,0x00,
0x0c,0x00,0x07,0x00,0x1d,0x00,0x00,0x00,0xe7,0x04,0x00,0x00,0x01,0x00,0x00,0x00,
0x28,0x00,0x00,0x00,0x6d,0x02,0x00,0x00,0xe2,0x04,0x00,0x00,0x94,0x00,0x05,0x00,
0x06,0x00,0x00,0x00,0xeb,0x04,0x00,0x00,0xe7,0x04,0x00,0x00,0x3f,0x01,0x00,0x00,
0x3d,0x00,0x04,0x00,0xfd,0x00,0x00,0x00,0xed,0x04,0x00,0x00,0x04,0x01,0x00,0x00,
0x50,0x00,0x07,0x00,0x2e,0x00,0x00,0x00,0xf0,0x04,0x00,0x00,0xeb,0x04,0x00,0x00,
0x9f,0x00,0x00,0x00,0x9f,0x00,0x00,0x00,0x9f,0x00,0x00,0x00,0x63,0x00,0x04,0x00,
0xed,0x04,0x00,0x00,0xb2,0x02,0x00,0x00,0xf0,0x04,0x00,0x00,0xfd,0x00,0x01,0x00,
0x38,0x00,0x01,0x00
};

// ffx_fsr3upscaler_prepare_inputs_pass_wave64_29b03ce903d1bf08767246ea1322dec3.h.
// Auto generated by FidelityFX-SC.

static const char* g_ffx_fsr3upscaler_prepare_inputs_pass_wave64_29b03ce903d1bf08767246ea1322dec3_CBVResourceNames[] = {  "cbFSR3Upscaler", };
static const uint32_t g_ffx_fsr3upscaler_prepare_inputs_pass_wave64_29b03ce903d1bf08767246ea1322dec3_CBVResourceBindings[] = {  8, };
static const uint32_t g_ffx_fsr3upscaler_prepare_inputs_pass_wave64_29b03ce903d1bf08767246ea1322dec3_CBVResourceCounts[] = {  1, };
static const uint32_t g_ffx_fsr3upscaler_prepare_inputs_pass_wave64_29b03ce903d1bf08767246ea1322dec3_CBVResourceSets[] = {  0, };

static const char* g_ffx_fsr3upscaler_prepare_inputs_pass_wave64_29b03ce903d1bf08767246ea1322dec3_TextureSRVResourceNames[] = {  "r_input_motion_vectors", "r_input_depth", "r_input_color_jittered", };
static const uint32_t g_ffx_fsr3upscaler_prepare_inputs_pass_wave64_29b03ce903d1bf08767246ea1322dec3_TextureSRVResourceBindings[] = {  0, 1, 2, };
static const uint32_t g_ffx_fsr3upscaler_prepare_inputs_pass_wave64_29b03ce903d1bf08767246ea1322dec3_TextureSRVResourceCounts[] = {  1, 1, 1, };
static const uint32_t g_ffx_fsr3upscaler_prepare_inputs_pass_wave64_29b03ce903d1bf08767246ea1322dec3_TextureSRVResourceSets[] = {  0, 0, 0, };

static const char* g_ffx_fsr3upscaler_prepare_inputs_pass_wave64_29b03ce903d1bf08767246ea1322dec3_TextureUAVResourceNames[] = {  "rw_dilated_motion_vectors", "rw_dilated_depth", "rw_reconstructed_previous_nearest_depth", "rw_farthest_depth", "rw_current_luma", };
static const uint32_t g_ffx_fsr3upscaler_prepare_inputs_pass_wave64_29b03ce903d1bf08767246ea1322dec3_TextureUAVResourceBindings[] = {  3, 4, 5, 6, 7, };
static const uint32_t g_ffx_fsr3upscaler_prepare_inputs_pass_wave64_29b03ce903d1bf08767246ea1322dec3_TextureUAVResourceCounts[] = {  1, 1, 1, 1, 1, };
static const uint32_t g_ffx_fsr3upscaler_prepare_inputs_pass_wave64_29b03ce903d1bf08767246ea1322dec3_TextureUAVResourceSets[] = {  0, 0, 0, 0, 0, };

static const uint32_t g_ffx_fsr3upscaler_prepare_inputs_pass_wave64_29b03ce903d1bf08767246ea1322dec3_size = 7572;

static const unsigned char g_ffx_fsr3upscaler_prepare_inputs_pass_wave64_29b03ce903d1bf08767246ea1322dec3_data[] = {
0x03,0x02,0x23,0x07,0x00,0x05,0x01,0x00,0x0b,0x00,0x08,0x00,0x77,0x05,0x00,0x00,
0x00,0x00,0x00,0x00,0x11,0x00,0x02,0x00,0x01,0x00,0x00,0x00,0x11,0x00,0x02,0x00,
0x31,0x00,0x00,0x00,0x0b,0x00,0x06,0x00,0x01,0x00,0x00,0x00,0x47,0x4c,0x53,0x4c,
0x2e,0x73,0x74,0x64,0x2e,0x34,0x35,0x30,0x00,0x00,0x00,0x00,0x0e,0x00,0x03,0x00,
0x00,0x00,0x00,0x00,0x01,0x00,0x00,0x00,0x0f,0x00,0x0f,0x00,0x05,0x00,0x00,0x00,
0x04,0x00,0x00,0x00,0x6d,0x61,0x69,0x6e,0x00,0x00,0x00,0x00,0xbb,0x00,0x00,0x00,
0xe0,0x00,0x00,0x00,0xe8,0x00,0x00,0x00,0xf0,0x00,0x00,0x00,0xfe,0x00,0x00,0x00,
0x03,0x01,0x00,0x00,0x0e,0x01,0x00,0x00,0x17,0x01,0x00,0x00,0x1e,0x01,0x00,0x00,
0xae,0x02,0x00,0x00,0x10,0x00,0x06,0x00,0x04,0x00,0x00,0x00,0x11,0x00,0x00,0x00,
0x08,0x00,0x00,0x00,0x08,0x00,0x00,0x00,0x01,0x00,0x00,0x00,0x03,0x00,0x03,0x00,
0x02,0x00,0x00,0x00,0xc2,0x01,0x00,0x00,0x04,0x00,0x0b,0x00,0x47,0x4c,0x5f,0x45,
0x58,0x54,0x5f,0x73,0x61,0x6d,0x70,0x6c,0x65,0x72,0x6c,0x65,0x73,0x73,0x5f,0x74,
0x65,0x78,0x74,0x75,0x72,0x65,0x5f,0x66,0x75,0x6e,0x63,0x74,0x69,0x6f,0x6e,0x73,
0x00,0x00,0x00,0x00,0x04,0x00,0x0b,0x00,0x47,0x4c,0x5f,0x45,0x58,0x54,0x5f,0x73,
0x68,0x61,0x64,0x65,0x72,0x5f,0x65,0x78,0x70,0x6c,0x69,0x63,0x69,0x74,0x5f,0x61,
0x72,0x69,0x74,0x68,0x6d,0x65,0x74,0x69,0x63,0x5f,0x74,0x79,0x70,0x65,0x73,0x00,
0x04,0x00,0x0a,0x00,0x47,0x4c,0x5f,0x47,0x4f,0x4f,0x47,0x4c,0x45,0x5f,0x63,0x70,
0x70,0x5f,0x73,0x74,0x79,0x6c,0x65,0x5f,0x6c,0x69,0x6e,0x65,0x5f,0x64,0x69,0x72,
0x65,0x63,0x74,0x69,0x76,0x65,0x00,0x00,0x04,0x00,0x08,0x00,0x47,0x4c,0x5f,0x47,
0x4f,0x4f,0x47,0x4c,0x45,0x5f,0x69,0x6e,0x63,0x6c,0x75,0x64,0x65,0x5f,0x64,0x69,
0x72,0x65,0x63,0x74,0x69,0x76,0x65,0x00,0x05,0x00,0x04,0x00,0x04,0x00,0x00,0x00,
0x6d,0x61,0x69,0x6e,0x00,0x00,0x00,0x00,0x05,0x00,0x07,0x00,0xb9,0x00,0x00,0x00,
0x63,0x62,0x46,0x53,0x52,0x33,0x55,0x50,0x53,0x43,0x41,0x4c,0x45,0x52,0x5f,0x74,
0x00,0x00,0x00,0x00,0x06,0x00,0x06,0x00,0xb9,0x00,0x00,0x00,0x00,0x00,0x00,0x00,
0x69,0x52,0x65,0x6e,0x64,0x65,0x72,0x53,0x69,0x7a,0x65,0x00,0x06,0x00,0x0a,0x00,
0xb9,0x00,0x00,0x00,0x01,0x00,0x00,0x00,0x69,0x50,0x72,0x65,0x76,0x69,0x6f,0x75,
0x73,0x46,0x72,0x61,0x6d,0x65,0x52,0x65,0x6e,0x64,0x65,0x72,0x53,0x69,0x7a,0x65,
0x00,0x00,0x00,0x00,0x06,0x00,0x07,0x00,0xb9,0x00,0x00,0x00,0x02,0x00,0x00,0x00,
0x69,0x55,0x70,0x73,0x63,0x61,0x6c,0x65,0x53,0x69,0x7a,0x65,0x00,0x00,0x00,0x00,
0x06,0x00,0x0a,0x00,0xb9,0x00,0x00,0x00,0x03,0x00,0x00,0x00,0x69,0x50,0x72,0x65,
0x76,0x69,0x6f,0x75,0x73,0x46,0x72,0x61,0x6d,0x65,0x55,0x70,0x73,0x63,0x61,0x6c,
0x65,0x53,0x69,0x7a,0x65,0x00,0x00,0x00,0x06,0x00,0x07,0x00,0xb9,0x00,0x00,0x00,
0x04,0x00,0x00,0x00,0x69,0x4d,0x61,0x78,0x52,0x65,0x6e,0x64,0x65,0x72,0x53,0x69,
0x7a,0x65,0x00,0x00,0x06,0x00,0x07,0x00,0xb9,0x00,0x00,0x00,0x05,0x00,0x00,0x00,
0x69,0x4d,0x61,0x78,0x55,0x70,0x73,0x63,0x61,0x6c,0x65,0x53,0x69,0x7a,0x65,0x00,
0x06,0x00,0x08,0x00,0xb9,0x00,0x00,0x00,0x06,0x00,0x00,0x00,0x66,0x44,0x65,0x76,
0x69,0x63,0x65,0x54,0x6f,0x56,0x69,0x65,0x77,0x44,0x65,0x70,0x74,0x68,0x00,0x00,
0x06,0x00,0x05,0x00,0xb9,0x00,0x00,0x00,0x07,0x00,0x00,0x00,0x66,0x4a,0x69,0x74,
0x74,0x65,0x72,0x00,0x06,0x00,0x09,0x00,0xb9,0x00,0x00,0x00,0x08,0x00,0x00,0x00,
0x66,0x50,0x72,0x65,0x76,0x69,0x6f,0x75,0x73,0x46,0x72,0x61,0x6d,0x65,0x4a,0x69,
0x74,0x74,0x65,0x72,0x00,0x00,0x00,0x00,0x06,0x00,0x08,0x00,0xb9,0x00,0x00,0x00,
0x09,0x00,0x00,0x00,0x66,0x4d,0x6f,0x74,0x69,0x6f,0x6e,0x56,0x65,0x63,0x74,0x6f,
0x72,0x53,0x63,0x61,0x6c,0x65,0x00,0x00,0x06,0x00,0x08,0x00,0xb9,0x00,0x00,0x00,
0x0a,0x00,0x00,0x00,0x66,0x44,0x6f,0x77,0x6e,0x73,0x63,0x61,0x6c,0x65,0x46,0x61,
0x63,0x74,0x6f,0x72,0x00,0x00,0x00,0x00,0x06,0x00,0x0b,0x00,0xb9,0x00,0x00,0x00,
0x0b,0x00,0x00,0x00,0x66,0x4d,0x6f,0x74,0x69,0x6f,0x6e,0x56,0x65,0x63,0x74,0x6f,
0x72,0x4a,0x69,0x74,0x74,0x65,0x72,0x43,0x61,0x6e,0x63,0x65,0x6c,0x6c,0x61,0x74,
0x69,0x6f,0x6e,0x00,0x06,0x00,0x06,0x00,0xb9,0x00,0x00,0x00,0x0c,0x00,0x00,0x00,
0x66,0x54,0x61,0x6e,0x48,0x61,0x6c,0x66,0x46,0x4f,0x56,0x00,0x06,0x00,0x09,0x00,
0xb9,0x00,0x00,0x00,0x0d,0x00,0x00,0x00,0x66,0x4a,0x69,0x74,0x74,0x65,0x72,0x53,
0x65,0x71,0x75,0x65,0x6e,0x63,0x65,0x4c,0x65,0x6e,0x67,0x74,0x68,0x00,0x00,0x00,
0x06,0x00,0x06,0x00,0xb9,0x00,0x00,0x00,0x0e,0x00,0x00,0x00,0x66,0x44,0x65,0x6c,
0x74,0x61,0x54,0x69,0x6d,0x65,0x00,0x00,0x06,0x00,0x08,0x00,0xb9,0x00,0x00,0x00,
0x0f,0x00,0x00,0x00,0x66,0x44,0x65,0x6c,0x74,0x61,0x50,0x72,0x65,0x45,0x78,0x70,
0x6f,0x73,0x75,0x72,0x65,0x00,0x00,0x00,0x06,0x00,0x0a,0x00,0xb9,0x00,0x00,0x00,
0x10,0x00,0x00,0x00,0x66,0x56,0x69,0x65,0x77,0x53,0x70,0x61,0x63,0x65,0x54,0x6f,
0x4d,0x65,0x74,0x65,0x72,0x73,0x46,0x61,0x63,0x74,0x6f,0x72,0x00,0x00,0x00,0x00,
0x06,0x00,0x06,0x00,0xb9,0x00,0x00,0x00,0x11,0x00,0x00,0x00,0x66,0x46,0x72,0x61,
0x6d,0x65,0x49,0x6e,0x64,0x65,0x78,0x00,0x06,0x00,0x07,0x00,0xb9,0x00,0x00,0x00,
0x12,0x00,0x00,0x00,0x66,0x56,0x65,0x6c,0x6f,0x63,0x69,0x74,0x79,0x46,0x61,0x63,
0x74,0x6f,0x72,0x00,0x06,0x00,0x08,0x00,0xb9,0x00,0x00,0x00,0x13,0x00,0x00,0x00,
0x66,0x52,0x65,0x61,0x63,0x74,0x69,0x76,0x65,0x6e,0x65,0x73,0x73,0x53,0x63,0x61,
0x6c,0x65,0x00,0x00,0x06,0x00,0x08,0x00,0xb9,0x00,0x00,0x00,0x14,0x00,0x00,0x00,
0x66,0x53,0x68,0x61,0x64,0x69,0x6e,0x67,0x43,0x68,0x61,0x6e,0x67,0x65,0x53,0x63,
0x61,0x6c,0x65,0x00,0x06,0x00,0x0a,0x00,0xb9,0x00,0x00,0x00,0x15,0x00,0x00,0x00,
0x66,0x41,0x63,0x63,0x75,0x6d,0x75,0x6c,0x61,0x74,0x69,0x6f,0x6e,0x41,0x64,0x64,
0x65,0x64,0x50,0x65,0x72,0x46,0x72,0x61,0x6d,0x65,0x00,0x00,0x06,0x00,0x0b,0x00,
0xb9,0x00,0x00,0x00,0x16,0x00,0x00,0x00,0x66,0x4d,0x69,0x6e,0x44,0x69,0x73,0x6f,
0x63,0x63,0x6c,0x75,0x73,0x69,0x6f,0x6e,0x41,0x63,0x63,0x75,0x6d,0x75,0x6c,0x61,
0x74,0x69,0x6f,0x6e,0x00,0x00,0x00,0x00,0x05,0x00,0x06,0x00,0xbb,0x00,0x00,0x00,
0x63,0x62,0x46,0x53,0x52,0x33,0x55,0x70,0x73,0x63,0x61,0x6c,0x65,0x72,0x00,0x00,
0x05,0x00,0x06,0x00,0xe0,0x00,0x00,0x00,0x72,0x5f,0x69,0x6e,0x70,0x75,0x74,0x5f,
0x64,0x65,0x70,0x74,0x68,0x00,0x00,0x00,0x05,0x00,0x08,0x00,0xe8,0x00,0x00,0x00,
0x72,0x5f,0x69,0x6e,0x70,0x75,0x74,0x5f,0x63,0x6f,0x6c,0x6f,0x72,0x5f,0x6a,0x69,
0x74,0x74,0x65,0x72,0x65,0x64,0x00,0x00,0x05,0x00,0x08,0x00,0xf0,0x00,0x00,0x00,
0x72,0x5f,0x69,0x6e,0x70,0x75,0x74,0x5f,0x6d,0x6f,0x74,0x69,0x6f,0x6e,0x5f,0x76,
0x65,0x63,0x74,0x6f,0x72,0x73,0x00,0x00,0x05,0x00,0x07,0x00,0xfe,0x00,0x00,0x00,
0x72,0x77,0x5f,0x66,0x61,0x72,0x74,0x68,0x65,0x73,0x74,0x5f,0x64,0x65,0x70,0x74,
0x68,0x00,0x00,0x00,0x05,0x00,0x06,0x00,0x03,0x01,0x00,0x00,0x72,0x77,0x5f,0x63,
0x75,0x72,0x72,0x65,0x6e,0x74,0x5f,0x6c,0x75,0x6d,0x61,0x00,0x05,0x00,0x0c,0x00,
0x0e,0x01,0x00,0x00,0x72,0x77,0x5f,0x72,0x65,0x63,0x6f,0x6e,0x73,0x74,0x72,0x75,
0x63,0x74,0x65,0x64,0x5f,0x70,0x72,0x65,0x76,0x69,0x6f,0x75,0x73,0x5f,0x6e,0x65,
0x61,0x72,0x65,0x73,0x74,0x5f,0x64,0x65,0x70,0x74,0x68,0x00,0x05,0x00,0x07,0x00,
0x17,0x01,0x00,0x00,0x72,0x77,0x5f,0x64,0x69,0x6c,0x61,0x74,0x65,0x64,0x5f,0x64,
0x65,0x70,0x74,0x68,0x00,0x00,0x00,0x00,0x05,0x00,0x09,0x00,0x1e,0x01,0x00,0x00,
0x72,0x77,0x5f,0x64,0x69,0x6c,0x61,0x74,0x65,0x64,0x5f,0x6d,0x6f,0x74,0x69,0x6f,
0x6e,0x5f,0x76,0x65,0x63,0x74,0x6f,0x72,0x73,0x00,0x00,0x00,0x05,0x00,0x08,0x00,
0xae,0x02,0x00,0x00,0x67,0x6c,0x5f,0x47,0x6c,0x6f,0x62,0x61,0x6c,0x49,0x6e,0x76,
0x6f,0x63,0x61,0x74,0x69,0x6f,0x6e,0x49,0x44,0x00,0x00,0x00,0x48,0x00,0x05,0x00,
0xb9,0x00,0x00,0x00,0x00,0x00,0x00,0x00,0x23,0x00,0x00,0x00,0x00,0x00,0x00,0x00,
0x48,0x00,0x05,0x00,0xb9,0x00,0x00,0x00,0x01,0x00,0x00,0x00,0x23,0x00,0x00,0x00,
0x08,0x00,0x00,0x00,0x48,0x00,0x05,0x00,0xb9,0x00,0x00,0x00,0x02,0x00,0x00,0x00,
0x23,0x00,0x00,0x00,0x10,0x00,0x00,0x00,0x48,0x00,0x05,0x00,0xb9,0x00,0x00,0x00,
0x03,0x00,0x00,0x00,0x23,0x00,0x00,0x00,0x18,0x00,0x00,0x00,0x48,0x00,0x05,0x00,
0xb9,0x00,0x00,0x00,0x04,0x00,0x00,0x00,0x23,0x00,0x00,0x00,0x20,0x00,0x00,0x00,
0x48,0x00,0x05,0x00,0xb9,0x00,0x00,0x00,0x05,0x00,0x00,0x00,0x23,0x00,0x00,0x00,
0x28,0x00,0x00,0x00,0x48,0x00,0x05,0x00,0xb9,0x00,0x00,0x00,0x06,0x00,0x00,0x00,
0x23,0x00,0x00,0x00,0x30,0x00,0x00,0x00,0x48,0x00,0x05,0x00,0xb9,0x00,0x00,0x00,
0x07,0x00,0x00,0x00,0x23,0x00,0x00,0x00,0x40,0x00,0x00,0x00,0x48,0x00,0x05,0x00,
0xb9,0x00,0x00,0x00,0x08,0x00,0x00,0x00,0x23,0x00,0x00,0x00,0x48,0x00,0x00,0x00,
0x48,0x00,0x05,0x00,0xb9,0x00,0x00,0x00,0x09,0x00,0x00,0x00,0x23,0x00,0x00,0x00,
0x50,0x00,0x00,0x00,0x48,0x00,0x05,0x00,0xb9,0x00,0x00,0x00,0x0a,0x00,0x00,0x00,
0x23,0x00,0x00,0x00,0x58,0x00,0x00,0x00,0x48,0x00,0x05,0x00,0xb9,0x00,0x00,0x00,
0x0b,0x00,0x00,0x00,0x23,0x00,0x00,0x00,0x60,0x00,0x00,0x00,0x48,0x00,0x05,0x00,
0xb9,0x00,0x00,0x00,0x0c,0x00,0x00,0x00,0x23,0x00,0x00,0x00,0x68,0x00,0x00,0x00,
0x48,0x00,0x05,0x00,0xb9,0x00,0x00,0x00,0x0d,0x00,0x00,0x00,0x23,0x00,0x00,0x00,
0x6c,0x00,0x00,0x00,0x48,0x00,0x05,0x00,0xb9,0x00,0x00,0x00,0x0e,0x00,0x00,0x00,
0x23,0x00,0x00,0x00,0x70,0x00,0x00,0x00,0x48,0x00,0x05,0x00,0xb9,0x00,0x00,0x00,
0x0f,0x00,0x00,0x00,0x23,0x00,0x00,0x00,0x74,0x00,0x00,0x00,0x48,0x00,0x05,0x00,
0xb9,0x00,0x00,0x00,0x10,0x00,0x00,0x00,0x23,0x00,0x00,0x00,0x78,0x00,0x00,0x00,
0x48,0x00,0x05,0x00,0xb9,0x00,0x00,0x00,0x11,0x00,0x00,0x00,0x23,0x00,0x00,0x00,
0x7c,0x00,0x00,0x00,0x48,0x00,0x05,0x00,0xb9,0x00,0x00,0x00,0x12,0x00,0x00,0x00,
0x23,0x00,0x00,0x00,0x80,0x00,0x00,0x00,0x48,0x00,0x05,0x00,0xb9,0x00,0x00,0x00,
0x13,0x00,0x00,0x00,0x23,0x00,0x00,0x00,0x84,0x00,0x00,0x00,0x48,0x00,0x05,0x00,
0xb9,0x00,0x00,0x00,0x14,0x00,0x00,0x00,0x23,0x00,0x00,0x00,0x88,0x00,0x00,0x00,
0x48,0x00,0x05,0x00,0xb9,0x00,0x00,0x00,0x15,0x00,0x00,0x00,0x23,0x00,0x00,0x00,
0x8c,0x00,0x00,0x00,0x48,0x00,0x05,0x00,0xb9,0x00,0x00,0x00,0x16,0x00,0x00,0x00,
0x23,0x00,0x00,0x00,0x90,0x00,0x00,0x00,0x47,0x00,0x03,0x00,0xb9,0x00,0x00,0x00,
0x02,0x00,0x00,0x00,0x47,0x00,0x04,0x00,0xbb,0x00,0x00,0x00,0x22,0x00,0x00,0x00,
0x00,0x00,0x00,0x00,0x47,0x00,0x04,0x00,0xbb,0x00,0x00,0x00,0x21,0x00,0x00,0x00,
0x08,0x00,0x00,0x00,0x47,0x00,0x04,0x00,0xe0,0x00,0x00,0x00,0x22,0x00,0x00,0x00,
0x00,0x00,0x00,0x00,0x47,0x00,0x04,0x00,0xe0,0x00,0x00,0x00,0x21,0x00,0x00,0x00,
0x01,0x00,0x00,0x00,0x47,0x00,0x04,0x00,0xe8,0x00,0x00,0x00,0x22,0x00,0x00,0x00,
0x00,0x00,0x00,0x00,0x47,0x00,0x04,0x00,0xe8,0x00,0x00,0x00,0x21,0x00,0x00,0x00,
0x02,0x00,0x00,0x00,0x47,0x00,0x04,0x00,0xf0,0x00,0x00,0x00,0x22,0x00,0x00,0x00,
0x00,0x00,0x00,0x00,0x47,0x00,0x04,0x00,0xf0,0x00,0x00,0x00,0x21,0x00,0x00,0x00,
0x00,0x00,0x00,0x00,0x47,0x00,0x04,0x00,0xfe,0x00,0x00,0x00,0x22,0x00,0x00,0x00,
0x00,0x00,0x00,0x00,0x47,0x00,0x04,0x00,0xfe,0x00,0x00,0x00,0x21,0x00,0x00,0x00,
0x06,0x00,0x00,0x00,0x47,0x00,0x04,0x00,0x03,0x01,0x00,0x00,0x22,0x00,0x00,0x00,
0x00,0x00,0x00,0x00,0x47,0x00,0x04,0x00,0x03,0x01,0x00,0x00,0x21,0x00,0x00,0x00,
0x07,0x00,0x00,0x00,0x47,0x00,0x04,0x00,0x0e,0x01,0x00,0x00,0x22,0x00,0x00,0x00,
0x00,0x00,0x00,0x00,0x47,0x00,0x04,0x00,0x0e,0x01,0x00,0x00,0x21,0x00,0x00,0x00,
0x05,0x00,0x00,0x00,0x47,0x00,0x04,0x00,0x17,0x01,0x00,0x00,0x22,0x00,0x00,0x00,
0x00,0x00,0x00,0x00,0x47,0x00,0x04,0x00,0x17,0x01,0x00,0x00,0x21,0x00,0x00,0x00,
0x04,0x00,0x00,0x00,0x47,0x00,0x03,0x00,0x17,0x01,0x00,0x00,0x19,0x00,0x00,0x00,
0x47,0x00,0x04,0x00,0x1e,0x01,0x00,0x00,0x22,0x00,0x00,0x00,0x00,0x00,0x00,0x00,
0x47,0x00,0x04,0x00,0x1e,0x01,0x00,0x00,0x21,0x00,0x00,0x00,0x03,0x00,0x00,0x00,
0x47,0x00,0x03,0x00,0x1e,0x01,0x00,0x00,0x19,0x00,0x00,0x00,0x47,0x00,0x04,0x00,
0xae,0x02,0x00,0x00,0x0b,0x00,0x00,0x00,0x1c,0x00,0x00,0x00,0x47,0x00,0x04,0x00,
0xc2,0x02,0x00,0x00,0x0b,0x00,0x00,0x00,0x19,0x00,0x00,0x00,0x47,0x00,0x03,0x00,
0xf8,0x02,0x00,0x00,0x18,0x00,0x00,0x00,0x47,0x00,0x03,0x00,0xfd,0x02,0x00,0x00,
0x18,0x00,0x00,0x00,0x13,0x00,0x02,0x00,0x02,0x00,0x00,0x00,0x21,0x00,0x03,0x00,
0x03,0x00,0x00,0x00,0x02,0x00,0x00,0x00,0x16,0x00,0x03,0x00,0x06,0x00,0x00,0x00,
0x20,0x00,0x00,0x00,0x20,0x00,0x04,0x00,0x07,0x00,0x00,0x00,0x07,0x00,0x00,0x00,
0x06,0x00,0x00,0x00,0x17,0x00,0x04,0x00,0x12,0x00,0x00,0x00,0x06,0x00,0x00,0x00,
0x02,0x00,0x00,0x00,0x17,0x00,0x04,0x00,0x21,0x00,0x00,0x00,0x06,0x00,0x00,0x00,
0x03,0x00,0x00,0x00,0x15,0x00,0x04,0x00,0x28,0x00,0x00,0x00,0x20,0x00,0x00,0x00,
0x01,0x00,0x00,0x00,0x17,0x00,0x04,0x00,0x29,0x00,0x00,0x00,0x28,0x00,0x00,0x00,
0x02,0x00,0x00,0x00,0x17,0x00,0x04,0x00,0x32,0x00,0x00,0x00,0x06,0x00,0x00,0x00,
0x04,0x00,0x00,0x00,0x20,0x00,0x04,0x00,0x3b,0x00,0x00,0x00,0x07,0x00,0x00,0x00,
0x29,0x00,0x00,0x00,0x14,0x00,0x02,0x00,0x69,0x00,0x00,0x00,0x15,0x00,0x04,0x00,
0x79,0x00,0x00,0x00,0x20,0x00,0x00,0x00,0x00,0x00,0x00,0x00,0x2b,0x00,0x04,0x00,
0x79,0x00,0x00,0x00,0x7a,0x00,0x00,0x00,0x04,0x00,0x00,0x00,0x1c,0x00,0x04,0x00,
0x7b,0x00,0x00,0x00,0x29,0x00,0x00,0x00,0x7a,0x00,0x00,0x00,0x1c,0x00,0x04,0x00,
0x7c,0x00,0x00,0x00,0x06,0x00,0x00,0x00,0x7a,0x00,0x00,0x00,0x2b,0x00,0x04,0x00,
0x06,0x00,0x00,0x00,0xa1,0x00,0x00,0x00,0x00,0x00,0x00,0x00,0x2b,0x00,0x04,0x00,
0x06,0x00,0x00,0x00,0xa2,0x00,0x00,0x00,0x00,0x00,0x80,0x3f,0x1e,0x00,0x19,0x00,
0xb9,0x00,0x00,0x00,0x29,0x00,0x00,0x00,0x29,0x00,0x00,0x00,0x29,0x00,0x00,0x00,
0x29,0x00,0x00,0x00,0x29,0x00,0x00,0x00,0x29,0x00,0x00,0x00,0x32,0x00,0x00,0x00,
0x12,0x00,0x00,0x00,0x12,0x00,0x00,0x00,0x12,0x00,0x00,0x00,0x12,0x00,0x00,0x00,
0x12,0x00,0x00,0x00,0x06,0x00,0x00,0x00,0x06,0x00,0x00,0x00,0x06,0x00,0x00,0x00,
0x06,0x00,0x00,0x00,0x06,0x00,0x00,0x00,0x06,0x00,0x00,0x00,0x06,0x00,0x00,0x00,
0x06,0x00,0x00,0x00,0x06,0x00,0x00,0x00,0x06,0x00,0x00,0x00,0x06,0x00,0x00,0x00,
0x20,0x00,0x04,0x00,0xba,0x00,0x00,0x00,0x02,0x00,0x00,0x00,0xb9,0x00,0x00,0x00,
0x3b,0x00,0x04,0x00,0xba,0x00,0x00,0x00,0xbb,0x00,0x00,0x00,0x02,0x00,0x00,0x00,
0x2b,0x00,0x04,0x00,0x28,0x00,0x00,0x00,0xbc,0x00,0x00,0x00,0x00,0x00,0x00,0x00,
0x20,0x00,0x04,0x00,0xbd,0x00,0x00,0x00,0x02,0x00,0x00,0x00,0x29,0x00,0x00,0x00,
0x2b,0x00,0x04,0x00,0x28,0x00,0x00,0x00,0xc2,0x00,0x00,0x00,0x02,0x00,0x00,0x00,
0x2b,0x00,0x04,0x00,0x28,0x00,0x00,0x00,0xc7,0x00,0x00,0x00,0x07,0x00,0x00,0x00,
0x20,0x00,0x04,0x00,0xc8,0x00,0x00,0x00,0x02,0x00,0x00,0x00,0x12,0x00,0x00,0x00,
0x2b,0x00,0x04,0x00,0x28,0x00,0x00,0x00,0xcd,0x00,0x00,0x00,0x06,0x00,0x00,0x00,
0x20,0x00,0x04,0x00,0xce,0x00,0x00,0x00,0x02,0x00,0x00,0x00,0x32,0x00,0x00,0x00,
0x2b,0x00,0x04,0x00,0x28,0x00,0x00,0x00,0xd3,0x00,0x00,0x00,0x09,0x00,0x00,0x00,
0x2b,0x00,0x04,0x00,0x28,0x00,0x00,0x00,0xd8,0x00,0x00,0x00,0x10,0x00,0x00,0x00,
0x20,0x00,0x04,0x00,0xd9,0x00,0x00,0x00,0x02,0x00,0x00,0x00,0x06,0x00,0x00,0x00,
0x19,0x00,0x09,0x00,0xde,0x00,0x00,0x00,0x06,0x00,0x00,0x00,0x01,0x00,0x00,0x00,
0x00,0x00,0x00,0x00,0x00,0x00,0x00,0x00,0x00,0x00,0x00,0x00,0x01,0x00,0x00,0x00,
0x00,0x00,0x00,0x00,0x20,0x00,0x04,0x00,0xdf,0x00,0x00,0x00,0x00,0x00,0x00,0x00,
0xde,0x00,0x00,0x00,0x3b,0x00,0x04,0x00,0xdf,0x00,0x00,0x00,0xe0,0x00,0x00,0x00,
0x00,0x00,0x00,0x00,0x2b,0x00,0x04,0x00,0x79,0x00,0x00,0x00,0xe4,0x00,0x00,0x00,
0x00,0x00,0x00,0x00,0x3b,0x00,0x04,0x00,0xdf,0x00,0x00,0x00,0xe8,0x00,0x00,0x00,
0x00,0x00,0x00,0x00,0x3b,0x00,0x04,0x00,0xdf,0x00,0x00,0x00,0xf0,0x00,0x00,0x00,
0x00,0x00,0x00,0x00,0x19,0x00,0x09,0x00,0xfc,0x00,0x00,0x00,0x06,0x00,0x00,0x00,
0x01,0x00,0x00,0x00,0x00,0x00,0x00,0x00,0x00,0x00,0x00,0x00,0x00,0x00,0x00,0x00,
0x02,0x00,0x00,0x00,0x09,0x00,0x00,0x00,0x20,0x00,0x04,0x00,0xfd,0x00,0x00,0x00,
0x00,0x00,0x00,0x00,0xfc,0x00,0x00,0x00,0x3b,0x00,0x04,0x00,0xfd,0x00,0x00,0x00,
0xfe,0x00,0x00,0x00,0x00,0x00,0x00,0x00,0x3b,0x00,0x04,0x00,0xfd,0x00,0x00,0x00,
0x03,0x01,0x00,0x00,0x00,0x00,0x00,0x00,0x19,0x00,0x09,0x00,0x0c,0x01,0x00,0x00,
0x79,0x00,0x00,0x00,0x01,0x00,0x00,0x00,0x00,0x00,0x00,0x00,0x00,0x00,0x00,0x00,
0x00,0x00,0x00,0x00,0x02,0x00,0x00,0x00,0x21,0x00,0x00,0x00,0x20,0x00,0x04,0x00,
0x0d,0x01,0x00,0x00,0x00,0x00,0x00,0x00,0x0c,0x01,0x00,0x00,0x3b,0x00,0x04,0x00,
0x0d,0x01,0x00,0x00,0x0e,0x01,0x00,0x00,0x00,0x00,0x00,0x00,0x20,0x00,0x04,0x00,
0x11,0x01,0x00,0x00,0x0b,0x00,0x00,0x00,0x79,0x00,0x00,0x00,0x2b,0x00,0x04,0x00,
0x79,0x00,0x00,0x00,0x13,0x01,0x00,0x00,0x01,0x00,0x00,0x00,0x19,0x00,0x09,0x00,
0x15,0x01,0x00,0x00,0x06,0x00,0x00,0x00,0x01,0x00,0x00,0x00,0x00,0x00,0x00,0x00,
0x00,0x00,0x00,0x00,0x00,0x00,0x00,0x00,0x02,0x00,0x00,0x00,0x03,0x00,0x00,0x00,
0x20,0x00,0x04,0x00,0x16,0x01,0x00,0x00,0x00,0x00,0x00,0x00,0x15,0x01,0x00,0x00,
0x3b,0x00,0x04,0x00,0x16,0x01,0x00,0x00,0x17,0x01,0x00,0x00,0x00,0x00,0x00,0x00,
0x19,0x00,0x09,0x00,0x1c,0x01,0x00,0x00,0x06,0x00,0x00,0x00,0x01,0x00,0x00,0x00,
0x00,0x00,0x00,0x00,0x00,0x00,0x00,0x00,0x00,0x00,0x00,0x00,0x02,0x00,0x00,0x00,
0x07,0x00,0x00,0x00,0x20,0x00,0x04,0x00,0x1d,0x01,0x00,0x00,0x00,0x00,0x00,0x00,
0x1c,0x01,0x00,0x00,0x3b,0x00,0x04,0x00,0x1d,0x01,0x00,0x00,0x1e,0x01,0x00,0x00,
0x00,0x00,0x00,0x00,0x2b,0x00,0x04,0x00,0x06,0x00,0x00,0x00,0x25,0x01,0x00,0x00,
0x00,0x00,0x80,0x3e,0x2b,0x00,0x04,0x00,0x06,0x00,0x00,0x00,0x26,0x01,0x00,0x00,
0x00,0x00,0x40,0x3f,0x2b,0x00,0x04,0x00,0x06,0x00,0x00,0x00,0x33,0x01,0x00,0x00,
0x00,0x00,0x70,0x45,0x2b,0x00,0x04,0x00,0x06,0x00,0x00,0x00,0x34,0x01,0x00,0x00,
0x00,0x00,0x07,0x45,0x2c,0x00,0x05,0x00,0x12,0x00,0x00,0x00,0x35,0x01,0x00,0x00,
0x33,0x01,0x00,0x00,0x34,0x01,0x00,0x00,0x2b,0x00,0x04,0x00,0x06,0x00,0x00,0x00,
0x3b,0x01,0x00,0x00,0xd0,0xb3,0x59,0x3e,0x2b,0x00,0x04,0x00,0x06,0x00,0x00,0x00,
0x3c,0x01,0x00,0x00,0x59,0x17,0x37,0x3f,0x2b,0x00,0x04,0x00,0x06,0x00,0x00,0x00,
0x3d,0x01,0x00,0x00,0x98,0xdd,0x93,0x3d,0x2c,0x00,0x06,0x00,0x21,0x00,0x00,0x00,
0x3e,0x01,0x00,0x00,0x3b,0x01,0x00,0x00,0x3c,0x01,0x00,0x00,0x3d,0x01,0x00,0x00,
0x17,0x00,0x04,0x00,0x43,0x01,0x00,0x00,0x79,0x00,0x00,0x00,0x02,0x00,0x00,0x00,
0x17,0x00,0x04,0x00,0x47,0x01,0x00,0x00,0x69,0x00,0x00,0x00,0x02,0x00,0x00,0x00,
0x2b,0x00,0x04,0x00,0x06,0x00,0x00,0x00,0x4f,0x01,0x00,0x00,0x00,0x00,0x00,0x3f,
0x2c,0x00,0x05,0x00,0x12,0x00,0x00,0x00,0x7b,0x01,0x00,0x00,0x4f,0x01,0x00,0x00,
0x4f,0x01,0x00,0x00,0x2c,0x00,0x05,0x00,0x29,0x00,0x00,0x00,0x87,0x01,0x00,0x00,
0xbc,0x00,0x00,0x00,0xbc,0x00,0x00,0x00,0x2b,0x00,0x04,0x00,0x28,0x00,0x00,0x00,
0x89,0x01,0x00,0x00,0x01,0x00,0x00,0x00,0x2c,0x00,0x05,0x00,0x29,0x00,0x00,0x00,
0x8a,0x01,0x00,0x00,0x89,0x01,0x00,0x00,0xbc,0x00,0x00,0x00,0x2c,0x00,0x05,0x00,
0x29,0x00,0x00,0x00,0x8c,0x01,0x00,0x00,0xbc,0x00,0x00,0x00,0x89,0x01,0x00,0x00,
0x2c,0x00,0x05,0x00,0x29,0x00,0x00,0x00,0x8f,0x01,0x00,0x00,0x89,0x01,0x00,0x00,
0x89,0x01,0x00,0x00,0x2b,0x00,0x04,0x00,0x06,0x00,0x00,0x00,0xb4,0x01,0x00,0x00,
0x00,0xe0,0x7f,0x47,0x2b,0x00,0x04,0x00,0x28,0x00,0x00,0x00,0xde,0x01,0x00,0x00,
0x04,0x00,0x00,0x00,0x2b,0x00,0x04,0x00,0x06,0x00,0x00,0x00,0xe9,0x01,0x00,0x00,
0x68,0xe8,0x1f,0x3a,0x2b,0x00,0x04,0x00,0x79,0x00,0x00,0x00,0x0a,0x02,0x00,0x00,
0x09,0x00,0x00,0x00,0x1c,0x00,0x04,0x00,0x0b,0x02,0x00,0x00,0x29,0x00,0x00,0x00,
0x0a,0x02,0x00,0x00,0x2b,0x00,0x04,0x00,0x28,0x00,0x00,0x00,0x0c,0x02,0x00,0x00,
0xff,0xff,0xff,0xff,0x2c,0x00,0x05,0x00,0x29,0x00,0x00,0x00,0x0d,0x02,0x00,0x00,
0xbc,0x00,0x00,0x00,0x0c,0x02,0x00,0x00,0x2c,0x00,0x05,0x00,0x29,0x00,0x00,0x00,
0x0e,0x02,0x00,0x00,0x0c,0x02,0x00,0x00,0xbc,0x00,0x00,0x00,0x2c,0x00,0x05,0x00,
0x29,0x00,0x00,0x00,0x0f,0x02,0x00,0x00,0x0c,0x02,0x00,0x00,0x89,0x01,0x00,0x00,
0x2c,0x00,0x05,0x00,0x29,0x00,0x00,0x00,0x10,0x02,0x00,0x00,0x0c,0x02,0x00,0x00,
0x0c,0x02,0x00,0x00,0x2c,0x00,0x05,0x00,0x29,0x00,0x00,0x00,0x11,0x02,0x00,0x00,
0x89,0x01,0x00,0x00,0x0c,0x02,0x00,0x00,0x2c,0x00,0x0c,0x00,0x0b,0x02,0x00,0x00,
0x12,0x02,0x00,0x00,0x87,0x01,0x00,0x00,0x8a,0x01,0x00,0x00,0x8c,0x01,0x00,0x00,
0x0d,0x02,0x00,0x00,0x0e,0x02,0x00,0x00,0x0f,0x02,0x00,0x00,0x8f,0x01,0x00,0x00,
0x10,0x02,0x00,0x00,0x11,0x02,0x00,0x00,0x20,0x00,0x04,0x00,0x14,0x02,0x00,0x00,
0x07,0x00,0x00,0x00,0x0b,0x02,0x00,0x00,0x1c,0x00,0x04,0x00,0x19,0x02,0x00,0x00,
0x06,0x00,0x00,0x00,0x0a,0x02,0x00,0x00,0x20,0x00,0x04,0x00,0x1a,0x02,0x00,0x00,
0x07,0x00,0x00,0x00,0x19,0x02,0x00,0x00,0x2c,0x00,0x06,0x00,0x21,0x00,0x00,0x00,
0x6c,0x02,0x00,0x00,0xa1,0x00,0x00,0x00,0xa1,0x00,0x00,0x00,0xa1,0x00,0x00,0x00,
0x17,0x00,0x04,0x00,0xac,0x02,0x00,0x00,0x79,0x00,0x00,0x00,0x03,0x00,0x00,0x00,
0x20,0x00,0x04,0x00,0xad,0x02,0x00,0x00,0x01,0x00,0x00,0x00,0xac,0x02,0x00,0x00,
0x3b,0x00,0x04,0x00,0xad,0x02,0x00,0x00,0xae,0x02,0x00,0x00,0x01,0x00,0x00,0x00,
0x2b,0x00,0x04,0x00,0x79,0x00,0x00,0x00,0xc1,0x02,0x00,0x00,0x08,0x00,0x00,0x00,
0x2c,0x00,0x06,0x00,0xac,0x02,0x00,0x00,0xc2,0x02,0x00,0x00,0xc1,0x02,0x00,0x00,
0xc1,0x02,0x00,0x00,0x13,0x01,0x00,0x00,0x20,0x00,0x04,0x00,0xe9,0x04,0x00,0x00,
0x07,0x00,0x00,0x00,0x7b,0x00,0x00,0x00,0x20,0x00,0x04,0x00,0xeb,0x04,0x00,0x00,
0x07,0x00,0x00,0x00,0x7c,0x00,0x00,0x00,0x2b,0x00,0x04,0x00,0x06,0x00,0x00,0x00,
0x5f,0x05,0x00,0x00,0x0a,0xd7,0x23,0x3c,0x2c,0x00,0x07,0x00,0x7b,0x00,0x00,0x00,
0x61,0x05,0x00,0x00,0x87,0x01,0x00,0x00,0x8a,0x01,0x00,0x00,0x8c,0x01,0x00,0x00,
0x8f,0x01,0x00,0x00,0x2b,0x00,0x04,0x00,0x06,0x00,0x00,0x00,0x62,0x05,0x00,0x00,
0x00,0x00,0x00,0xbf,0x2c,0x00,0x05,0x00,0x12,0x00,0x00,0x00,0x63,0x05,0x00,0x00,
0x62,0x05,0x00,0x00,0x62,0x05,0x00,0x00,0x36,0x00,0x05,0x00,0x02,0x00,0x00,0x00,
0x04,0x00,0x00,0x00,0x00,0x00,0x00,0x00,0x03,0x00,0x00,0x00,0xf8,0x00,0x02,0x00,
0x05,0x00,0x00,0x00,0x3b,0x00,0x04,0x00,0xeb,0x04,0x00,0x00,0x05,0x05,0x00,0x00,
0x07,0x00,0x00,0x00,0x3b,0x00,0x04,0x00,0xe9,0x04,0x00,0x00,0x04,0x05,0x00,0x00,
0x07,0x00,0x00,0x00,0x3b,0x00,0x05,0x00,0x14,0x02,0x00,0x00,0xf8,0x02,0x00,0x00,
0x07,0x00,0x00,0x00,0x12,0x02,0x00,0x00,0x3b,0x00,0x04,0x00,0x1a,0x02,0x00,0x00,
0xf9,0x02,0x00,0x00,0x07,0x00,0x00,0x00,0x3b,0x00,0x05,0x00,0x14,0x02,0x00,0x00,
0xfd,0x02,0x00,0x00,0x07,0x00,0x00,0x00,0x12,0x02,0x00,0x00,0x3d,0x00,0x04,0x00,
0xac,0x02,0x00,0x00,0xaf,0x02,0x00,0x00,0xae,0x02,0x00,0x00,0x4f,0x00,0x07,0x00,
0x43,0x01,0x00,0x00,0xb0,0x02,0x00,0x00,0xaf,0x02,0x00,0x00,0xaf,0x02,0x00,0x00,
0x00,0x00,0x00,0x00,0x01,0x00,0x00,0x00,0x7c,0x00,0x04,0x00,0x29,0x00,0x00,0x00,
0xb1,0x02,0x00,0x00,0xb0,0x02,0x00,0x00,0x3e,0x00,0x03,0x00,0xf8,0x02,0x00,0x00,
0x12,0x02,0x00,0x00,0x3e,0x00,0x03,0x00,0xfd,0x02,0x00,0x00,0x12,0x02,0x00,0x00,
0xf9,0x00,0x02,0x00,0x05,0x03,0x00,0x00,0xf8,0x00,0x02,0x00,0x05,0x03,0x00,0x00,
0xf5,0x00,0x07,0x00,0x28,0x00,0x00,0x00,0x64,0x05,0x00,0x00,0xbc,0x00,0x00,0x00,
0x05,0x00,0x00,0x00,0x15,0x03,0x00,0x00,0x09,0x03,0x00,0x00,0xb1,0x00,0x05,0x00,
0x69,0x00,0x00,0x00,0x08,0x03,0x00,0x00,0x64,0x05,0x00,0x00,0xd3,0x00,0x00,0x00,
0xf6,0x00,0x04,0x00,0x16,0x03,0x00,0x00,0x09,0x03,0x00,0x00,0x00,0x00,0x00,0x00,
0xfa,0x00,0x04,0x00,0x08,0x03,0x00,0x00,0x09,0x03,0x00,0x00,0x16,0x03,0x00,0x00,
0xf8,0x00,0x02,0x00,0x09,0x03,0x00,0x00,0x41,0x00,0x05,0x00,0x3b,0x00,0x00,0x00,
0x0c,0x03,0x00,0x00,0xf8,0x02,0x00,0x00,0x64,0x05,0x00,0x00,0x3d,0x00,0x04,0x00,
0x29,0x00,0x00,0x00,0x0d,0x03,0x00,0x00,0x0c,0x03,0x00,0x00,0x80,0x00,0x05,0x00,
0x29,0x00,0x00,0x00,0x0e,0x03,0x00,0x00,0xb1,0x02,0x00,0x00,0x0d,0x03,0x00,0x00,
0x3d,0x00,0x04,0x00,0xde,0x00,0x00,0x00,0x47,0x03,0x00,0x00,0xe0,0x00,0x00,0x00,
0x5f,0x00,0x07,0x00,0x32,0x00,0x00,0x00,0x49,0x03,0x00,0x00,0x47,0x03,0x00,0x00,
0x0e,0x03,0x00,0x00,0x02,0x00,0x00,0x00,0xbc,0x00,0x00,0x00,0x51,0x00,0x05,0x00,
0x06,0x00,0x00,0x00,0x4a,0x03,0x00,0x00,0x49,0x03,0x00,0x00,0x00,0x00,0x00,0x00,
0x41,0x00,0x05,0x00,0x07,0x00,0x00,0x00,0x12,0x03,0x00,0x00,0xf9,0x02,0x00,0x00,
0x64,0x05,0x00,0x00,0x3e,0x00,0x03,0x00,0x12,0x03,0x00,0x00,0x4a,0x03,0x00,0x00,
0x80,0x00,0x05,0x00,0x28,0x00,0x00,0x00,0x15,0x03,0x00,0x00,0x64,0x05,0x00,0x00,
0x89,0x01,0x00,0x00,0xf9,0x00,0x02,0x00,0x05,0x03,0x00,0x00,0xf8,0x00,0x02,0x00,
0x16,0x03,0x00,0x00,0x41,0x00,0x05,0x00,0x07,0x00,0x00,0x00,0x19,0x03,0x00,0x00,
0xf9,0x02,0x00,0x00,0xbc,0x00,0x00,0x00,0x3d,0x00,0x04,0x00,0x06,0x00,0x00,0x00,
0x1a,0x03,0x00,0x00,0x19,0x03,0x00,0x00,0x3d,0x00,0x04,0x00,0x06,0x00,0x00,0x00,
0x1d,0x03,0x00,0x00,0x19,0x03,0x00,0x00,0xf9,0x00,0x02,0x00,0x1f,0x03,0x00,0x00,
0xf8,0x00,0x02,0x00,0x1f,0x03,0x00,0x00,0xf5,0x00,0x07,0x00,0x06,0x00,0x00,0x00,
0x68,0x05,0x00,0x00,0x1a,0x03,0x00,0x00,0x16,0x03,0x00,0x00,0x72,0x05,0x00,0x00,
0x40,0x03,0x00,0x00,0xf5,0x00,0x07,0x00,0x29,0x00,0x00,0x00,0x67,0x05,0x00,0x00,
0xb1,0x02,0x00,0x00,0x16,0x03,0x00,0x00,0x70,0x05,0x00,0x00,0x40,0x03,0x00,0x00,
0xf5,0x00,0x07,0x00,0x06,0x00,0x00,0x00,0x66,0x05,0x00,0x00,0x1d,0x03,0x00,0x00,
0x16,0x03,0x00,0x00,0x6e,0x05,0x00,0x00,0x40,0x03,0x00,0x00,0xf5,0x00,0x07,0x00,
0x28,0x00,0x00,0x00,0x65,0x05,0x00,0x00,0x89,0x01,0x00,0x00,0x16,0x03,0x00,0x00,
0x42,0x03,0x00,0x00,0x40,0x03,0x00,0x00,0xb1,0x00,0x05,0x00,0x69,0x00,0x00,0x00,
0x22,0x03,0x00,0x00,0x65,0x05,0x00,0x00,0xd3,0x00,0x00,0x00,0xf6,0x00,0x04,0x00,
0x43,0x03,0x00,0x00,0x40,0x03,0x00,0x00,0x00,0x00,0x00,0x00,0xfa,0x00,0x04,0x00,
0x22,0x03,0x00,0x00,0x23,0x03,0x00,0x00,0x43,0x03,0x00,0x00,0xf8,0x00,0x02,0x00,
0x23,0x03,0x00,0x00,0x41,0x00,0x05,0x00,0x3b,0x00,0x00,0x00,0x26,0x03,0x00,0x00,
0xfd,0x02,0x00,0x00,0x65,0x05,0x00,0x00,0x3d,0x00,0x04,0x00,0x29,0x00,0x00,0x00,
0x27,0x03,0x00,0x00,0x26,0x03,0x00,0x00,0x80,0x00,0x05,0x00,0x29,0x00,0x00,0x00,
0x28,0x03,0x00,0x00,0xb1,0x02,0x00,0x00,0x27,0x03,0x00,0x00,0x41,0x00,0x05,0x00,
0xbd,0x00,0x00,0x00,0x4d,0x03,0x00,0x00,0xbb,0x00,0x00,0x00,0xbc,0x00,0x00,0x00,
0x3d,0x00,0x04,0x00,0x29,0x00,0x00,0x00,0x4e,0x03,0x00,0x00,0x4d,0x03,0x00,0x00,
0x7c,0x00,0x04,0x00,0x43,0x01,0x00,0x00,0x53,0x03,0x00,0x00,0x28,0x03,0x00,0x00,
0x7c,0x00,0x04,0x00,0x43,0x01,0x00,0x00,0x55,0x03,0x00,0x00,0x4e,0x03,0x00,0x00,
0xb0,0x00,0x05,0x00,0x47,0x01,0x00,0x00,0x56,0x03,0x00,0x00,0x53,0x03,0x00,0x00,
0x55,0x03,0x00,0x00,0x9b,0x00,0x04,0x00,0x69,0x00,0x00,0x00,0x57,0x03,0x00,0x00,
0x56,0x03,0x00,0x00,0xf7,0x00,0x03,0x00,0x3f,0x03,0x00,0x00,0x00,0x00,0x00,0x00,
0xfa,0x00,0x04,0x00,0x57,0x03,0x00,0x00,0x2c,0x03,0x00,0x00,0x3f,0x03,0x00,0x00,
0xf8,0x00,0x02,0x00,0x2c,0x03,0x00,0x00,0x41,0x00,0x05,0x00,0x07,0x00,0x00,0x00,
0x2e,0x03,0x00,0x00,0xf9,0x02,0x00,0x00,0x65,0x05,0x00,0x00,0x3d,0x00,0x04,0x00,
0x06,0x00,0x00,0x00,0x2f,0x03,0x00,0x00,0x2e,0x03,0x00,0x00,0xb8,0x00,0x05,0x00,
0x69,0x00,0x00,0x00,0x33,0x03,0x00,0x00,0x2f,0x03,0x00,0x00,0x68,0x05,0x00,0x00,
0xf7,0x00,0x03,0x00,0x3e,0x03,0x00,0x00,0x00,0x00,0x00,0x00,0xfa,0x00,0x04,0x00,
0x33,0x03,0x00,0x00,0x34,0x03,0x00,0x00,0x3e,0x03,0x00,0x00,0xf8,0x00,0x02,0x00,
0x34,0x03,0x00,0x00,0x0c,0x00,0x07,0x00,0x06,0x00,0x00,0x00,0x5c,0x03,0x00,0x00,
0x01,0x00,0x00,0x00,0x28,0x00,0x00,0x00,0x66,0x05,0x00,0x00,0x2f,0x03,0x00,0x00,
0xf9,0x00,0x02,0x00,0x3e,0x03,0x00,0x00,0xf8,0x00,0x02,0x00,0x3e,0x03,0x00,0x00,
0xf5,0x00,0x07,0x00,0x06,0x00,0x00,0x00,0x6f,0x05,0x00,0x00,0x66,0x05,0x00,0x00,
0x2c,0x03,0x00,0x00,0x5c,0x03,0x00,0x00,0x34,0x03,0x00,0x00,0xa9,0x00,0x06,0x00,
0x06,0x00,0x00,0x00,0x74,0x05,0x00,0x00,0x33,0x03,0x00,0x00,0x2f,0x03,0x00,0x00,
0x68,0x05,0x00,0x00,0x50,0x00,0x05,0x00,0x47,0x01,0x00,0x00,0x75,0x05,0x00,0x00,
0x33,0x03,0x00,0x00,0x33,0x03,0x00,0x00,0xa9,0x00,0x06,0x00,0x29,0x00,0x00,0x00,
0x76,0x05,0x00,0x00,0x75,0x05,0x00,0x00,0x28,0x03,0x00,0x00,0x67,0x05,0x00,0x00,
0xf9,0x00,0x02,0x00,0x3f,0x03,0x00,0x00,0xf8,0x00,0x02,0x00,0x3f,0x03,0x00,0x00,
0xf5,0x00,0x07,0x00,0x06,0x00,0x00,0x00,0x72,0x05,0x00,0x00,0x68,0x05,0x00,0x00,
0x23,0x03,0x00,0x00,0x74,0x05,0x00,0x00,0x3e,0x03,0x00,0x00,0xf5,0x00,0x07,0x00,
0x29,0x00,0x00,0x00,0x70,0x05,0x00,0x00,0x67,0x05,0x00,0x00,0x23,0x03,0x00,0x00,
0x76,0x05,0x00,0x00,0x3e,0x03,0x00,0x00,0xf5,0x00,0x07,0x00,0x06,0x00,0x00,0x00,
0x6e,0x05,0x00,0x00,0x66,0x05,0x00,0x00,0x23,0x03,0x00,0x00,0x6f,0x05,0x00,0x00,
0x3e,0x03,0x00,0x00,0xf9,0x00,0x02,0x00,0x40,0x03,0x00,0x00,0xf8,0x00,0x02,0x00,
0x40,0x03,0x00,0x00,0x80,0x00,0x05,0x00,0x28,0x00,0x00,0x00,0x42,0x03,0x00,0x00,
0x65,0x05,0x00,0x00,0x89,0x01,0x00,0x00,0xf9,0x00,0x02,0x00,0x1f,0x03,0x00,0x00,
0xf8,0x00,0x02,0x00,0x43,0x03,0x00,0x00,0x6f,0x00,0x04,0x00,0x12,0x00,0x00,0x00,
0x94,0x03,0x00,0x00,0x67,0x05,0x00,0x00,0x81,0x00,0x05,0x00,0x12,0x00,0x00,0x00,
0x96,0x03,0x00,0x00,0x94,0x03,0x00,0x00,0x7b,0x01,0x00,0x00,0x41,0x00,0x05,0x00,
0xc8,0x00,0x00,0x00,0xa6,0x03,0x00,0x00,0xbb,0x00,0x00,0x00,0xc7,0x00,0x00,0x00,
0x3d,0x00,0x04,0x00,0x12,0x00,0x00,0x00,0xa7,0x03,0x00,0x00,0xa6,0x03,0x00,0x00,
0x83,0x00,0x05,0x00,0x12,0x00,0x00,0x00,0x98,0x03,0x00,0x00,0x96,0x03,0x00,0x00,
0xa7,0x03,0x00,0x00,0x41,0x00,0x05,0x00,0xbd,0x00,0x00,0x00,0xaa,0x03,0x00,0x00,
0xbb,0x00,0x00,0x00,0xbc,0x00,0x00,0x00,0x3d,0x00,0x04,0x00,0x29,0x00,0x00,0x00,
0xab,0x03,0x00,0x00,0xaa,0x03,0x00,0x00,0x6f,0x00,0x04,0x00,0x12,0x00,0x00,0x00,
0x9b,0x03,0x00,0x00,0xab,0x03,0x00,0x00,0x88,0x00,0x05,0x00,0x12,0x00,0x00,0x00,
0x9c,0x03,0x00,0x00,0x98,0x03,0x00,0x00,0x9b,0x03,0x00,0x00,0x41,0x00,0x05,0x00,
0xbd,0x00,0x00,0x00,0xae,0x03,0x00,0x00,0xbb,0x00,0x00,0x00,0xc2,0x00,0x00,0x00,
0x3d,0x00,0x04,0x00,0x29,0x00,0x00,0x00,0xaf,0x03,0x00,0x00,0xae,0x03,0x00,0x00,
0x6f,0x00,0x04,0x00,0x12,0x00,0x00,0x00,0x9e,0x03,0x00,0x00,0xaf,0x03,0x00,0x00,
0x85,0x00,0x05,0x00,0x12,0x00,0x00,0x00,0x9f,0x03,0x00,0x00,0x9c,0x03,0x00,0x00,
0x9e,0x03,0x00,0x00,0x0c,0x00,0x06,0x00,0x12,0x00,0x00,0x00,0xa1,0x03,0x00,0x00,
0x01,0x00,0x00,0x00,0x08,0x00,0x00,0x00,0x9f,0x03,0x00,0x00,0x6e,0x00,0x04,0x00,
0x29,0x00,0x00,0x00,0xa2,0x03,0x00,0x00,0xa1,0x03,0x00,0x00,0x3d,0x00,0x04,0x00,
0xde,0x00,0x00,0x00,0xb4,0x03,0x00,0x00,0xf0,0x00,0x00,0x00,0x5f,0x00,0x07,0x00,
0x32,0x00,0x00,0x00,0xb6,0x03,0x00,0x00,0xb4,0x03,0x00,0x00,0xa2,0x03,0x00,0x00,
0x02,0x00,0x00,0x00,0xbc,0x00,0x00,0x00,0x4f,0x00,0x07,0x00,0x12,0x00,0x00,0x00,
0xb7,0x03,0x00,0x00,0xb6,0x03,0x00,0x00,0xb6,0x03,0x00,0x00,0x00,0x00,0x00,0x00,
0x01,0x00,0x00,0x00,0x41,0x00,0x05,0x00,0xc8,0x00,0x00,0x00,0xbe,0x03,0x00,0x00,
0xbb,0x00,0x00,0x00,0xd3,0x00,0x00,0x00,0x3d,0x00,0x04,0x00,0x12,0x00,0x00,0x00,
0xbf,0x03,0x00,0x00,0xbe,0x03,0x00,0x00,0x85,0x00,0x05,0x00,0x12,0x00,0x00,0x00,
0xba,0x03,0x00,0x00,0xb7,0x03,0x00,0x00,0xbf,0x03,0x00,0x00,0x41,0x00,0x05,0x00,
0xce,0x00,0x00,0x00,0x21,0x04,0x00,0x00,0xbb,0x00,0x00,0x00,0xcd,0x00,0x00,0x00,
0x3d,0x00,0x04,0x00,0x32,0x00,0x00,0x00,0x22,0x04,0x00,0x00,0x21,0x04,0x00,0x00,
0x51,0x00,0x05,0x00,0x06,0x00,0x00,0x00,0x19,0x04,0x00,0x00,0x22,0x04,0x00,0x00,
0x01,0x00,0x00,0x00,0x51,0x00,0x05,0x00,0x06,0x00,0x00,0x00,0x1c,0x04,0x00,0x00,
0x22,0x04,0x00,0x00,0x00,0x00,0x00,0x00,0x83,0x00,0x05,0x00,0x06,0x00,0x00,0x00,
0x1d,0x04,0x00,0x00,0x68,0x05,0x00,0x00,0x1c,0x04,0x00,0x00,0x88,0x00,0x05,0x00,
0x06,0x00,0x00,0x00,0x1e,0x04,0x00,0x00,0x19,0x04,0x00,0x00,0x1d,0x04,0x00,0x00,
0x41,0x00,0x05,0x00,0xd9,0x00,0x00,0x00,0x25,0x04,0x00,0x00,0xbb,0x00,0x00,0x00,
0xd8,0x00,0x00,0x00,0x3d,0x00,0x04,0x00,0x06,0x00,0x00,0x00,0x26,0x04,0x00,0x00,
0x25,0x04,0x00,0x00,0x85,0x00,0x05,0x00,0x06,0x00,0x00,0x00,0x13,0x04,0x00,0x00,
0x1e,0x04,0x00,0x00,0x26,0x04,0x00,0x00,0x0c,0x00,0x07,0x00,0x06,0x00,0x00,0x00,
0x2b,0x04,0x00,0x00,0x01,0x00,0x00,0x00,0x25,0x00,0x00,0x00,0x13,0x04,0x00,0x00,
0xb4,0x01,0x00,0x00,0x85,0x00,0x05,0x00,0x06,0x00,0x00,0x00,0x33,0x04,0x00,0x00,
0x2b,0x04,0x00,0x00,0x5f,0x05,0x00,0x00,0x0c,0x00,0x08,0x00,0x06,0x00,0x00,0x00,
0x39,0x04,0x00,0x00,0x01,0x00,0x00,0x00,0x2b,0x00,0x00,0x00,0x33,0x04,0x00,0x00,
0xa1,0x00,0x00,0x00,0xa2,0x00,0x00,0x00,0x0c,0x00,0x08,0x00,0x06,0x00,0x00,0x00,
0x3f,0x04,0x00,0x00,0x01,0x00,0x00,0x00,0x2e,0x00,0x00,0x00,0x25,0x01,0x00,0x00,
0x26,0x01,0x00,0x00,0x39,0x04,0x00,0x00,0x85,0x00,0x05,0x00,0x12,0x00,0x00,0x00,
0x43,0x04,0x00,0x00,0xba,0x03,0x00,0x00,0x35,0x01,0x00,0x00,0x0c,0x00,0x06,0x00,
0x06,0x00,0x00,0x00,0x44,0x04,0x00,0x00,0x01,0x00,0x00,0x00,0x42,0x00,0x00,0x00,
0x43,0x04,0x00,0x00,0xba,0x00,0x05,0x00,0x69,0x00,0x00,0x00,0xdd,0x03,0x00,0x00,
0x44,0x04,0x00,0x00,0x3f,0x04,0x00,0x00,0xa9,0x00,0x06,0x00,0x06,0x00,0x00,0x00,
0xde,0x03,0x00,0x00,0xdd,0x03,0x00,0x00,0xa2,0x00,0x00,0x00,0xa1,0x00,0x00,0x00,
0x8e,0x00,0x05,0x00,0x12,0x00,0x00,0x00,0xe0,0x03,0x00,0x00,0xba,0x03,0x00,0x00,
0xde,0x03,0x00,0x00,0x6f,0x00,0x04,0x00,0x12,0x00,0x00,0x00,0xe2,0x03,0x00,0x00,
0xb1,0x02,0x00,0x00,0x81,0x00,0x05,0x00,0x12,0x00,0x00,0x00,0xe4,0x03,0x00,0x00,
0xe2,0x03,0x00,0x00,0x7b,0x01,0x00,0x00,0x88,0x00,0x05,0x00,0x12,0x00,0x00,0x00,
0xe7,0x03,0x00,0x00,0xe4,0x03,0x00,0x00,0x9b,0x03,0x00,0x00,0x81,0x00,0x05,0x00,
0x12,0x00,0x00,0x00,0xea,0x03,0x00,0x00,0xe7,0x03,0x00,0x00,0xe0,0x03,0x00,0x00,
0x0c,0x00,0x08,0x00,0x12,0x00,0x00,0x00,0x57,0x04,0x00,0x00,0x01,0x00,0x00,0x00,
0x32,0x00,0x00,0x00,0xea,0x03,0x00,0x00,0x9b,0x03,0x00,0x00,0x63,0x05,0x00,0x00,
0x0c,0x00,0x06,0x00,0x12,0x00,0x00,0x00,0x59,0x04,0x00,0x00,0x01,0x00,0x00,0x00,
0x08,0x00,0x00,0x00,0x57,0x04,0x00,0x00,0x6e,0x00,0x04,0x00,0x29,0x00,0x00,0x00,
0x5a,0x04,0x00,0x00,0x59,0x04,0x00,0x00,0x0c,0x00,0x06,0x00,0x12,0x00,0x00,0x00,
0x82,0x04,0x00,0x00,0x01,0x00,0x00,0x00,0x0a,0x00,0x00,0x00,0x57,0x04,0x00,0x00,
0x51,0x00,0x05,0x00,0x06,0x00,0x00,0x00,0x63,0x04,0x00,0x00,0x82,0x04,0x00,0x00,
0x00,0x00,0x00,0x00,0x83,0x00,0x05,0x00,0x06,0x00,0x00,0x00,0x64,0x04,0x00,0x00,
0xa2,0x00,0x00,0x00,0x63,0x04,0x00,0x00,0x51,0x00,0x05,0x00,0x06,0x00,0x00,0x00,
0x66,0x04,0x00,0x00,0x82,0x04,0x00,0x00,0x01,0x00,0x00,0x00,0x83,0x00,0x05,0x00,
0x06,0x00,0x00,0x00,0x67,0x04,0x00,0x00,0xa2,0x00,0x00,0x00,0x66,0x04,0x00,0x00,
0x85,0x00,0x05,0x00,0x06,0x00,0x00,0x00,0x68,0x04,0x00,0x00,0x64,0x04,0x00,0x00,
0x67,0x04,0x00,0x00,0x85,0x00,0x05,0x00,0x06,0x00,0x00,0x00,0x6f,0x04,0x00,0x00,
0x63,0x04,0x00,0x00,0x67,0x04,0x00,0x00,0x85,0x00,0x05,0x00,0x06,0x00,0x00,0x00,
0x76,0x04,0x00,0x00,0x64,0x04,0x00,0x00,0x66,0x04,0x00,0x00,0x85,0x00,0x05,0x00,
0x06,0x00,0x00,0x00,0x7c,0x04,0x00,0x00,0x63,0x04,0x00,0x00,0x66,0x04,0x00,0x00,
0x50,0x00,0x07,0x00,0x7c,0x00,0x00,0x00,0x52,0x05,0x00,0x00,0x68,0x04,0x00,0x00,
0x6f,0x04,0x00,0x00,0x76,0x04,0x00,0x00,0x7c,0x04,0x00,0x00,0x3e,0x00,0x03,0x00,
0x04,0x05,0x00,0x00,0x61,0x05,0x00,0x00,0x3e,0x00,0x03,0x00,0x05,0x05,0x00,0x00,
0x52,0x05,0x00,0x00,0xf9,0x00,0x02,0x00,0xee,0x03,0x00,0x00,0xf8,0x00,0x02,0x00,
0xee,0x03,0x00,0x00,0xf5,0x00,0x07,0x00,0x28,0x00,0x00,0x00,0x69,0x05,0x00,0x00,
0xbc,0x00,0x00,0x00,0x43,0x03,0x00,0x00,0x0b,0x04,0x00,0x00,0x09,0x04,0x00,0x00,
0xb1,0x00,0x05,0x00,0x69,0x00,0x00,0x00,0xf1,0x03,0x00,0x00,0x69,0x05,0x00,0x00,
0xde,0x01,0x00,0x00,0xf6,0x00,0x04,0x00,0x0c,0x04,0x00,0x00,0x09,0x04,0x00,0x00,
0x00,0x00,0x00,0x00,0xfa,0x00,0x04,0x00,0xf1,0x03,0x00,0x00,0xf2,0x03,0x00,0x00,
0x0c,0x04,0x00,0x00,0xf8,0x00,0x02,0x00,0xf2,0x03,0x00,0x00,0x41,0x00,0x05,0x00,
0x3b,0x00,0x00,0x00,0x0a,0x05,0x00,0x00,0x04,0x05,0x00,0x00,0x69,0x05,0x00,0x00,
0x3d,0x00,0x04,0x00,0x29,0x00,0x00,0x00,0xf5,0x03,0x00,0x00,0x0a,0x05,0x00,0x00,
0x41,0x00,0x05,0x00,0x07,0x00,0x00,0x00,0x0b,0x05,0x00,0x00,0x05,0x05,0x00,0x00,
0x69,0x05,0x00,0x00,0x3d,0x00,0x04,0x00,0x06,0x00,0x00,0x00,0xf8,0x03,0x00,0x00,
0x0b,0x05,0x00,0x00,0xba,0x00,0x05,0x00,0x69,0x00,0x00,0x00,0xfa,0x03,0x00,0x00,
0xf8,0x03,0x00,0x00,0xe9,0x01,0x00,0x00,0xf7,0x00,0x03,0x00,0x08,0x04,0x00,0x00,
0x00,0x00,0x00,0x00,0xfa,0x00,0x04,0x00,0xfa,0x03,0x00,0x00,0xfb,0x03,0x00,0x00,
0x08,0x04,0x00,0x00,0xf8,0x00,0x02,0x00,0xfb,0x03,0x00,0x00,0x80,0x00,0x05,0x00,
0x29,0x00,0x00,0x00,0xff,0x03,0x00,0x00,0x5a,0x04,0x00,0x00,0xf5,0x03,0x00,0x00,
0x7c,0x00,0x04,0x00,0x43,0x01,0x00,0x00,0x8a,0x04,0x00,0x00,0xff,0x03,0x00,0x00,
0x7c,0x00,0x04,0x00,0x43,0x01,0x00,0x00,0x8c,0x04,0x00,0x00,0xab,0x03,0x00,0x00,
0xb0,0x00,0x05,0x00,0x47,0x01,0x00,0x00,0x8d,0x04,0x00,0x00,0x8a,0x04,0x00,0x00,
0x8c,0x04,0x00,0x00,0x9b,0x00,0x04,0x00,0x69,0x00,0x00,0x00,0x8e,0x04,0x00,0x00,
0x8d,0x04,0x00,0x00,0xf7,0x00,0x03,0x00,0x07,0x04,0x00,0x00,0x00,0x00,0x00,0x00,
0xfa,0x00,0x04,0x00,0x8e,0x04,0x00,0x00,0x03,0x04,0x00,0x00,0x07,0x04,0x00,0x00,
0xf8,0x00,0x02,0x00,0x03,0x04,0x00,0x00,0x7c,0x00,0x04,0x00,0x79,0x00,0x00,0x00,
0x92,0x04,0x00,0x00,0x68,0x05,0x00,0x00,0x3c,0x00,0x06,0x00,0x11,0x01,0x00,0x00,
0x95,0x04,0x00,0x00,0x0e,0x01,0x00,0x00,0xff,0x03,0x00,0x00,0xe4,0x00,0x00,0x00,
0xed,0x00,0x07,0x00,0x79,0x00,0x00,0x00,0x96,0x04,0x00,0x00,0x95,0x04,0x00,0x00,
0x13,0x01,0x00,0x00,0xe4,0x00,0x00,0x00,0x92,0x04,0x00,0x00,0xf9,0x00,0x02,0x00,
0x07,0x04,0x00,0x00,0xf8,0x00,0x02,0x00,0x07,0x04,0x00,0x00,0xf9,0x00,0x02,0x00,
0x08,0x04,0x00,0x00,0xf8,0x00,0x02,0x00,0x08,0x04,0x00,0x00,0xf9,0x00,0x02,0x00,
0x09,0x04,0x00,0x00,0xf8,0x00,0x02,0x00,0x09,0x04,0x00,0x00,0x80,0x00,0x05,0x00,
0x28,0x00,0x00,0x00,0x0b,0x04,0x00,0x00,0x69,0x05,0x00,0x00,0x89,0x01,0x00,0x00,
0xf9,0x00,0x02,0x00,0xee,0x03,0x00,0x00,0xf8,0x00,0x02,0x00,0x0c,0x04,0x00,0x00,
0x3d,0x00,0x04,0x00,0x1c,0x01,0x00,0x00,0x98,0x04,0x00,0x00,0x1e,0x01,0x00,0x00,
0x51,0x00,0x05,0x00,0x06,0x00,0x00,0x00,0x9b,0x04,0x00,0x00,0xba,0x03,0x00,0x00,
0x00,0x00,0x00,0x00,0x51,0x00,0x05,0x00,0x06,0x00,0x00,0x00,0x9c,0x04,0x00,0x00,
0xba,0x03,0x00,0x00,0x01,0x00,0x00,0x00,0x50,0x00,0x07,0x00,0x32,0x00,0x00,0x00,
0x9d,0x04,0x00,0x00,0x9b,0x04,0x00,0x00,0x9c,0x04,0x00,0x00,0xa1,0x00,0x00,0x00,
0xa1,0x00,0x00,0x00,0x63,0x00,0x04,0x00,0x98,0x04,0x00,0x00,0xb1,0x02,0x00,0x00,
0x9d,0x04,0x00,0x00,0x3d,0x00,0x04,0x00,0x15,0x01,0x00,0x00,0x9f,0x04,0x00,0x00,
0x17,0x01,0x00,0x00,0x50,0x00,0x07,0x00,0x32,0x00,0x00,0x00,0xa2,0x04,0x00,0x00,
0x68,0x05,0x00,0x00,0xa1,0x00,0x00,0x00,0xa1,0x00,0x00,0x00,0xa1,0x00,0x00,0x00,
0x63,0x00,0x04,0x00,0x9f,0x04,0x00,0x00,0xb1,0x02,0x00,0x00,0xa2,0x04,0x00,0x00,
0x83,0x00,0x05,0x00,0x06,0x00,0x00,0x00,0xb3,0x04,0x00,0x00,0x66,0x05,0x00,0x00,
0x1c,0x04,0x00,0x00,0x88,0x00,0x05,0x00,0x06,0x00,0x00,0x00,0xb4,0x04,0x00,0x00,
0x19,0x04,0x00,0x00,0xb3,0x04,0x00,0x00,0x85,0x00,0x05,0x00,0x06,0x00,0x00,0x00,
0xa9,0x04,0x00,0x00,0xb4,0x04,0x00,0x00,0x26,0x04,0x00,0x00,0x0c,0x00,0x07,0x00,
0x06,0x00,0x00,0x00,0xc1,0x04,0x00,0x00,0x01,0x00,0x00,0x00,0x25,0x00,0x00,0x00,
0xa9,0x04,0x00,0x00,0xb4,0x01,0x00,0x00,0x3d,0x00,0x04,0x00,0xfc,0x00,0x00,0x00,
0xc3,0x04,0x00,0x00,0xfe,0x00,0x00,0x00,0x50,0x00,0x07,0x00,0x32,0x00,0x00,0x00,
0xc6,0x04,0x00,0x00,0xc1,0x04,0x00,0x00,0xa1,0x00,0x00,0x00,0xa1,0x00,0x00,0x00,
0xa1,0x00,0x00,0x00,0x63,0x00,0x04,0x00,0xc3,0x04,0x00,0x00,0xb1,0x02,0x00,0x00,
0xc6,0x04,0x00,0x00,0x3d,0x00,0x04,0x00,0xde,0x00,0x00,0x00,0xd7,0x04,0x00,0x00,
0xe8,0x00,0x00,0x00,0x5f,0x00,0x07,0x00,0x32,0x00,0x00,0x00,0xd9,0x04,0x00,0x00,
0xd7,0x04,0x00,0x00,0xb1,0x02,0x00,0x00,0x02,0x00,0x00,0x00,0xbc,0x00,0x00,0x00,
0x4f,0x00,0x08,0x00,0x21,0x00,0x00,0x00,0xda,0x04,0x00,0x00,0xd9,0x04,0x00,0x00,
0xd9,0x04,0x00,0x00,0x00,0x00,0x00,0x00,0x01,0x00,0x00,0x00,0x02,0x00,0x00,0x00,
0x0c,0x00,0x07,0x00,0x21,0x00,0x00,0x00,0xdf,0x04,0x00,0x00,0x01,0x00,0x00,0x00,
0x28,0x00,0x00,0x00,0x6c,0x02,0x00,0x00,0xda,0x04,0x00,0x00,0x94,0x00,0x05,0x00,
0x06,0x00,0x00,0x00,0xe3,0x04,0x00,0x00,0xdf,0x04,0x00,0x00,0x3e,0x01,0x00,0x00,
0x3d,0x00,0x04,0x00,0xfc,0x00,0x00,0x00,0xe5,0x04,0x00,0x00,0x03,0x01,0x00,0x00,
0x50,0x00,0x07,0x00,0x32,0x00,0x00,0x00,0xe8,0x04,0x00,0x00,0xe3,0x04,0x00,0x00,
0xa1,0x00,0x00,0x00,0xa1,0x00,0x00,0x00,0xa1,0x00,0x00,0x00,0x63,0x00,0x04,0x00,
0xe5,0x04,0x00,0x00,0xb1,0x02,0x00,0x00,0xe8,0x04,0x00,0x00,0xfd,0x00,0x01,0x00,
0x38,0x00,0x01,0x00
};


typedef union ffx_fsr3upscaler_prepare_inputs_pass_wave64_PermutationKey {
    struct {
        uint32_t FFX_FSR3UPSCALER_OPTION_LOW_RESOLUTION_MOTION_VECTORS : 1;
        uint32_t FFX_FSR3UPSCALER_OPTION_JITTERED_MOTION_VECTORS : 1;
        uint32_t FFX_FSR3UPSCALER_OPTION_INVERTED_DEPTH : 1;
        uint32_t FFX_FSR3UPSCALER_OPTION_REPROJECT_USE_LANCZOS_TYPE : 1;
        uint32_t FFX_FSR3UPSCALER_OPTION_HDR_COLOR_INPUT : 1;
        uint32_t FFX_FSR3UPSCALER_OPTION_APPLY_SHARPENING : 1;
    };
    uint32_t index;
} ffx_fsr3upscaler_prepare_inputs_pass_wave64_PermutationKey;

typedef struct ffx_fsr3upscaler_prepare_inputs_pass_wave64_PermutationInfo {
    const uint32_t       blobSize;
    const unsigned char* blobData;


    const uint32_t  numConstantBuffers;
    const char**    constantBufferNames;
    const uint32_t* constantBufferBindings;
    const uint32_t* constantBufferCounts;
    const uint32_t* constantBufferSpaces;

    const uint32_t  numSRVTextures;
    const char**    srvTextureNames;
    const uint32_t* srvTextureBindings;
    const uint32_t* srvTextureCounts;
    const uint32_t* srvTextureSpaces;

    const uint32_t  numUAVTextures;
    const char**    uavTextureNames;
    const uint32_t* uavTextureBindings;
    const uint32_t* uavTextureCounts;
    const uint32_t* uavTextureSpaces;

    const uint32_t  numSRVBuffers;
    const char**    srvBufferNames;
    const uint32_t* srvBufferBindings;
    const uint32_t* srvBufferCounts;
    const uint32_t* srvBufferSpaces;

    const uint32_t  numUAVBuffers;
    const char**    uavBufferNames;
    const uint32_t* uavBufferBindings;
    const uint32_t* uavBufferCounts;
    const uint32_t* uavBufferSpaces;

    const uint32_t  numSamplers;
    const char**    samplerNames;
    const uint32_t* samplerBindings;
    const uint32_t* samplerCounts;
    const uint32_t* samplerSpaces;

    const uint32_t  numRTAccelerationStructures;
    const char**    rtAccelerationStructureNames;
    const uint32_t* rtAccelerationStructureBindings;
    const uint32_t* rtAccelerationStructureCounts;
    const uint32_t* rtAccelerationStructureSpaces;
} ffx_fsr3upscaler_prepare_inputs_pass_wave64_PermutationInfo;

static const uint32_t g_ffx_fsr3upscaler_prepare_inputs_pass_wave64_IndirectionTable[] = {
    7,
    5,
    2,
    1,
    3,
    4,
    6,
    0,
    7,
    5,
    2,
    1,
    3,
    4,
    6,
    0,
    7,
    5,
    2,
    1,
    3,
    4,
    6,
    0,
    7,
    5,
    2,
    1,
    3,
    4,
    6,
    0,
    7,
    5,
    2,
    1,
    3,
    4,
    6,
    0,
    7,
    5,
    2,
    1,
    3,
    4,
    6,
    0,
    7,
    5,
    2,
    1,
    3,
    4,
    6,
    0,
    7,
    5,
    2,
    1,
    3,
    4,
    6,
    0,
};

static const ffx_fsr3upscaler_prepare_inputs_pass_wave64_PermutationInfo g_ffx_fsr3upscaler_prepare_inputs_pass_wave64_PermutationInfo[] = {
    { g_ffx_fsr3upscaler_prepare_inputs_pass_wave64_b1eded381d02f7d2915beeccab5101b4_size, g_ffx_fsr3upscaler_prepare_inputs_pass_wave64_b1eded381d02f7d2915beeccab5101b4_data, 1, g_ffx_fsr3upscaler_prepare_inputs_pass_wave64_b1eded381d02f7d2915beeccab5101b4_CBVResourceNames, g_ffx_fsr3upscaler_prepare_inputs_pass_wave64_b1eded381d02f7d2915beeccab5101b4_CBVResourceBindings, g_ffx_fsr3upscaler_prepare_inputs_pass_wave64_b1eded381d02f7d2915beeccab5101b4_CBVResourceCounts, g_ffx_fsr3upscaler_prepare_inputs_pass_wave64_b1eded381d02f7d2915beeccab5101b4_CBVResourceSets, 3, g_ffx_fsr3upscaler_prepare_inputs_pass_wave64_b1eded381d02f7d2915beeccab5101b4_TextureSRVResourceNames, g_ffx_fsr3upscaler_prepare_inputs_pass_wave64_b1eded381d02f7d2915beeccab5101b4_TextureSRVResourceBindings, g_ffx_fsr3upscaler_prepare_inputs_pass_wave64_b1eded381d02f7d2915beeccab5101b4_TextureSRVResourceCounts, g_ffx_fsr3upscaler_prepare_inputs_pass_wave64_b1eded381d02f7d2915beeccab5101b4_TextureSRVResourceSets, 5, g_ffx_fsr3upscaler_prepare_inputs_pass_wave64_b1eded381d02f7d2915beeccab5101b4_TextureUAVResourceNames, g_ffx_fsr3upscaler_prepare_inputs_pass_wave64_b1eded381d02f7d2915beeccab5101b4_TextureUAVResourceBindings, g_ffx_fsr3upscaler_prepare_inputs_pass_wave64_b1eded381d02f7d2915beeccab5101b4_TextureUAVResourceCounts, g_ffx_fsr3upscaler_prepare_inputs_pass_wave64_b1eded381d02f7d2915beeccab5101b4_TextureUAVResourceSets, 0, 0, 0, 0, 0, 0, 0, 0, 0, 0, 0, 0, 0, 0, 0, 0, 0, 0, 0, 0, },
    { g_ffx_fsr3upscaler_prepare_inputs_pass_wave64_09bb7aef81ffe1d6e011e313a7338a34_size, g_ffx_fsr3upscaler_prepare_inputs_pass_wave64_09bb7aef81ffe1d6e011e313a7338a34_data, 1, g_ffx_fsr3upscaler_prepare_inputs_pass_wave64_09bb7aef81ffe1d6e011e313a7338a34_CBVResourceNames, g_ffx_fsr3upscaler_prepare_inputs_pass_wave64_09bb7aef81ffe1d6e011e313a7338a34_CBVResourceBindings, g_ffx_fsr3upscaler_prepare_inputs_pass_wave64_09bb7aef81ffe1d6e011e313a7338a34_CBVResourceCounts, g_ffx_fsr3upscaler_prepare_inputs_pass_wave64_09bb7aef81ffe1d6e011e313a7338a34_CBVResourceSets, 3, g_ffx_fsr3upscaler_prepare_inputs_pass_wave64_09bb7aef81ffe1d6e011e313a7338a34_TextureSRVResourceNames, g_ffx_fsr3upscaler_prepare_inputs_pass_wave64_09bb7aef81ffe1d6e011e313a7338a34_TextureSRVResourceBindings, g_ffx_fsr3upscaler_prepare_inputs_pass_wave64_09bb7aef81ffe1d6e011e313a7338a34_TextureSRVResourceCounts, g_ffx_fsr3upscaler_prepare_inputs_pass_wave64_09bb7aef81ffe1d6e011e313a7338a34_TextureSRVResourceSets, 5, g_ffx_fsr3upscaler_prepare_inputs_pass_wave64_09bb7aef81ffe1d6e011e313a7338a34_TextureUAVResourceNames, g_ffx_fsr3upscaler_prepare_inputs_pass_wave64_09bb7aef81ffe1d6e011e313a7338a34_TextureUAVResourceBindings, g_ffx_fsr3upscaler_prepare_inputs_pass_wave64_09bb7aef81ffe1d6e011e313a7338a34_TextureUAVResourceCounts, g_ffx_fsr3upscaler_prepare_inputs_pass_wave64_09bb7aef81ffe1d6e011e313a7338a34_TextureUAVResourceSets, 0, 0, 0, 0, 0, 0, 0, 0, 0, 0, 0, 0, 0, 0, 0, 0, 0, 0, 0, 0, },
    { g_ffx_fsr3upscaler_prepare_inputs_pass_wave64_4b3222f86f441f7a643de482cbdd2957_size, g_ffx_fsr3upscaler_prepare_inputs_pass_wave64_4b3222f86f441f7a643de482cbdd2957_data, 1, g_ffx_fsr3upscaler_prepare_inputs_pass_wave64_4b3222f86f441f7a643de482cbdd2957_CBVResourceNames, g_ffx_fsr3upscaler_prepare_inputs_pass_wave64_4b3222f86f441f7a643de482cbdd2957_CBVResourceBindings, g_ffx_fsr3upscaler_prepare_inputs_pass_wave64_4b3222f86f441f7a643de482cbdd2957_CBVResourceCounts, g_ffx_fsr3upscaler_prepare_inputs_pass_wave64_4b3222f86f441f7a643de482cbdd2957_CBVResourceSets, 3, g_ffx_fsr3upscaler_prepare_inputs_pass_wave64_4b3222f86f441f7a643de482cbdd2957_TextureSRVResourceNames, g_ffx_fsr3upscaler_prepare_inputs_pass_wave64_4b3222f86f441f7a643de482cbdd2957_TextureSRVResourceBindings, g_ffx_fsr3upscaler_prepare_inputs_pass_wave64_4b3222f86f441f7a643de482cbdd2957_TextureSRVResourceCounts, g_ffx_fsr3upscaler_prepare_inputs_pass_wave64_4b3222f86f441f7a643de482cbdd2957_TextureSRVResourceSets, 5, g_ffx_fsr3upscaler_prepare_inputs_pass_wave64_4b3222f86f441f7a643de482cbdd2957_TextureUAVResourceNames, g_ffx_fsr3upscaler_prepare_inputs_pass_wave64_4b3222f86f441f7a643de482cbdd2957_TextureUAVResourceBindings, g_ffx_fsr3upscaler_prepare_inputs_pass_wave64_4b3222f86f441f7a643de482cbdd2957_TextureUAVResourceCounts, g_ffx_fsr3upscaler_prepare_inputs_pass_wave64_4b3222f86f441f7a643de482cbdd2957_TextureUAVResourceSets, 0, 0, 0, 0, 0, 0, 0, 0, 0, 0, 0, 0, 0, 0, 0, 0, 0, 0, 0, 0, },
    { g_ffx_fsr3upscaler_prepare_inputs_pass_wave64_72e6f3b386361a7d5461983e6938c45f_size, g_ffx_fsr3upscaler_prepare_inputs_pass_wave64_72e6f3b386361a7d5461983e6938c45f_data, 1, g_ffx_fsr3upscaler_prepare_inputs_pass_wave64_72e6f3b386361a7d5461983e6938c45f_CBVResourceNames, g_ffx_fsr3upscaler_prepare_inputs_pass_wave64_72e6f3b386361a7d5461983e6938c45f_CBVResourceBindings, g_ffx_fsr3upscaler_prepare_inputs_pass_wave64_72e6f3b386361a7d5461983e6938c45f_CBVResourceCounts, g_ffx_fsr3upscaler_prepare_inputs_pass_wave64_72e6f3b386361a7d5461983e6938c45f_CBVResourceSets, 3, g_ffx_fsr3upscaler_prepare_inputs_pass_wave64_72e6f3b386361a7d5461983e6938c45f_TextureSRVResourceNames, g_ffx_fsr3upscaler_prepare_inputs_pass_wave64_72e6f3b386361a7d5461983e6938c45f_TextureSRVResourceBindings, g_ffx_fsr3upscaler_prepare_inputs_pass_wave64_72e6f3b386361a7d5461983e6938c45f_TextureSRVResourceCounts, g_ffx_fsr3upscaler_prepare_inputs_pass_wave64_72e6f3b386361a7d5461983e6938c45f_TextureSRVResourceSets, 5, g_ffx_fsr3upscaler_prepare_inputs_pass_wave64_72e6f3b386361a7d5461983e6938c45f_TextureUAVResourceNames, g_ffx_fsr3upscaler_prepare_inputs_pass_wave64_72e6f3b386361a7d5461983e6938c45f_TextureUAVResourceBindings, g_ffx_fsr3upscaler_prepare_inputs_pass_wave64_72e6f3b386361a7d5461983e6938c45f_TextureUAVResourceCounts, g_ffx_fsr3upscaler_prepare_inputs_pass_wave64_72e6f3b386361a7d5461983e6938c45f_TextureUAVResourceSets, 0, 0, 0, 0, 0, 0, 0, 0, 0, 0, 0, 0, 0, 0, 0, 0, 0, 0, 0, 0, },
    { g_ffx_fsr3upscaler_prepare_inputs_pass_wave64_fda78162e88f582912ebf303f95c65b5_size, g_ffx_fsr3upscaler_prepare_inputs_pass_wave64_fda78162e88f582912ebf303f95c65b5_data, 1, g_ffx_fsr3upscaler_prepare_inputs_pass_wave64_fda78162e88f582912ebf303f95c65b5_CBVResourceNames, g_ffx_fsr3upscaler_prepare_inputs_pass_wave64_fda78162e88f582912ebf303f95c65b5_CBVResourceBindings, g_ffx_fsr3upscaler_prepare_inputs_pass_wave64_fda78162e88f582912ebf303f95c65b5_CBVResourceCounts, g_ffx_fsr3upscaler_prepare_inputs_pass_wave64_fda78162e88f582912ebf303f95c65b5_CBVResourceSets, 3, g_ffx_fsr3upscaler_prepare_inputs_pass_wave64_fda78162e88f582912ebf303f95c65b5_TextureSRVResourceNames, g_ffx_fsr3upscaler_prepare_inputs_pass_wave64_fda78162e88f582912ebf303f95c65b5_TextureSRVResourceBindings, g_ffx_fsr3upscaler_prepare_inputs_pass_wave64_fda78162e88f582912ebf303f95c65b5_TextureSRVResourceCounts, g_ffx_fsr3upscaler_prepare_inputs_pass_wave64_fda78162e88f582912ebf303f95c65b5_TextureSRVResourceSets, 5, g_ffx_fsr3upscaler_prepare_inputs_pass_wave64_fda78162e88f582912ebf303f95c65b5_TextureUAVResourceNames, g_ffx_fsr3upscaler_prepare_inputs_pass_wave64_fda78162e88f582912ebf303f95c65b5_TextureUAVResourceBindings, g_ffx_fsr3upscaler_prepare_inputs_pass_wave64_fda78162e88f582912ebf303f95c65b5_TextureUAVResourceCounts, g_ffx_fsr3upscaler_prepare_inputs_pass_wave64_fda78162e88f582912ebf303f95c65b5_TextureUAVResourceSets, 0, 0, 0, 0, 0, 0, 0, 0, 0, 0, 0, 0, 0, 0, 0, 0, 0, 0, 0, 0, },
    { g_ffx_fsr3upscaler_prepare_inputs_pass_wave64_431a83bd66ea806fd1845836eb9a5ffb_size, g_ffx_fsr3upscaler_prepare_inputs_pass_wave64_431a83bd66ea806fd1845836eb9a5ffb_data, 1, g_ffx_fsr3upscaler_prepare_inputs_pass_wave64_431a83bd66ea806fd1845836eb9a5ffb_CBVResourceNames, g_ffx_fsr3upscaler_prepare_inputs_pass_wave64_431a83bd66ea806fd1845836eb9a5ffb_CBVResourceBindings, g_ffx_fsr3upscaler_prepare_inputs_pass_wave64_431a83bd66ea806fd1845836eb9a5ffb_CBVResourceCounts, g_ffx_fsr3upscaler_prepare_inputs_pass_wave64_431a83bd66ea806fd1845836eb9a5ffb_CBVResourceSets, 3, g_ffx_fsr3upscaler_prepare_inputs_pass_wave64_431a83bd66ea806fd1845836eb9a5ffb_TextureSRVResourceNames, g_ffx_fsr3upscaler_prepare_inputs_pass_wave64_431a83bd66ea806fd1845836eb9a5ffb_TextureSRVResourceBindings, g_ffx_fsr3upscaler_prepare_inputs_pass_wave64_431a83bd66ea806fd1845836eb9a5ffb_TextureSRVResourceCounts, g_ffx_fsr3upscaler_prepare_inputs_pass_wave64_431a83bd66ea806fd1845836eb9a5ffb_TextureSRVResourceSets, 5, g_ffx_fsr3upscaler_prepare_inputs_pass_wave64_431a83bd66ea806fd1845836eb9a5ffb_TextureUAVResourceNames, g_ffx_fsr3upscaler_prepare_inputs_pass_wave64_431a83bd66ea806fd1845836eb9a5ffb_TextureUAVResourceBindings, g_ffx_fsr3upscaler_prepare_inputs_pass_wave64_431a83bd66ea806fd1845836eb9a5ffb_TextureUAVResourceCounts, g_ffx_fsr3upscaler_prepare_inputs_pass_wave64_431a83bd66ea806fd1845836eb9a5ffb_TextureUAVResourceSets, 0, 0, 0, 0, 0, 0, 0, 0, 0, 0, 0, 0, 0, 0, 0, 0, 0, 0, 0, 0, },
    { g_ffx_fsr3upscaler_prepare_inputs_pass_wave64_6619e0b8c65786c786e04962420180d3_size, g_ffx_fsr3upscaler_prepare_inputs_pass_wave64_6619e0b8c65786c786e04962420180d3_data, 1, g_ffx_fsr3upscaler_prepare_inputs_pass_wave64_6619e0b8c65786c786e04962420180d3_CBVResourceNames, g_ffx_fsr3upscaler_prepare_inputs_pass_wave64_6619e0b8c65786c786e04962420180d3_CBVResourceBindings, g_ffx_fsr3upscaler_prepare_inputs_pass_wave64_6619e0b8c65786c786e04962420180d3_CBVResourceCounts, g_ffx_fsr3upscaler_prepare_inputs_pass_wave64_6619e0b8c65786c786e04962420180d3_CBVResourceSets, 3, g_ffx_fsr3upscaler_prepare_inputs_pass_wave64_6619e0b8c65786c786e04962420180d3_TextureSRVResourceNames, g_ffx_fsr3upscaler_prepare_inputs_pass_wave64_6619e0b8c65786c786e04962420180d3_TextureSRVResourceBindings, g_ffx_fsr3upscaler_prepare_inputs_pass_wave64_6619e0b8c65786c786e04962420180d3_TextureSRVResourceCounts, g_ffx_fsr3upscaler_prepare_inputs_pass_wave64_6619e0b8c65786c786e04962420180d3_TextureSRVResourceSets, 5, g_ffx_fsr3upscaler_prepare_inputs_pass_wave64_6619e0b8c65786c786e04962420180d3_TextureUAVResourceNames, g_ffx_fsr3upscaler_prepare_inputs_pass_wave64_6619e0b8c65786c786e04962420180d3_TextureUAVResourceBindings, g_ffx_fsr3upscaler_prepare_inputs_pass_wave64_6619e0b8c65786c786e04962420180d3_TextureUAVResourceCounts, g_ffx_fsr3upscaler_prepare_inputs_pass_wave64_6619e0b8c65786c786e04962420180d3_TextureUAVResourceSets, 0, 0, 0, 0, 0, 0, 0, 0, 0, 0, 0, 0, 0, 0, 0, 0, 0, 0, 0, 0, },
    { g_ffx_fsr3upscaler_prepare_inputs_pass_wave64_29b03ce903d1bf08767246ea1322dec3_size, g_ffx_fsr3upscaler_prepare_inputs_pass_wave64_29b03ce903d1bf08767246ea1322dec3_data, 1, g_ffx_fsr3upscaler_prepare_inputs_pass_wave64_29b03ce903d1bf08767246ea1322dec3_CBVResourceNames, g_ffx_fsr3upscaler_prepare_inputs_pass_wave64_29b03ce903d1bf08767246ea1322dec3_CBVResourceBindings, g_ffx_fsr3upscaler_prepare_inputs_pass_wave64_29b03ce903d1bf08767246ea1322dec3_CBVResourceCounts, g_ffx_fsr3upscaler_prepare_inputs_pass_wave64_29b03ce903d1bf08767246ea1322dec3_CBVResourceSets, 3, g_ffx_fsr3upscaler_prepare_inputs_pass_wave64_29b03ce903d1bf08767246ea1322dec3_TextureSRVResourceNames, g_ffx_fsr3upscaler_prepare_inputs_pass_wave64_29b03ce903d1bf08767246ea1322dec3_TextureSRVResourceBindings, g_ffx_fsr3upscaler_prepare_inputs_pass_wave64_29b03ce903d1bf08767246ea1322dec3_TextureSRVResourceCounts, g_ffx_fsr3upscaler_prepare_inputs_pass_wave64_29b03ce903d1bf08767246ea1322dec3_TextureSRVResourceSets, 5, g_ffx_fsr3upscaler_prepare_inputs_pass_wave64_29b03ce903d1bf08767246ea1322dec3_TextureUAVResourceNames, g_ffx_fsr3upscaler_prepare_inputs_pass_wave64_29b03ce903d1bf08767246ea1322dec3_TextureUAVResourceBindings, g_ffx_fsr3upscaler_prepare_inputs_pass_wave64_29b03ce903d1bf08767246ea1322dec3_TextureUAVResourceCounts, g_ffx_fsr3upscaler_prepare_inputs_pass_wave64_29b03ce903d1bf08767246ea1322dec3_TextureUAVResourceSets, 0, 0, 0, 0, 0, 0, 0, 0, 0, 0, 0, 0, 0, 0, 0, 0, 0, 0, 0, 0, },
};

